#usda 1.0
(
    defaultPrim = "E27_Bulb"
    metersPerUnit = 1
    upAxis = "Z"
)

def Xform "E27_Bulb" (
    prepend apiSchemas = ["PhysicsRigidBodyAPI", "PhysicsMassAPI"]
)
{
    bool physics:kinematicEnabled = 0
    bool physics:rigidBodyEnabled = 1
    float physics:mass = 0.0336

    def Mesh "visual"
    {
        uniform bool doubleSided = 0
        uniform token subdivisionScheme = "none"
        point3f[] points = [
            (0.00586913247, 0.00459515024, -0.0547933477),
            (0.00634677522, 0.00389661896, -0.0547933477),
            (0.0037654771, 0.00234003831, -0.0589999997),
            (0.00348209636, 0.00275446987, -0.0589999997),
            (0.00704869395, 0.00235963217, -0.0547933477),
            (0.00726381876, 0.00154121325, -0.0547933472),
            (0.00430954946, 0.00094259996, -0.0589999994),
            (0.00418191776, 0.00142815965, -0.0589999995),
            (0.000423110032, -0.00732997479, -0.0547933458),
            (-0.000423110061, -0.00732997479, -0.0547933458),
            (-0.000251026882, -0.00432058517, -0.0589999986),
            (0.000251026853, -0.00432058517, -0.0589999986),
            (0.00288505037, -0.00675747544, -0.0547933458),
            (0.00208804267, -0.00704184733, -0.0547933458),
            (0.00123881432, -0.00414964231, -0.0589999986),
            (0.00171167089, -0.00398092717, -0.0589999986),
            (0.00501142675, -0.00539093651, -0.0547933463),
            (0.00435633259, -0.00592660438, -0.0547933463),
            (0.00258456753, -0.00348797999, -0.0589999987),
            (0.00297322846, -0.00317017338, -0.0589999988),
            (0.00400692411, 0.00630426919, -0.0547933482),
            (0.00469153048, 0.00580687355, -0.0547933482),
            (0.00278343726, 0.00347337266, -0.0589999998),
            (0.00237726723, 0.00376847247, -0.0589999999),
            (0.00249060825, 0.00704979151, -0.0547933482),
            (0.00327008148, 0.00672038319, -0.0547933482),
            (0.00194010604, 0.00401534885, -0.0589999999),
            (0.00147765246, 0.00421078317, -0.059),
            (-0.00704869395, 0.00235963217, -0.0547933477),
            (-0.00674167881, 0.00314819417, -0.0547933477),
            (-0.00399976922, 0.00189600547, -0.0589999996),
            (-0.00418191776, 0.00142815965, -0.0589999995),
            (0.00655491743, -0.00338930171, -0.0547933468),
            (0.00611793157, -0.00411396148, -0.0547933463),
            (0.00362970633, -0.00241255714, -0.0589999989),
            (0.00388896558, -0.00198262418, -0.058999999),
            (0.00364444661, -0.00638410542, -0.0547933463),
            (0.00216221297, -0.00375941047, -0.0589999987),
            (0.00690645026, -0.00261955266, -0.0547933468),
            (0.00409752643, -0.00152593991, -0.058999999),
            (-0.00400692411, 0.00630426919, -0.0547933482),
            (-0.00327008148, 0.00672038319, -0.0547933482),
            (-0.00194010604, 0.00401534885, -0.0589999999),
            (-0.00237726723, 0.00376847247, -0.0589999999),
            (-0.00469153048, 0.00580687355, -0.0547933482),
            (-0.00278343726, 0.00347337266, -0.0589999998),
            (-0.0016786661, 0.00728819938, -0.0547933482),
            (-0.000844840019, 0.0074324985, -0.0547933482),
            (-0.000501234957, 0.00443783961, -0.059),
            (-0.000995935523, 0.00435222825, -0.059),
            (-0.00586913247, 0.00459515024, -0.0547933477),
            (-0.00531497598, 0.00523468107, -0.0547933482),
            (-0.00315332087, 0.00313389674, -0.0589999998),
            (-0.00348209636, 0.00275446987, -0.0589999997),
            (0.00126381416, -0.00723351259, -0.0547933458),
            (0.000749808096, -0.00426335493, -0.0589999986),
            (-1.04859194e-11, 0.00748080807, -0.0547933482),
            (-5.2284223e-12, 0.00446650106, -0.059),
            (0.00733599719, -0.00098538422, -0.0547933468),
            (0.00716794655, -0.00181474979, -0.0547933468),
            (0.0042526694, -0.00104845862, -0.0589999991),
            (0.00435237214, -0.000556404411, -0.0589999992),
            (0.00084483996, 0.0074324985, -0.0547933482),
            (0.0016786661, 0.00728819938, -0.0547933482),
            (0.000995935523, 0.00435222825, -0.059),
            (0.000501234899, 0.00443783961, -0.059),
            (-0.00560118863, -0.00478408486, -0.0547933463),
            (-0.00611793157, -0.00411396148, -0.0547933463),
            (-0.00362970633, -0.00241255714, -0.0589999989),
            (-0.00332312821, -0.00281013479, -0.0589999988),
            (0.00674167881, 0.00314819417, -0.0547933477),
            (0.00399976922, 0.00189600547, -0.0589999996),
            (-0.00634677522, 0.00389661896, -0.0547933477),
            (-0.0037654771, 0.00234003831, -0.0589999997),
            (-0.0074084131, -0.000142268371, -0.0547933472),
            (-0.00738424761, 0.000703606638, -0.0547933472),
            (-0.00438099867, 0.000445656653, -0.0589999994),
            (-0.00439533591, -5.61923989e-05, -0.0589999993),
            (-0.00690645026, -0.00261955266, -0.0547933468),
            (-0.00716794655, -0.00181474979, -0.0547933468),
            (-0.0042526694, -0.00104845862, -0.0589999991),
            (-0.00409752643, -0.00152593991, -0.058999999),
            (-0.00364444661, -0.00638410542, -0.0547933463),
            (-0.00435633259, -0.00592660438, -0.0547933463),
            (-0.00258456753, -0.00348797999, -0.0589999987),
            (-0.00216221297, -0.00375941047, -0.0589999987),
            (-0.00726381876, 0.00154121325, -0.0547933472),
            (-0.00430954946, 0.00094259996, -0.0589999994),
            (-0.00655491743, -0.00338930171, -0.0547933468),
            (-0.00388896558, -0.00198262418, -0.058999999),
            (0.00738424761, 0.000703606638, -0.0547933472),
            (0.0074084131, -0.000142268371, -0.0547933472),
            (0.00439533591, -5.61923989e-05, -0.0589999993),
            (0.00438099867, 0.000445656653, -0.0589999994),
            (-0.00126381416, -0.00723351259, -0.0547933458),
            (-0.000749808096, -0.00426335493, -0.0589999986),
            (-0.00208804267, -0.00704184733, -0.0547933458),
            (-0.00288505037, -0.00675747544, -0.0547933458),
            (-0.00171167089, -0.00398092717, -0.0589999986),
            (-0.00123881432, -0.00414964231, -0.0589999986),
            (-0.00249060825, 0.00704979151, -0.0547933482),
            (-0.00147765246, 0.00421078317, -0.059),
            (-0.00733599719, -0.00098538422, -0.0547933468),
            (-0.00435237214, -0.000556404411, -0.0589999992),
            (0.00560118863, -0.00478408486, -0.0547933463),
            (0.00332312821, -0.00281013479, -0.0589999988),
            (-0.00501142675, -0.00539093651, -0.0547933463),
            (-0.00297322846, -0.00317017338, -0.0589999988),
            (0.00531497598, 0.00523468107, -0.0547933482),
            (0.00315332087, 0.00313389674, -0.0589999998),
            (8.0385081e-07, 7.39350871e-05, -0.0349470597),
            (0, 7.40054165e-05, -0.0349470597),
            (0, 6.93762195e-05, -0.0349470597),
            (1.58327703e-06, 7.3726238e-05, -0.0349470597),
            (2.31459626e-06, 7.33852212e-05, -0.0349470597),
            (-8.0385081e-07, 7.39350871e-05, -0.0349470597),
            (-1.58327703e-06, 7.3726238e-05, -0.0349470597),
            (-2.31459626e-06, 7.33852212e-05, -0.0349470597),
            (-3.54616714e-06, 7.23518096e-05, -0.0349470597),
            (-4.00899853e-06, 7.1690818e-05, -0.0349470597),
            (-4.35001766e-06, 7.0959497e-05, -0.0349470597),
            (-4.55886448e-06, 7.01800745e-05, -0.0349470597),
            (-4.62919206e-06, 6.93762195e-05, -0.0349470597),
            (-4.35001812e-06, 6.77929493e-05, -0.0349470597),
            (-4.00899899e-06, 6.70616282e-05, -0.0349470597),
            (-4.55886448e-06, 6.85723717e-05, -0.0349470597),
            (-3.54616759e-06, 6.64006366e-05, -0.0349470597),
            (-2.9755879e-06, 6.5830056e-05, -0.0349470597),
            (-8.03851208e-07, 6.48173591e-05, -0.0349470597),
            (-4.04696838e-13, 6.47470297e-05, -0.0349470597),
            (-1.58327748e-06, 6.50262082e-05, -0.0349470597),
            (8.03850412e-07, 6.48173591e-05, -0.0349470597),
            (1.58327668e-06, 6.50262082e-05, -0.0349470597),
            (2.31459603e-06, 6.5367225e-05, -0.0349470597),
            (3.54616759e-06, 6.64006366e-05, -0.0349470597),
            (4.00899899e-06, 6.70616282e-05, -0.0349470597),
            (2.9755879e-06, 6.5830056e-05, -0.0349470597),
            (4.35001812e-06, 6.77929493e-05, -0.0349470597),
            (4.55886448e-06, 6.85723717e-05, -0.0349470597),
            (4.62919206e-06, 6.93762267e-05, -0.0349470597),
            (4.35001766e-06, 7.0959497e-05, -0.0349470597),
            (4.00899853e-06, 7.1690818e-05, -0.0349470597),
            (4.55886448e-06, 7.01800745e-05, -0.0349470597),
            (3.54616714e-06, 7.23518096e-05, -0.0349470597),
            (-0.00668229023, 0.0104672229, -0.0312940065),
            (-0.00668229023, 0.010467222, -0.0349762697),
            (-0.00782399811, 0.00963772368, -0.0312940065),
            (-0.000705614453, -0.0122704087, -0.0312940028),
            (-0.000705614453, -0.0122704096, -0.034976266),
            (0.000705614453, -0.0122704087, -0.0312940028),
            (0.0060777911, -0.010692995, -0.0312940028),
            (0.0060777911, -0.010692996, -0.035005476),
            (0.00726499269, -0.00993002765, -0.0312940028),
            (0.00140892749, 0.0123487543, -0.0312940065),
            (0.00140892749, 0.0123487543, -0.0350054797),
            (0, 0.0124293203, -0.0312940065),
            (-2.23363539e-18, 0.00918888208, -0.0542248852),
            (-0.00103954575, 0.00912943948, -0.0542248852),
            (-0.00104626175, 0.00918797217, -0.0541664675),
            (-0.00493037887, 0.00774119189, -0.0542248852),
            (-0.00577276293, 0.00712916441, -0.0542248852),
            (-0.0057914108, 0.00715196971, -0.0541956761),
            (-0.00052062195, -0.00903526321, -0.0542248824),
            (0.00052062195, -0.00903526321, -0.0542248824),
            (0.000522303686, -0.00906467345, -0.0541956738),
            (0.00536031323, -0.00730846496, -0.0542248828),
            (0.00616638316, -0.00664934469, -0.0542248828),
            (0.00620622141, -0.00669275085, -0.0541664652),
            (-0.0054534683, 0.01116117, -0.0312940065),
            (-0.0054534683, 0.01116117, -0.035034686),
            (-0.00415355153, 0.0117105199, -0.0312940065),
            (-0.00415355153, 0.011710519, -0.0350931041),
            (-0.00279948744, 0.012108109, -0.0312940065),
            (-0.00279948744, 0.012108109, -0.0351515222),
            (-0.00140892749, 0.0123487543, -0.0312940065),
            (-0.00140892749, 0.0123487543, -0.0352099404),
            (-3.02731312e-18, 0.0124293193, -0.0352683567),
            (-0.00210764469, -0.0121095413, -0.0312940028),
            (-0.00210764469, -0.0121095423, -0.0350346822),
            (-0.00348219858, -0.0117899021, -0.0312940028),
            (-0.00348219858, -0.0117899021, -0.0350931004),
            (-0.00481135678, -0.0113156596, -0.0312940028),
            (-0.00481135678, -0.0113156596, -0.0351515185),
            (-0.0060777911, -0.010692995, -0.0312940028),
            (-0.0060777911, -0.010692996, -0.0352099367),
            (-0.00726499269, -0.00993002765, -0.0312940028),
            (-0.00726499269, -0.00993002858, -0.0352683529),
            (-0.00835748389, -0.0090367021, -0.0312940028),
            (-0.00835748389, -0.00903670304, -0.0353267711),
            (-0.009341022, -0.0080246646, -0.0312940028),
            (-0.009341022, -0.00802466553, -0.0353851892),
            (-0.010202786, -0.00690710917, -0.0312940028),
            (-0.010202786, -0.0069071101, -0.0354436074),
            (-0.0109315412, -0.00569860497, -0.0312940028),
            (-0.0109315412, -0.00569860591, -0.0355020255),
            (-0.0115177864, -0.00441490579, -0.0312940028),
            (-0.0115177864, -0.00441490673, -0.0355604455),
            (-0.0119538801, -0.0030727475, -0.0312940028),
            (-0.0119538801, -0.00307274819, -0.0356188618),
            (-0.0122341365, -0.00168962649, -0.0312940046),
            (-0.0122341365, -0.0016896273, -0.0356772799),
            (-0.0123549029, -0.000283574365, -0.0312940046),
            (-0.0123549029, -0.000283575093, -0.0357356981),
            (-0.0123146046, 0.00112707913, -0.0312940046),
            (-0.0123146046, 0.00112707843, -0.0357941162),
            (-0.0121137658, 0.00252394378, -0.0312940046),
            (-0.0121137658, 0.00252394285, -0.0358525343),
            (-0.0117550045, 0.00388880935, -0.0312940046),
            (-0.0117550045, 0.00388880866, -0.0359109506),
            (-0.0112430006, 0.00520388316, -0.0312940046),
            (-0.0112430006, 0.00520388223, -0.0359693688),
            (-0.0105844261, 0.00645202072, -0.0312940046),
            (-0.0105844261, 0.00645201979, -0.0360277869),
            (-0.00978786778, 0.0076169502, -0.0312940046),
            (-0.00978786778, 0.00761694927, -0.0360862032),
            (-0.00886370894, 0.00868348591, -0.0312940065),
            (-0.00886370894, 0.00868348498, -0.0361446232),
            (-0.00782399811, 0.00963772275, -0.0362030413),
            (-0.00668229023, 0.010467222, -0.0362614576),
            (-0.0054534683, 0.01116117, -0.0363198757),
            (-0.00415355153, 0.011710519, -0.0363782939),
            (-0.00279948744, 0.012108108, -0.036436712),
            (-0.00140892749, 0.0123487534, -0.0364951283),
            (-3.02731312e-18, 0.0124293193, -0.0365535464),
            (0.00481135678, -0.0113156596, -0.0312940028),
            (0.00481135678, -0.0113156596, -0.0350638922),
            (0.00348219858, -0.0117899021, -0.0312940028),
            (0.00348219858, -0.011789903, -0.0351223104),
            (0.00210764469, -0.0121095413, -0.0312940028),
            (0.00210764469, -0.0121095423, -0.0351807285),
            (0.000705614453, -0.0122704096, -0.0352391448),
            (-0.000705614453, -0.0122704096, -0.0352975629),
            (-0.00210764469, -0.0121095423, -0.0353559811),
            (-0.00348219858, -0.011789903, -0.0354143992),
            (-0.00481135678, -0.0113156596, -0.0354728155),
            (-0.0060777911, -0.010692996, -0.0355312336),
            (-0.00726499269, -0.00993002858, -0.0355896518),
            (-0.00835748389, -0.00903670304, -0.0356480699),
            (-0.009341022, -0.00802466553, -0.0357064862),
            (-0.010202786, -0.0069071101, -0.0357649043),
            (-0.0109315412, -0.00569860591, -0.0358233225),
            (-0.0115177864, -0.00441490673, -0.0358817406),
            (-0.0119538801, -0.00307274819, -0.0359401588),
            (-0.0122341365, -0.0016896273, -0.0359985769),
            (-0.0123549029, -0.000283575151, -0.0360569932),
            (-0.0123146046, 0.00112707831, -0.0361154113),
            (-0.0121137658, 0.00252394285, -0.0361738313),
            (-0.0117550045, 0.00388880866, -0.0362322476),
            (-0.0112430006, 0.00520388223, -0.0362906657),
            (-0.0105844261, 0.00645201979, -0.0363490839),
            (-0.00978786778, 0.00761694927, -0.036407502),
            (-0.00886370894, 0.00868348498, -0.0364659202),
            (-0.00782399811, 0.00963772275, -0.0365243364),
            (-0.00668229023, 0.010467222, -0.0365827546),
            (-0.0054534683, 0.01116117, -0.0366411727),
            (-0.00415355153, 0.011710519, -0.0366995908),
            (-0.00279948744, 0.012108108, -0.036758009),
            (-0.00140892749, 0.0123487534, -0.0368164253),
            (-3.02731312e-18, 0.0124293193, -0.0368748434),
            (0.00279948744, 0.012108109, -0.0312940065),
            (0.00279948744, 0.012108109, -0.035063896),
            (0.00415355153, 0.0117105199, -0.0312940065),
            (0.00415355153, 0.011710519, -0.0351223141),
            (0.0054534683, 0.01116117, -0.0312940065),
            (0.0054534683, 0.01116117, -0.0351807323),
            (0.00668229023, 0.0104672229, -0.0312940065),
            (0.00668229023, 0.010467222, -0.0352391485),
            (0.00782399811, 0.00963772368, -0.0312940065),
            (0.00782399811, 0.00963772275, -0.0352975667),
            (0.00886370894, 0.00868348591, -0.0312940065),
            (0.00886370894, 0.00868348498, -0.0353559848),
            (0.00978786778, 0.0076169502, -0.0312940046),
            (0.00978786778, 0.00761694927, -0.0354144011),
            (0.0105844261, 0.00645202072, -0.0312940046),
            (0.0105844261, 0.00645201979, -0.0354728192),
            (0.0112430006, 0.00520388316, -0.0312940046),
            (0.0112430006, 0.00520388223, -0.0355312355),
            (0.0117550045, 0.00388880935, -0.0312940046),
            (0.0117550045, 0.00388880866, -0.0355896536),
            (0.0121137658, 0.00252394378, -0.0312940046),
            (0.0121137658, 0.00252394308, -0.0356480718),
            (0.0123146046, 0.00112707913, -0.0312940046),
            (0.0123146046, 0.00112707843, -0.0357064881),
            (0.0123549029, -0.000283574365, -0.0312940046),
            (0.0123549029, -0.000283575093, -0.0357649062),
            (0.0122341365, -0.00168962649, -0.0312940046),
            (0.0122341365, -0.0016896273, -0.0358233225),
            (0.0119538801, -0.0030727475, -0.0312940028),
            (0.0119538801, -0.00307274819, -0.0358817406),
            (0.0115177864, -0.00441490579, -0.0312940028),
            (0.0115177864, -0.00441490673, -0.0359401588),
            (0.0109315412, -0.00569860497, -0.0312940028),
            (0.0109315412, -0.00569860591, -0.035998575),
            (0.010202786, -0.00690710917, -0.0312940028),
            (0.010202786, -0.0069071101, -0.0360569932),
            (0.009341022, -0.0080246646, -0.0312940028),
            (0.009341022, -0.00802466553, -0.0361154094),
            (0.00835748389, -0.0090367021, -0.0312940028),
            (0.00835748389, -0.00903670304, -0.0361738295),
            (0.00726499269, -0.00993002858, -0.0362322457),
            (0.0060777911, -0.010692996, -0.0362906639),
            (0.00481135678, -0.0113156606, -0.036349082),
            (0.00348219858, -0.011789903, -0.0364074983),
            (0.00210764469, -0.0121095423, -0.0364659164),
            (0.000705614453, -0.0122704096, -0.0365243346),
            (-0.000705614453, -0.0122704096, -0.0365827508),
            (-0.00210764469, -0.0121095423, -0.036641169),
            (-0.00348219858, -0.011789903, -0.0366995871),
            (-0.00481135678, -0.0113156606, -0.0367580034),
            (-0.0060777911, -0.010692996, -0.0368164215),
            (-0.00726499269, -0.00993002858, -0.0368748397),
            (-0.00835748389, -0.00903670304, -0.0369332578),
            (-0.009341022, -0.00802466553, -0.036991676),
            (-0.010202786, -0.0069071101, -0.0370500922),
            (-0.0109315412, -0.00569860637, -0.0371085104),
            (-0.0115177864, -0.00441490673, -0.0371669285),
            (-0.0119538801, -0.00307274843, -0.0372253467),
            (-0.0122341365, -0.00168962753, -0.0372837648),
            (-0.0123549029, -0.000283575355, -0.0373421829),
            (-0.0123146046, 0.00112707808, -0.0374006011),
            (-0.0121137658, 0.00252394262, -0.0374590192),
            (-0.0117550045, 0.00388880842, -0.0375174374),
            (-0.0112430006, 0.00520388223, -0.0375758536),
            (-0.0105844261, 0.00645201933, -0.0376342718),
            (-0.00978786778, 0.0076169488, -0.0376926899),
            (-0.00886370894, 0.00868348498, -0.0377511081),
            (-0.00782399811, 0.00963772275, -0.0378095262),
            (-0.00668229023, 0.010467222, -0.0378679425),
            (-0.0054534683, 0.011161169, -0.0379263606),
            (-0.00415355153, 0.011710519, -0.0379847787),
            (-0.00279948744, 0.012108108, -0.0380431969),
            (-0.00140892749, 0.0123487534, -0.0381016132),
            (-3.02731312e-18, 0.0124293193, -0.0381600313),
            (0.00140892749, 0.0123487543, -0.0353267748),
            (0.00279948744, 0.012108109, -0.0353851929),
            (0.00415355153, 0.011710519, -0.0354436092),
            (0.0054534683, 0.01116117, -0.0355020274),
            (0.00668229023, 0.010467222, -0.0355604474),
            (0.00782399811, 0.00963772275, -0.0356188636),
            (0.00886370894, 0.00868348498, -0.0356772818),
            (0.00978786778, 0.00761694927, -0.0357356999),
            (0.0105844261, 0.00645201979, -0.0357941162),
            (0.0112430006, 0.00520388223, -0.0358525343),
            (0.0117550045, 0.00388880866, -0.0359109506),
            (0.0121137658, 0.00252394285, -0.0359693688),
            (0.0123146046, 0.00112707831, -0.036027785),
            (0.0123549029, -0.000283575151, -0.0360862032),
            (0.0122341365, -0.0016896273, -0.0361446213),
            (0.0119538801, -0.00307274819, -0.0362030376),
            (0.0115177864, -0.00441490673, -0.0362614557),
            (0.0109315412, -0.00569860591, -0.0363198739),
            (0.010202786, -0.0069071101, -0.0363782901),
            (0.009341022, -0.00802466553, -0.0364367083),
            (0.00835748389, -0.00903670304, -0.0364951246),
            (0.00726499269, -0.00993002858, -0.0365535427),
            (0.0060777911, -0.010692996, -0.0366119608),
            (0.00481135678, -0.0113156606, -0.0366703771),
            (0.00348219858, -0.011789903, -0.0367287953),
            (0.00210764469, -0.0121095423, -0.0367872134),
            (0.000705614453, -0.0122704096, -0.0368456297),
            (-0.000705614453, -0.0122704096, -0.0369040478),
            (-0.00210764469, -0.0121095423, -0.036962466),
            (-0.00348219858, -0.011789903, -0.0370208841),
            (-0.00481135678, -0.0113156606, -0.0370793004),
            (-0.0060777911, -0.010692996, -0.0371377185),
            (-0.00726499269, -0.00993002858, -0.0371961367),
            (-0.00835748389, -0.00903670304, -0.0372545548),
            (-0.009341022, -0.00802466553, -0.0373129729),
            (-0.010202786, -0.0069071101, -0.0373713911),
            (-0.0109315412, -0.00569860637, -0.0374298092),
            (-0.0115177864, -0.00441490673, -0.0374882274),
            (-0.0119538801, -0.00307274843, -0.0375466436),
            (-0.0122341365, -0.00168962753, -0.0376050618),
            (-0.0123549029, -0.000283575413, -0.0376634799),
            (-0.0123146046, 0.00112707808, -0.037721898),
            (-0.0121137658, 0.00252394262, -0.0377803162),
            (-0.0117550045, 0.00388880842, -0.0378387325),
            (-0.0112430006, 0.00520388223, -0.0378971506),
            (-0.0105844261, 0.00645201933, -0.0379555687),
            (-0.00978786778, 0.0076169488, -0.0380139869),
            (-0.00886370894, 0.00868348498, -0.038072405),
            (-0.00782399811, 0.00963772275, -0.0381308232),
            (-0.00668229023, 0.010467222, -0.0381892394),
            (-0.0054534683, 0.011161169, -0.0382476576),
            (-0.00415355153, 0.011710519, -0.0383060757),
            (-0.00279948744, 0.012108108, -0.0383644939),
            (-0.00140892749, 0.0123487534, -0.0384229101),
            (-3.02731312e-18, 0.0124293193, -0.0384813301),
            (0.00140596391, 0.012322925, -0.0366119646),
            (0.00278771017, 0.0120574636, -0.0366703808),
            (0.00412734179, 0.0116370609, -0.036728799),
            (0.00540758483, 0.0110678477, -0.0367872171),
            (0.0066120117, 0.0103578679, -0.0368456334),
            (0.00772525556, 0.0095169656, -0.0369040515),
            (0.00873319991, 0.00855665188, -0.0369624697),
            (0.00962316338, 0.00748994341, -0.037020886),
            (0.0103840558, 0.0063311914, -0.0370793041),
            (0.0110065127, 0.00509588234, -0.0371377222),
            (0.0114830229, 0.00380043616, -0.0371961385),
            (0.0118080014, 0.00246198708, -0.0372545567),
            (0.0119778691, 0.00109815598, -0.0373129748),
            (0.011991079, -0.000273181708, -0.0373713911),
            (0.0118481359, -0.00163412886, -0.0374298092),
            (0.0115515767, -0.00296700164, -0.0374882274),
            (0.0111059342, -0.00425455766, -0.0375466436),
            (0.0105176577, -0.00548022147, -0.0376050618),
            (0.00979503244, -0.00662829634, -0.037663478),
            (0.00894806162, -0.00768416328, -0.0377218962),
            (0.00798831973, -0.00863447227, -0.0377803143),
            (0.00692880433, -0.00946730562, -0.0378387306),
            (0.00578375673, -0.0101723298, -0.0378971487),
            (0.00456847018, -0.0107409218, -0.0379555669),
            (0.00329908612, -0.0111662792, -0.0380139832),
            (0.00199238025, -0.011443493, -0.0380724013),
            (0.000665541098, -0.0115696071, -0.0381308194),
            (-0.000664056919, -0.0115436511, -0.0381892357),
            (-0.00197908049, -0.0113666411, -0.0382476539),
            (-0.00326246349, -0.0110415546, -0.038306072),
            (-0.00449762819, -0.0105732894, -0.0383644901),
            (-0.00566870021, -0.00996858906, -0.0384229064),
            (-0.00676071038, -0.0092359446, -0.0384813264),
            (-0.00775978947, -0.008385472, -0.0385397446),
            (-0.00865334086, -0.00742878718, -0.0385981608),
            (-0.00943020172, -0.00637883088, -0.038656579),
            (-0.0100807799, -0.00524970563, -0.0387149971),
            (-0.0105971741, -0.00405647978, -0.0387734153),
            (-0.0109732663, -0.00281499047, -0.0388318334),
            (-0.0112047987, -0.0015416313, -0.0388902497),
            (-0.0112894177, -0.000253137114, -0.0389486678),
            (-0.0112266904, 0.00103363686, -0.0390070859),
            (-0.0110181142, 0.00230193487, -0.0390655041),
            (-0.0106670773, 0.00353531889, -0.0391239222),
            (-0.01017881, 0.00471788226, -0.0391823385),
            (-0.00956030842, 0.00583445327, -0.0392407566),
            (-0.00882023387, 0.00687079225, -0.0392991748),
            (-0.00796879455, 0.00781377126, -0.0393575929),
            (-0.00701760035, 0.00865153875, -0.0394160111),
            (-0.00597950909, 0.00937367324, -0.0394744273),
            (-0.00486845197, 0.00997130759, -0.0395328455),
            (-0.00369924656, 0.0104372399, -0.0395912636),
            (-0.00248739799, 0.0107660191, -0.0396496818),
            (-0.00124889531, 0.0109540084, -0.0397080999),
            (-2.67709002e-18, 0.0109994253, -0.039766518),
            (0.00140596391, 0.012322925, -0.0369332615),
            (0.00278771017, 0.0120574636, -0.0369916778),
            (0.00412734179, 0.0116370609, -0.037050096),
            (0.00540758483, 0.0110678477, -0.0371085141),
            (0.0066120117, 0.010357867, -0.0371669304),
            (0.00772525556, 0.00951696467, -0.0372253485),
            (0.00873319991, 0.00855665188, -0.0372837667),
            (0.00962316338, 0.00748994341, -0.0373421848),
            (0.0103840558, 0.0063311914, -0.0374006011),
            (0.0110065127, 0.00509588188, -0.0374590192),
            (0.0114830229, 0.00380043592, -0.0375174374),
            (0.0118080014, 0.00246198708, -0.0375758536),
            (0.0119778691, 0.00109815586, -0.0376342718),
            (0.011991079, -0.000273181766, -0.037692688),
            (0.0118481359, -0.00163412886, -0.0377511062),
            (0.0115515767, -0.00296700164, -0.0378095243),
            (0.0111059342, -0.00425455766, -0.0378679406),
            (0.0105176577, -0.00548022194, -0.0379263587),
            (0.00979503244, -0.00662829634, -0.037984775),
            (0.00894806162, -0.00768416328, -0.0380431932),
            (0.00798831973, -0.00863447227, -0.0381016113),
            (0.00692880433, -0.00946730562, -0.0381600276),
            (0.00578375673, -0.0101723298, -0.0382184457),
            (0.00456847018, -0.0107409218, -0.0382768639),
            (0.00329908612, -0.0111662792, -0.0383352801),
            (0.00199238025, -0.011443493, -0.0383936983),
            (0.000665541098, -0.0115696071, -0.0384521164),
            (-0.000664056919, -0.0115436511, -0.0385105346),
            (-0.00197908049, -0.0113666411, -0.0385689527),
            (-0.00326246349, -0.0110415546, -0.038627369),
            (-0.00449762819, -0.0105732894, -0.0386857871),
            (-0.00566870021, -0.00996858906, -0.0387442053),
            (-0.00676071038, -0.0092359446, -0.0388026234),
            (-0.00775978947, -0.008385472, -0.0388610397),
            (-0.00865334086, -0.00742878718, -0.0389194578),
            (-0.00943020172, -0.00637883088, -0.0389778759),
            (-0.0100807799, -0.00524970563, -0.0390362941),
            (-0.0105971741, -0.00405647978, -0.0390947122),
            (-0.0109732663, -0.00281499047, -0.0391531285),
            (-0.0112047987, -0.0015416313, -0.0392115466),
            (-0.0112894177, -0.000253137172, -0.0392699648),
            (-0.0112266904, 0.00103363674, -0.0393283829),
            (-0.0110181142, 0.00230193487, -0.0393868011),
            (-0.0106670773, 0.00353531889, -0.0394452192),
            (-0.01017881, 0.00471788226, -0.0395036355),
            (-0.00956030842, 0.00583445327, -0.0395620536),
            (-0.00882023387, 0.00687079225, -0.0396204736),
            (-0.00796879455, 0.00781377126, -0.0396788899),
            (-0.00701760035, 0.00865153875, -0.039737308),
            (-0.00597950909, 0.00937367324, -0.0397957262),
            (-0.00486845197, 0.00997130759, -0.0398541443),
            (-0.00369924656, 0.0104372399, -0.0399125606),
            (-0.00248739799, 0.0107660191, -0.0399709787),
            (-0.00124889531, 0.0109540084, -0.0400293969),
            (-2.67709002e-18, 0.0109994253, -0.040087815),
            (0.00140892749, 0.0123487534, -0.0382184494),
            (0.00279948744, 0.012108108, -0.0382768676),
            (0.00415355153, 0.011710519, -0.0383352839),
            (0.0054534683, 0.011161169, -0.038393702),
            (0.00668229023, 0.010467222, -0.0384521183),
            (0.00782399811, 0.00963772275, -0.0385105383),
            (0.00886370894, 0.00868348498, -0.0385689546),
            (0.00978786778, 0.0076169488, -0.0386273727),
            (0.0105844261, 0.00645201933, -0.0386857908),
            (0.0112430006, 0.00520388177, -0.0387442071),
            (0.0117550045, 0.00388880819, -0.0388026253),
            (0.0121137658, 0.00252394238, -0.0388610415),
            (0.0123146046, 0.00112707785, -0.0389194597),
            (0.0123549029, -0.000283575617, -0.0389778778),
            (0.0122341365, -0.00168962777, -0.0390362941),
            (0.0119538801, -0.00307274866, -0.0390947122),
            (0.0115177864, -0.00441490719, -0.0391531285),
            (0.0109315412, -0.00569860637, -0.0392115466),
            (0.010202786, -0.00690711057, -0.0392699629),
            (0.009341022, -0.00802466646, -0.0393283811),
            (0.00835748389, -0.00903670397, -0.0393867992),
            (0.00726499269, -0.00993002858, -0.0394452155),
            (0.0060777911, -0.0106929969, -0.0395036336),
            (0.00481135678, -0.0113156606, -0.0395620518),
            (0.00348219858, -0.011789903, -0.0396204699),
            (0.00210764469, -0.0121095432, -0.039678888),
            (0.000705614453, -0.0122704105, -0.0397373043),
            (-0.000705614453, -0.0122704105, -0.0397957225),
            (-0.00210764469, -0.0121095432, -0.0398541406),
            (-0.00348219858, -0.011789903, -0.0399125569),
            (-0.00481135678, -0.0113156606, -0.039970975),
            (-0.0060777911, -0.0106929969, -0.0400293932),
            (-0.00726499269, -0.00993002858, -0.0400878113),
            (-0.00835748389, -0.00903670397, -0.0401462294),
            (-0.009341022, -0.00802466646, -0.0402046457),
            (-0.010202786, -0.00690711057, -0.0402630638),
            (-0.0109315412, -0.00569860684, -0.040321482),
            (-0.0115177864, -0.00441490719, -0.0403799001),
            (-0.0119538801, -0.00307274889, -0.0404383183),
            (-0.0122341365, -0.001689628, -0.0404967345),
            (-0.0123549029, -0.000283575879, -0.0405551527),
            (-0.0123146046, 0.00112707762, -0.0406135708),
            (-0.0121137658, 0.00252394215, -0.040671989),
            (-0.0117550045, 0.00388880796, -0.0407304071),
            (-0.0112430006, 0.00520388177, -0.0407888252),
            (-0.0105844261, 0.00645201886, -0.0408472434),
            (-0.00978786778, 0.00761694834, -0.0409056615),
            (-0.00886370894, 0.00868348405, -0.0409640797),
            (-0.00782399811, 0.00963772181, -0.0410224959),
            (-0.00668229023, 0.010467221, -0.0410809141),
            (-0.0054534683, 0.011161169, -0.0411393322),
            (-0.00415355153, 0.011710518, -0.0411977504),
            (-0.00279948744, 0.012108108, -0.0412561666),
            (-0.00140892749, 0.0123487534, -0.0413145848),
            (-3.02731312e-18, 0.0124293184, -0.0413730029),
            (0.00140892749, 0.0123487534, -0.0385397464),
            (0.00279948744, 0.012108108, -0.0385981646),
            (0.00415355153, 0.011710519, -0.0386565827),
            (0.0054534683, 0.011161169, -0.038714999),
            (0.00668229023, 0.010467221, -0.0387734171),
            (0.00782399811, 0.00963772275, -0.0388318353),
            (0.00886370894, 0.00868348498, -0.0388902515),
            (0.00978786778, 0.0076169488, -0.0389486697),
            (0.0105844261, 0.00645201933, -0.0390070859),
            (0.0112430006, 0.00520388177, -0.0390655041),
            (0.0117550045, 0.00388880819, -0.0391239222),
            (0.0121137658, 0.00252394238, -0.0391823385),
            (0.0123146046, 0.00112707785, -0.0392407566),
            (0.0123549029, -0.000283575675, -0.0392991729),
            (0.0122341365, -0.00168962788, -0.0393575911),
            (0.0119538801, -0.00307274889, -0.0394160092),
            (0.0115177864, -0.00441490719, -0.0394744255),
            (0.0109315412, -0.00569860637, -0.0395328436),
            (0.010202786, -0.00690711057, -0.0395912599),
            (0.009341022, -0.00802466646, -0.0396496799),
            (0.00835748389, -0.00903670397, -0.0397080962),
            (0.00726499269, -0.00993002858, -0.0397665143),
            (0.0060777911, -0.0106929969, -0.0398249306),
            (0.00481135678, -0.0113156606, -0.0398833487),
            (0.00348219858, -0.011789903, -0.0399417669),
            (0.00210764469, -0.0121095432, -0.0400001832),
            (0.000705614453, -0.0122704105, -0.0400586013),
            (-0.000705614453, -0.0122704105, -0.0401170194),
            (-0.00210764469, -0.0121095432, -0.0401754376),
            (-0.00348219858, -0.011789903, -0.0402338538),
            (-0.00481135678, -0.0113156606, -0.040292272),
            (-0.0060777911, -0.0106929969, -0.0403506901),
            (-0.00726499269, -0.00993002951, -0.0404091083),
            (-0.00835748389, -0.00903670397, -0.0404675245),
            (-0.009341022, -0.00802466646, -0.0405259427),
            (-0.010202786, -0.00690711103, -0.0405843608),
            (-0.0109315412, -0.00569860684, -0.040642779),
            (-0.0115177864, -0.00441490766, -0.0407011971),
            (-0.0119538801, -0.00307274889, -0.0407596134),
            (-0.0122341365, -0.00168962812, -0.0408180334),
            (-0.0123549029, -0.000283575937, -0.0408764515),
            (-0.0123146046, 0.0011270775, -0.0409348697),
            (-0.0121137658, 0.00252394215, -0.0409932859),
            (-0.0117550045, 0.00388880773, -0.0410517041),
            (-0.0112430006, 0.00520388177, -0.0411101222),
            (-0.0105844261, 0.00645201886, -0.0411685404),
            (-0.00978786778, 0.00761694834, -0.0412269585),
            (-0.00886370894, 0.00868348405, -0.0412853748),
            (-0.00782399811, 0.00963772181, -0.0413437929),
            (-0.00668229023, 0.010467221, -0.0414022111),
            (-0.0054534683, 0.011161169, -0.0414606292),
            (-0.00415355153, 0.011710518, -0.0415190473),
            (-0.00279948744, 0.012108108, -0.0415774636),
            (-0.00140892749, 0.0123487534, -0.0416358818),
            (-3.02731312e-18, 0.0124293184, -0.0416942999),
            (0.00124593172, 0.0109281801, -0.0398249343),
            (0.00247562071, 0.0107153738, -0.0398833525),
            (0.00367303658, 0.0103637809, -0.0399417706),
            (0.0048225685, 0.00987798441, -0.0400001869),
            (0.00590923103, 0.00926431827, -0.040058605),
            (0.00691885781, 0.0085307816, -0.0401170232),
            (0.00783828646, 0.00768693769, -0.0401754394),
            (0.00865553133, 0.00674378732, -0.0402338576),
            (0.00935993809, 0.00571362535, -0.0402922757),
            (0.00994232297, 0.0046098819, -0.040350692),
            (0.0103950948, 0.00344694639, -0.0404091101),
            (0.0107123507, 0.00223997887, -0.0404675264),
            (0.0108899549, 0.0010047144, -0.0405259445),
            (0.0109255919, -0.000242743772, -0.0405843627),
            (0.0108187972, -0.00148613285, -0.040642779),
            (0.0105709638, -0.00270924391, -0.0407011971),
            (0.0101853199, -0.00389613095, -0.0407596134),
            (0.00966689643, -0.00503132166, -0.0408180334),
            (0.00902244821, -0.00610001711, -0.0408764497),
            (0.00826038048, -0.00708828541, -0.0409348678),
            (0.00739062531, -0.00798324216, -0.0409932841),
            (0.00642452203, -0.0087732207, -0.0410517022),
            (0.00537466537, -0.00944792293, -0.0411101204),
            (0.00425474159, -0.00999855157, -0.0411685366),
            (0.0030793508, -0.0104179308, -0.0412269548),
            (0.00186381605, -0.0107005918, -0.0412853729),
            (0.000623983564, -0.0108428486, -0.0413437892),
            (-0.000623983564, -0.0108428486, -0.0414022073),
            (-0.00186381605, -0.0107005918, -0.0414606255),
            (-0.0030793508, -0.0104179308, -0.0415190436),
            (-0.00425474159, -0.00999855157, -0.0415774599),
            (-0.00537466537, -0.00944792293, -0.041635878),
            (-0.00642452203, -0.0087732207, -0.0416942962),
            (-0.00739062531, -0.00798324216, -0.0417527143),
            (-0.00826038048, -0.00708828541, -0.0418111306),
            (-0.00902244821, -0.00610001711, -0.0418695487),
            (-0.00966689643, -0.00503132213, -0.0419279669),
            (-0.0101853199, -0.00389613118, -0.041986385),
            (-0.0105709638, -0.00270924415, -0.0420448031),
            (-0.0108187972, -0.00148613309, -0.0421032213),
            (-0.0109255919, -0.000242744034, -0.0421616394),
            (-0.0108899549, 0.00100471405, -0.0422200576),
            (-0.0107123507, 0.00223997864, -0.0422784757),
            (-0.0103950948, 0.00344694592, -0.042336892),
            (-0.00994232297, 0.0046098819, -0.0423953101),
            (-0.00935993809, 0.00571362488, -0.0424537283),
            (-0.00865553133, 0.00674378686, -0.0425121464),
            (-0.00783828646, 0.00768693723, -0.0425705645),
            (-0.00691885781, 0.00853078067, -0.0426289808),
            (-0.00590923103, 0.00926431827, -0.042687399),
            (-0.0048225685, 0.00987798441, -0.0427458171),
            (-0.00367303658, 0.01036378, -0.0428042352),
            (-0.00247562071, 0.0107153738, -0.0428626515),
            (-0.00124593172, 0.0109281791, -0.0429210697),
            (-2.67709002e-18, 0.0109994244, -0.0429794878),
            (0.00124593172, 0.0109281801, -0.0401462313),
            (0.00247562071, 0.0107153738, -0.0402046494),
            (0.00367303658, 0.0103637809, -0.0402630676),
            (0.0048225685, 0.00987798441, -0.0403214839),
            (0.00590923103, 0.00926431827, -0.040379902),
            (0.00691885781, 0.0085307816, -0.0404383201),
            (0.00783828646, 0.00768693769, -0.0404967364),
            (0.00865553133, 0.00674378732, -0.0405551545),
            (0.00935993809, 0.00571362535, -0.0406135708),
            (0.00994232297, 0.0046098819, -0.040671989),
            (0.0103950948, 0.00344694639, -0.0407304071),
            (0.0107123507, 0.00223997887, -0.0407888234),
            (0.0108899549, 0.00100471429, -0.0408472415),
            (0.0109255919, -0.00024274383, -0.0409056597),
            (0.0108187972, -0.00148613297, -0.0409640778),
            (0.0105709638, -0.00270924391, -0.0410224941),
            (0.0101853199, -0.00389613095, -0.0410809122),
            (0.00966689643, -0.00503132213, -0.0411393285),
            (0.00902244821, -0.00610001711, -0.0411977466),
            (0.00826038048, -0.00708828541, -0.0412561648),
            (0.00739062531, -0.00798324216, -0.0413145811),
            (0.00642452203, -0.0087732207, -0.0413729992),
            (0.00537466537, -0.00944792293, -0.0414314173),
            (0.00425474159, -0.00999855157, -0.0414898336),
            (0.0030793508, -0.0104179308, -0.0415482517),
            (0.00186381605, -0.0107005918, -0.0416066699),
            (0.000623983564, -0.0108428486, -0.0416650862),
            (-0.000623983564, -0.0108428486, -0.0417235043),
            (-0.00186381605, -0.0107005918, -0.0417819224),
            (-0.0030793508, -0.0104179308, -0.0418403406),
            (-0.00425474159, -0.00999855157, -0.0418987569),
            (-0.00537466537, -0.00944792293, -0.0419571769),
            (-0.00642452203, -0.0087732207, -0.0420155931),
            (-0.00739062531, -0.00798324216, -0.0420740113),
            (-0.00826038048, -0.00708828541, -0.0421324294),
            (-0.00902244821, -0.00610001758, -0.0421908476),
            (-0.00966689643, -0.00503132213, -0.0422492657),
            (-0.0101853199, -0.00389613118, -0.042307682),
            (-0.0105709638, -0.00270924415, -0.0423661001),
            (-0.0108187972, -0.0014861332, -0.0424245183),
            (-0.0109255919, -0.000242744078, -0.0424829364),
            (-0.0108899549, 0.00100471405, -0.0425413545),
            (-0.0107123507, 0.00223997864, -0.0425997708),
            (-0.0103950948, 0.00344694592, -0.042658189),
            (-0.00994232297, 0.00460988143, -0.0427166071),
            (-0.00935993809, 0.00571362488, -0.0427750252),
            (-0.00865553133, 0.00674378686, -0.0428334434),
            (-0.00783828646, 0.00768693723, -0.0428918597),
            (-0.00691885781, 0.00853078067, -0.0429502778),
            (-0.00590923103, 0.00926431827, -0.0430086959),
            (-0.0048225685, 0.00987798441, -0.0430671141),
            (-0.00367303658, 0.01036378, -0.0431255303),
            (-0.00247562071, 0.0107153738, -0.0431839503),
            (-0.00124593172, 0.0109281791, -0.0432423685),
            (-2.67709002e-18, 0.0109994244, -0.0433007848),
            (0.00140892749, 0.0123487534, -0.0414314211),
            (0.00279948744, 0.012108108, -0.0414898373),
            (0.00415355153, 0.011710518, -0.0415482555),
            (0.0054534683, 0.011161169, -0.0416066736),
            (0.00668229023, 0.010467221, -0.0416650899),
            (0.00782399811, 0.00963772181, -0.041723508),
            (0.00886370894, 0.00868348405, -0.0417819243),
            (0.00978786778, 0.00761694834, -0.0418403424),
            (0.0105844261, 0.00645201886, -0.0418987606),
            (0.0112430006, 0.0052038813, -0.0419571787),
            (0.0117550045, 0.00388880773, -0.042015595),
            (0.0121137658, 0.00252394192, -0.0420740131),
            (0.0123146046, 0.00112707738, -0.0421324313),
            (0.0123549029, -0.000283576141, -0.0421908476),
            (0.0122341365, -0.00168962835, -0.0422492657),
            (0.0119538801, -0.00307274936, -0.042307682),
            (0.0115177864, -0.00441490766, -0.0423661001),
            (0.0109315412, -0.00569860684, -0.0424245183),
            (0.010202786, -0.00690711103, -0.0424829345),
            (0.009341022, -0.00802466646, -0.0425413527),
            (0.00835748389, -0.00903670397, -0.042599769),
            (0.00726499269, -0.00993002951, -0.0426581871),
            (0.0060777911, -0.0106929969, -0.0427166052),
            (0.00481135678, -0.0113156615, -0.0427750215),
            (0.00348219858, -0.011789904, -0.0428334396),
            (0.00210764469, -0.0121095432, -0.0428918578),
            (0.000705614453, -0.0122704105, -0.0429502741),
            (-0.000705614453, -0.0122704105, -0.0430086922),
            (-0.00210764469, -0.0121095432, -0.0430671103),
            (-0.00348219858, -0.011789904, -0.0431255285),
            (-0.00481135678, -0.0113156615, -0.0431839466),
            (-0.0060777911, -0.0106929969, -0.0432423648),
            (-0.00726499269, -0.00993002951, -0.043300781),
            (-0.00835748389, -0.00903670397, -0.0433591992),
            (-0.009341022, -0.00802466646, -0.0434176173),
            (-0.010202786, -0.0069071115, -0.0434760355),
            (-0.0109315412, -0.0056986073, -0.0435344527),
            (-0.0115177864, -0.00441490812, -0.0435928708),
            (-0.0119538801, -0.00307274959, -0.0436512889),
            (-0.0122341365, -0.00168962858, -0.0437097062),
            (-0.0123549029, -0.000283576403, -0.0437681243),
            (-0.0123146046, 0.00112707703, -0.0438265424),
            (-0.0121137658, 0.00252394169, -0.0438849596),
            (-0.0117550045, 0.00388880726, -0.0439433778),
            (-0.0112430006, 0.00520388084, -0.0440017959),
            (-0.0105844261, 0.0064520184, -0.0440602131),
            (-0.00978786778, 0.00761694787, -0.0441186313),
            (-0.00886370894, 0.00868348405, -0.0441770485),
            (-0.00782399811, 0.00963772181, -0.0442354666),
            (-0.00668229023, 0.0104672201, -0.0442938857),
            (-0.0054534683, 0.0111611681, -0.0443523029),
            (-0.00415355153, 0.011710518, -0.044410721),
            (-0.00279948744, 0.0121081071, -0.0444691382),
            (-0.00140892749, 0.0123487525, -0.0445275564),
            (-3.02731312e-18, 0.0124293184, -0.0445859736),
            (0.00140892749, 0.0123487534, -0.0417527162),
            (0.00279948744, 0.012108108, -0.0418111343),
            (0.00415355153, 0.011710518, -0.0418695524),
            (0.0054534683, 0.011161169, -0.0419279687),
            (0.00668229023, 0.010467221, -0.0419863887),
            (0.00782399811, 0.00963772181, -0.042044805),
            (0.00886370894, 0.00868348405, -0.0421032231),
            (0.00978786778, 0.00761694834, -0.0421616413),
            (0.0105844261, 0.00645201886, -0.0422200576),
            (0.0112430006, 0.0052038813, -0.0422784757),
            (0.0117550045, 0.00388880749, -0.042336892),
            (0.0121137658, 0.00252394192, -0.0423953101),
            (0.0123146046, 0.00112707727, -0.0424537283),
            (0.0123549029, -0.000283576199, -0.0425121445),
            (0.0122341365, -0.00168962835, -0.0425705627),
            (0.0119538801, -0.00307274936, -0.042628979),
            (0.0115177864, -0.00441490766, -0.0426873971),
            (0.0109315412, -0.0056986073, -0.0427458152),
            (0.010202786, -0.00690711103, -0.0428042315),
            (0.009341022, -0.00802466646, -0.0428626496),
            (0.00835748389, -0.00903670397, -0.0429210659),
            (0.00726499269, -0.00993002951, -0.0429794841),
            (0.0060777911, -0.0106929969, -0.0430379022),
            (0.00481135678, -0.0113156615, -0.0430963185),
            (0.00348219858, -0.011789904, -0.0431547385),
            (0.00210764469, -0.0121095432, -0.0432131548),
            (0.000705614453, -0.0122704115, -0.0432715729),
            (-0.000705614453, -0.0122704115, -0.043329991),
            (-0.00210764469, -0.0121095432, -0.0433884083),
            (-0.00348219858, -0.011789904, -0.0434468255),
            (-0.00481135678, -0.0113156615, -0.0435052436),
            (-0.0060777911, -0.0106929978, -0.0435636608),
            (-0.00726499269, -0.00993002951, -0.0436220789),
            (-0.00835748389, -0.00903670397, -0.0436804962),
            (-0.009341022, -0.00802466646, -0.0437389143),
            (-0.010202786, -0.0069071115, -0.0437973315),
            (-0.0109315412, -0.0056986073, -0.0438557496),
            (-0.0115177864, -0.00441490812, -0.0439141678),
            (-0.0119538801, -0.00307274959, -0.043972585),
            (-0.0122341365, -0.00168962858, -0.0440310031),
            (-0.0123549029, -0.000283576461, -0.0440894213),
            (-0.0123146046, 0.00112707703, -0.0441478385),
            (-0.0121137658, 0.00252394169, -0.0442062566),
            (-0.0117550045, 0.00388880726, -0.0442646748),
            (-0.0112430006, 0.00520388084, -0.0443230929),
            (-0.0105844261, 0.0064520184, -0.044381511),
            (-0.00978786778, 0.00761694787, -0.0444399292),
            (-0.00886370894, 0.00868348405, -0.0444983464),
            (-0.00782399811, 0.00963772181, -0.0445567645),
            (-0.00668229023, 0.0104672201, -0.0446151817),
            (-0.0054534683, 0.0111611681, -0.0446735999),
            (-0.00415355153, 0.011710518, -0.044732018),
            (-0.00279948744, 0.0121081071, -0.0447904352),
            (-0.00140892749, 0.0123487525, -0.0448488524),
            (-3.02731312e-18, 0.0124293184, -0.0449072706),
            (0.00124593172, 0.0109281791, -0.0430379041),
            (0.00247562071, 0.0107153738, -0.0430963222),
            (0.00367303658, 0.01036378, -0.0431547403),
            (0.0048225685, 0.00987798441, -0.0432131585),
            (0.00590923103, 0.00926431827, -0.0432715766),
            (0.00691885781, 0.00853078067, -0.0433299929),
            (0.00783828646, 0.00768693723, -0.043388411),
            (0.00865553133, 0.00674378686, -0.0434468283),
            (0.00935993809, 0.00571362488, -0.0435052464),
            (0.00994232297, 0.00460988143, -0.0435636636),
            (0.0103950948, 0.00344694569, -0.0436220808),
            (0.0107123507, 0.00223997841, -0.043680498),
            (0.0108899549, 0.00100471382, -0.0437389152),
            (0.0109255919, -0.000242744296, -0.0437973334),
            (0.0108187972, -0.00148613343, -0.0438557506),
            (0.0105709638, -0.00270924438, -0.0439141678),
            (0.0101853199, -0.00389613141, -0.043972585),
            (0.00966689643, -0.00503132259, -0.0440310022),
            (0.00902244821, -0.00610001758, -0.0440894203),
            (0.00826038048, -0.00708828587, -0.0441478375),
            (0.00739062531, -0.00798324216, -0.0442062548),
            (0.00642452203, -0.0087732207, -0.044264672),
            (0.00537466537, -0.00944792293, -0.044323091),
            (0.00425474159, -0.00999855157, -0.0443815082),
            (0.0030793508, -0.0104179317, -0.0444399264),
            (0.00186381605, -0.0107005918, -0.0444983436),
            (0.000623983564, -0.0108428495, -0.0445567608),
            (-0.000623983564, -0.0108428495, -0.0446151789),
            (-0.00186381605, -0.0107005918, -0.0446735962),
            (-0.0030793508, -0.0104179317, -0.0447320143),
            (-0.00425474159, -0.0099985525, -0.0447904315),
            (-0.00537466537, -0.00944792386, -0.0448488496),
            (-0.00642452203, -0.00877322163, -0.0449072668),
            (-0.00739062531, -0.00798324216, -0.044965685),
            (-0.00826038048, -0.00708828587, -0.0450241022),
            (-0.00902244821, -0.00610001804, -0.0450825203),
            (-0.00966689643, -0.00503132259, -0.0451409385),
            (-0.0101853199, -0.00389613165, -0.0451993566),
            (-0.0105709638, -0.00270924461, -0.0452577738),
            (-0.0108187972, -0.00148613367, -0.045316192),
            (-0.0109255919, -0.000242744558, -0.0453746101),
            (-0.0108899549, 0.00100471359, -0.0454330273),
            (-0.0107123507, 0.00223997817, -0.0454914455),
            (-0.0103950948, 0.00344694545, -0.0455498636),
            (-0.00994232297, 0.00460988097, -0.0456082808),
            (-0.00935993809, 0.00571362441, -0.0456666989),
            (-0.00865553133, 0.00674378639, -0.0457251161),
            (-0.00783828646, 0.00768693676, -0.0457835352),
            (-0.00691885781, 0.00853078067, -0.0458419524),
            (-0.00590923103, 0.00926431734, -0.0459003706),
            (-0.0048225685, 0.00987798348, -0.0459587878),
            (-0.00367303658, 0.01036378, -0.0460172059),
            (-0.00247562071, 0.0107153729, -0.0460756231),
            (-0.00124593172, 0.0109281791, -0.0461340413),
            (-2.67709002e-18, 0.0109994244, -0.0461924585),
            (0.00124593172, 0.0109281791, -0.0433592029),
            (0.00247562071, 0.0107153729, -0.0434176201),
            (0.00367303658, 0.01036378, -0.0434760383),
            (0.0048225685, 0.00987798441, -0.0435344555),
            (0.00590923103, 0.00926431734, -0.0435928727),
            (0.00691885781, 0.00853078067, -0.0436512908),
            (0.00783828646, 0.00768693723, -0.043709708),
            (0.00865553133, 0.00674378639, -0.0437681252),
            (0.00935993809, 0.00571362488, -0.0438265424),
            (0.00994232297, 0.00460988143, -0.0438849606),
            (0.0103950948, 0.00344694569, -0.0439433778),
            (0.0107123507, 0.00223997841, -0.044001795),
            (0.0108899549, 0.00100471382, -0.0440602122),
            (0.0109255919, -0.000242744354, -0.0441186294),
            (0.0108187972, -0.00148613343, -0.0441770476),
            (0.0105709638, -0.00270924438, -0.0442354648),
            (0.0101853199, -0.00389613141, -0.0442938829),
            (0.00966689643, -0.00503132259, -0.0443523001),
            (0.00902244821, -0.00610001758, -0.0444107182),
            (0.00826038048, -0.00708828587, -0.0444691355),
            (0.00739062531, -0.00798324216, -0.0445275527),
            (0.00642452203, -0.0087732207, -0.0445859699),
            (0.00537466537, -0.00944792293, -0.044644388),
            (0.00425474159, -0.0099985525, -0.0447028052),
            (0.0030793508, -0.0104179317, -0.0447612224),
            (0.00186381605, -0.0107005918, -0.0448196406),
            (0.000623983564, -0.0108428495, -0.0448780578),
            (-0.000623983564, -0.0108428495, -0.0449364759),
            (-0.00186381605, -0.0107005918, -0.0449948931),
            (-0.0030793508, -0.0104179317, -0.0450533103),
            (-0.00425474159, -0.0099985525, -0.0451117285),
            (-0.00537466537, -0.00944792386, -0.0451701457),
            (-0.00642452203, -0.00877322163, -0.0452285648),
            (-0.00739062531, -0.00798324216, -0.045286982),
            (-0.00826038048, -0.00708828587, -0.0453454001),
            (-0.00902244821, -0.00610001804, -0.0454038173),
            (-0.00966689643, -0.00503132259, -0.0454622355),
            (-0.0101853199, -0.00389613165, -0.0455206536),
            (-0.0105709638, -0.00270924461, -0.0455790708),
            (-0.0108187972, -0.00148613367, -0.0456374889),
            (-0.0109255919, -0.000242744616, -0.0456959061),
            (-0.0108899549, 0.00100471347, -0.0457543252),
            (-0.0107123507, 0.00223997817, -0.0458127424),
            (-0.0103950948, 0.00344694545, -0.0458711606),
            (-0.00994232297, 0.00460988097, -0.0459295787),
            (-0.00935993809, 0.00571362441, -0.0459879959),
            (-0.00865553133, 0.00674378639, -0.0460464141),
            (-0.00783828646, 0.00768693676, -0.0461048313),
            (-0.00691885781, 0.00853078067, -0.0461632494),
            (-0.00590923103, 0.00926431734, -0.0462216666),
            (-0.0048225685, 0.00987798348, -0.0462800848),
            (-0.00367303658, 0.010363779, -0.046338502),
            (-0.00247562071, 0.0107153729, -0.0463969201),
            (-0.00124593172, 0.0109281791, -0.0464553382),
            (-2.67709002e-18, 0.0109994235, -0.0465137554),
            (0.00140892749, 0.0123487525, -0.0446443917),
            (0.00279948744, 0.0121081071, -0.0447028089),
            (0.00415355153, 0.011710518, -0.0447612262),
            (0.0054534683, 0.0111611681, -0.0448196443),
            (0.00668229023, 0.0104672201, -0.0448780615),
            (0.00782399811, 0.00963772181, -0.0449364787),
            (0.00886370894, 0.00868348405, -0.0449948959),
            (0.00978786778, 0.00761694787, -0.0450533141),
            (0.0105844261, 0.0064520184, -0.0451117313),
            (0.0112430006, 0.00520388084, -0.0451701485),
            (0.0117550045, 0.00388880703, -0.0452285666),
            (0.0121137658, 0.00252394145, -0.0452869838),
            (0.0123146046, 0.0011270768, -0.045345401),
            (0.0123549029, -0.000283576694, -0.0454038182),
            (0.0122341365, -0.00168962881, -0.0454622364),
            (0.0119538801, -0.00307274982, -0.0455206536),
            (0.0115177864, -0.00441490812, -0.0455790708),
            (0.0109315412, -0.00569860777, -0.045637488),
            (0.010202786, -0.0069071115, -0.0456959052),
            (0.009341022, -0.00802466739, -0.0457543234),
            (0.00835748389, -0.0090367049, -0.0458127406),
            (0.00726499269, -0.00993002951, -0.0458711587),
            (0.0060777911, -0.0106929978, -0.0459295759),
            (0.00481135678, -0.0113156615, -0.0459879931),
            (0.00348219858, -0.011789904, -0.0460464113),
            (0.00210764469, -0.0121095441, -0.0461048285),
            (0.000705614453, -0.0122704115, -0.0461632457),
            (-0.000705614453, -0.0122704115, -0.0462216638),
            (-0.00210764469, -0.0121095441, -0.046280081),
            (-0.00348219858, -0.011789904, -0.0463384992),
            (-0.00481135678, -0.0113156615, -0.0463969173),
            (-0.0060777911, -0.0106929978, -0.0464553345),
            (-0.00726499269, -0.00993003044, -0.0465137527),
            (-0.00835748389, -0.0090367049, -0.0465721699),
            (-0.009341022, -0.00802466739, -0.046630588),
            (-0.010202786, -0.00690711197, -0.0466890061),
            (-0.0109315412, -0.00569860777, -0.0467474234),
            (-0.0115177864, -0.00441490859, -0.0468058415),
            (-0.0119538801, -0.00307275006, -0.0468642587),
            (-0.0122341365, -0.00168962905, -0.0469226778),
            (-0.0123549029, -0.000283576926, -0.046981095),
            (-0.0123146046, 0.00112707657, -0.0470395131),
            (-0.0121137658, 0.00252394122, -0.0470979313),
            (-0.0117550045, 0.00388880679, -0.0471563485),
            (-0.0112430006, 0.00520388037, -0.0472147666),
            (-0.0105844261, 0.00645201793, -0.0472731847),
            (-0.00978786778, 0.00761694741, -0.047331602),
            (-0.00886370894, 0.00868348312, -0.0473900201),
            (-0.00782399811, 0.00963772088, -0.0474484373),
            (-0.00668229023, 0.0104672201, -0.0475068554),
            (-0.0054534683, 0.0111611681, -0.0475652736),
            (-0.00415355153, 0.0117105171, -0.0476236917),
            (-0.00279948744, 0.0121081071, -0.0476821089),
            (-0.00140892749, 0.0123487515, -0.0477405271),
            (-3.02731312e-18, 0.0124293175, -0.0477989443),
            (0.00140892749, 0.0123487525, -0.0449656878),
            (0.00279948744, 0.0121081071, -0.0450241059),
            (0.00415355153, 0.011710518, -0.0450825231),
            (0.0054534683, 0.0111611681, -0.0451409403),
            (0.00668229023, 0.0104672201, -0.0451993585),
            (0.00782399811, 0.00963772088, -0.0452577766),
            (0.00886370894, 0.00868348405, -0.0453161938),
            (0.00978786778, 0.00761694787, -0.045374611),
            (0.0105844261, 0.0064520184, -0.0454330282),
            (0.0112430006, 0.00520388084, -0.0454914455),
            (0.0117550045, 0.00388880703, -0.0455498636),
            (0.0121137658, 0.00252394145, -0.0456082808),
            (0.0123146046, 0.0011270768, -0.045666698),
            (0.0123549029, -0.000283576723, -0.0457251152),
            (0.0122341365, -0.00168962893, -0.0457835334),
            (0.0119538801, -0.00307274982, -0.0458419506),
            (0.0115177864, -0.00441490812, -0.0459003678),
            (0.0109315412, -0.00569860777, -0.045958785),
            (0.010202786, -0.0069071115, -0.0460172031),
            (0.009341022, -0.00802466739, -0.0460756203),
            (0.00835748389, -0.0090367049, -0.0461340375),
            (0.00726499269, -0.00993003044, -0.0461924547),
            (0.0060777911, -0.0106929978, -0.0462508729),
            (0.00481135678, -0.0113156615, -0.0463092901),
            (0.00348219858, -0.011789904, -0.0463677082),
            (0.00210764469, -0.0121095441, -0.0464261254),
            (0.000705614453, -0.0122704115, -0.0464845436),
            (-0.000705614453, -0.0122704115, -0.0465429608),
            (-0.00210764469, -0.0121095441, -0.046601378),
            (-0.00348219858, -0.0117899049, -0.0466597961),
            (-0.00481135678, -0.0113156615, -0.0467182133),
            (-0.0060777911, -0.0106929978, -0.0467766315),
            (-0.00726499269, -0.00993003044, -0.0468350496),
            (-0.00835748389, -0.0090367049, -0.0468934668),
            (-0.009341022, -0.00802466739, -0.046951885),
            (-0.010202786, -0.00690711197, -0.0470103031),
            (-0.0109315412, -0.00569860777, -0.0470687213),
            (-0.0115177864, -0.00441490859, -0.0471271385),
            (-0.0119538801, -0.00307275006, -0.0471855566),
            (-0.0122341365, -0.00168962916, -0.0472439738),
            (-0.0123549029, -0.000283576985, -0.047302392),
            (-0.0123146046, 0.00112707645, -0.0473608101),
            (-0.0121137658, 0.00252394099, -0.0474192273),
            (-0.0117550045, 0.00388880679, -0.0474776454),
            (-0.0112430006, 0.00520388037, -0.0475360636),
            (-0.0105844261, 0.00645201793, -0.0475944817),
            (-0.00978786778, 0.00761694741, -0.0476528999),
            (-0.00886370894, 0.00868348312, -0.0477113171),
            (-0.00782399811, 0.00963772088, -0.0477697352),
            (-0.00668229023, 0.0104672201, -0.0478281524),
            (-0.0054534683, 0.0111611681, -0.0478865706),
            (-0.00415355153, 0.0117105171, -0.0479449878),
            (-0.00279948744, 0.0121081062, -0.0480034059),
            (-0.00140892749, 0.0123487515, -0.0480618231),
            (-3.02731312e-18, 0.0124293175, -0.0481202413),
            (0.00124593172, 0.0109281791, -0.0462508757),
            (0.00247562071, 0.0107153729, -0.0463092938),
            (0.00367303658, 0.010363779, -0.046367712),
            (0.0048225685, 0.00987798348, -0.0464261292),
            (0.00590923103, 0.00926431734, -0.0464845464),
            (0.00691885781, 0.00853078067, -0.0465429645),
            (0.00783828646, 0.00768693676, -0.0466013817),
            (0.00865553133, 0.00674378593, -0.0466597989),
            (0.00935993809, 0.00571362441, -0.0467182161),
            (0.00994232297, 0.00460988097, -0.0467766343),
            (0.0103950948, 0.00344694522, -0.0468350515),
            (0.0107123507, 0.00223997794, -0.0468934687),
            (0.0108899549, 0.00100471335, -0.0469518868),
            (0.0109255919, -0.00024274482, -0.047010304),
            (0.0108187972, -0.0014861339, -0.0470687213),
            (0.0105709638, -0.00270924484, -0.0471271385),
            (0.0101853199, -0.00389613188, -0.0471855566),
            (0.00966689643, -0.00503132306, -0.0472439738),
            (0.00902244821, -0.00610001804, -0.047302391),
            (0.00826038048, -0.00708828634, -0.0473608082),
            (0.00739062531, -0.00798324309, -0.0474192264),
            (0.00642452203, -0.00877322163, -0.0474776436),
            (0.00537466537, -0.00944792386, -0.0475360617),
            (0.00425474159, -0.0099985525, -0.0475944789),
            (0.0030793508, -0.0104179317, -0.0476528961),
            (0.00186381605, -0.0107005928, -0.0477113143),
            (0.000623983564, -0.0108428495, -0.0477697315),
            (-0.000623983564, -0.0108428495, -0.0478281496),
            (-0.00186381605, -0.0107005928, -0.0478865668),
            (-0.0030793508, -0.0104179317, -0.047944985),
            (-0.00425474159, -0.0099985525, -0.0480034022),
            (-0.00537466537, -0.00944792386, -0.0480618203),
            (-0.00642452203, -0.00877322163, -0.0481202385),
            (-0.00739062531, -0.00798324309, -0.0481786557),
            (-0.00826038048, -0.00708828634, -0.0482370738),
            (-0.00902244821, -0.00610001851, -0.048295491),
            (-0.00966689643, -0.00503132306, -0.0483539092),
            (-0.0101853199, -0.00389613211, -0.0484123273),
            (-0.0105709638, -0.00270924508, -0.0484707445),
            (-0.0108187972, -0.00148613413, -0.0485291626),
            (-0.0109255919, -0.000242745082, -0.0485875799),
            (-0.0108899549, 0.00100471301, -0.048645998),
            (-0.0107123507, 0.00223997771, -0.0487044161),
            (-0.0103950948, 0.00344694499, -0.0487628343),
            (-0.00994232297, 0.0046098805, -0.0488212524),
            (-0.00935993809, 0.00571362395, -0.0488796696),
            (-0.00865553133, 0.00674378593, -0.0489380878),
            (-0.00783828646, 0.0076869363, -0.048996505),
            (-0.00691885781, 0.00853077974, -0.0490549231),
            (-0.00590923103, 0.00926431641, -0.0491133403),
            (-0.0048225685, 0.00987798348, -0.0491717585),
            (-0.00367303658, 0.010363779, -0.0492301757),
            (-0.00247562071, 0.0107153719, -0.0492885947),
            (-0.00124593172, 0.0109281782, -0.0493470119),
            (-2.67709002e-18, 0.0109994235, -0.0494054292),
            (0.00124593172, 0.0109281791, -0.0465721736),
            (0.00247562071, 0.0107153729, -0.0466305908),
            (0.00367303658, 0.010363779, -0.0466890089),
            (0.0048225685, 0.00987798348, -0.0467474261),
            (0.00590923103, 0.00926431734, -0.0468058434),
            (0.00691885781, 0.00853078067, -0.0468642606),
            (0.00783828646, 0.00768693676, -0.0469226787),
            (0.00865553133, 0.00674378593, -0.0469810968),
            (0.00935993809, 0.00571362441, -0.047039514),
            (0.00994232297, 0.00460988097, -0.0470979313),
            (0.0103950948, 0.00344694522, -0.0471563485),
            (0.0107123507, 0.00223997794, -0.0472147657),
            (0.0108899549, 0.00100471324, -0.0472731838),
            (0.0109255919, -0.000242744878, -0.047331601),
            (0.0108187972, -0.00148613402, -0.0473900182),
            (0.0105709638, -0.00270924508, -0.0474484354),
            (0.0101853199, -0.00389613211, -0.0475068526),
            (0.00966689643, -0.00503132306, -0.0475652708),
            (0.00902244821, -0.00610001851, -0.0476236889),
            (0.00826038048, -0.00708828634, -0.0476821061),
            (0.00739062531, -0.00798324309, -0.0477405233),
            (0.00642452203, -0.00877322163, -0.0477989406),
            (0.00537466537, -0.00944792386, -0.0478573587),
            (0.00425474159, -0.0099985525, -0.0479157759),
            (0.0030793508, -0.0104179317, -0.0479741931),
            (0.00186381605, -0.0107005928, -0.0480326113),
            (0.000623983564, -0.0108428495, -0.0480910294),
            (-0.000623983564, -0.0108428495, -0.0481494466),
            (-0.00186381605, -0.0107005928, -0.0482078638),
            (-0.0030793508, -0.0104179317, -0.0482662819),
            (-0.00425474159, -0.0099985525, -0.0483246992),
            (-0.00537466537, -0.00944792386, -0.0483831173),
            (-0.00642452203, -0.00877322163, -0.0484415345),
            (-0.00739062531, -0.00798324309, -0.0484999526),
            (-0.00826038048, -0.00708828634, -0.0485583708),
            (-0.00902244821, -0.00610001851, -0.048616788),
            (-0.00966689643, -0.00503132306, -0.0486752061),
            (-0.0101853199, -0.00389613211, -0.0487336243),
            (-0.0105709638, -0.00270924508, -0.0487920424),
            (-0.0108187972, -0.00148613425, -0.0488504596),
            (-0.0109255919, -0.00024274514, -0.0489088778),
            (-0.0108899549, 0.00100471301, -0.048967295),
            (-0.0107123507, 0.00223997748, -0.0490257131),
            (-0.0103950948, 0.00344694499, -0.0490841312),
            (-0.00994232297, 0.0046098805, -0.0491425485),
            (-0.00935993809, 0.00571362395, -0.0492009666),
            (-0.00865553133, 0.00674378593, -0.0492593847),
            (-0.00783828646, 0.0076869363, -0.0493178029),
            (-0.00691885781, 0.00853077974, -0.0493762201),
            (-0.00590923103, 0.00926431641, -0.0494346382),
            (-0.0048225685, 0.00987798255, -0.0494930554),
            (-0.00367303658, 0.010363779, -0.0495514736),
            (-0.00247562071, 0.0107153719, -0.0496098908),
            (-0.00124593172, 0.0109281782, -0.0496683089),
            (-2.67709002e-18, 0.0109994235, -0.0497267271),
            (0.00140892749, 0.0123487515, -0.0478573615),
            (0.00279948744, 0.0121081062, -0.0479157796),
            (0.00415355153, 0.0117105171, -0.0479741968),
            (0.0054534683, 0.0111611681, -0.048032614),
            (0.00668229023, 0.0104672201, -0.0480910322),
            (0.00782399811, 0.00963772088, -0.0481494503),
            (0.00886370894, 0.00868348312, -0.0482078675),
            (0.00978786778, 0.00761694741, -0.0482662847),
            (0.0105844261, 0.00645201793, -0.0483247019),
            (0.0112430006, 0.00520388037, -0.0483831192),
            (0.0117550045, 0.00388880656, -0.0484415373),
            (0.0121137658, 0.00252394099, -0.0484999545),
            (0.0123146046, 0.00112707634, -0.0485583717),
            (0.0123549029, -0.000283577217, -0.0486167889),
            (0.0122341365, -0.0016896294, -0.0486752061),
            (0.0119538801, -0.00307275029, -0.0487336243),
            (0.0115177864, -0.00441490859, -0.0487920415),
            (0.0109315412, -0.00569860823, -0.0488504587),
            (0.010202786, -0.00690711197, -0.0489088768),
            (0.009341022, -0.00802466739, -0.048967294),
            (0.00835748389, -0.0090367049, -0.0490257112),
            (0.00726499269, -0.00993003044, -0.0490841285),
            (0.0060777911, -0.0106929978, -0.0491425466),
            (0.00481135678, -0.0113156624, -0.0492009638),
            (0.00348219858, -0.0117899049, -0.0492593819),
            (0.00210764469, -0.0121095441, -0.0493177992),
            (0.000705614453, -0.0122704124, -0.0493762173),
            (-0.000705614453, -0.0122704124, -0.0494346345),
            (-0.00210764469, -0.0121095441, -0.0494930526),
            (-0.00348219858, -0.0117899049, -0.0495514698),
            (-0.00481135678, -0.0113156624, -0.049609888),
            (-0.0060777911, -0.0106929988, -0.0496683052),
            (-0.00726499269, -0.00993003044, -0.0497267233),
            (-0.00835748389, -0.00903670583, -0.0497851405),
            (-0.009341022, -0.00802466739, -0.0498435587),
            (-0.010202786, -0.00690711243, -0.0499019768),
            (-0.0109315412, -0.00569860823, -0.049960394),
            (-0.0115177864, -0.00441490905, -0.0500188122),
            (-0.0119538801, -0.00307275052, -0.0500772303),
            (-0.0122341365, -0.00168962963, -0.0501356485),
            (-0.0123549029, -0.000283577479, -0.0501940657),
            (-0.0123146046, 0.00112707599, -0.0502524838),
            (-0.0121137658, 0.00252394052, -0.0503109019),
            (-0.0117550045, 0.00388880633, -0.0503693191),
            (-0.0112430006, 0.0052038799, -0.0504277373),
            (-0.0105844261, 0.00645201746, -0.0504861554),
            (-0.00978786778, 0.00761694694, -0.0505445726),
            (-0.00886370894, 0.00868348312, -0.0506029908),
            (-0.00782399811, 0.00963772088, -0.0506614089),
            (-0.00668229023, 0.0104672192, -0.0507198261),
            (-0.0054534683, 0.0111611672, -0.0507782443),
            (-0.00415355153, 0.0117105171, -0.0508366615),
            (-0.00279948744, 0.0121081062, -0.0508950796),
            (-0.00140892749, 0.0123487515, -0.0509534978),
            (-3.02731312e-18, 0.0124293175, -0.051011915),
            (0.00140892749, 0.0123487515, -0.0481786594),
            (0.00279948744, 0.0121081062, -0.0482370766),
            (0.00415355153, 0.0117105171, -0.0482954938),
            (0.0054534683, 0.0111611672, -0.048353912),
            (0.00668229023, 0.0104672201, -0.0484123292),
            (0.00782399811, 0.00963772088, -0.0484707464),
            (0.00886370894, 0.00868348312, -0.0485291645),
            (0.00978786778, 0.00761694741, -0.0485875817),
            (0.0105844261, 0.00645201793, -0.0486459989),
            (0.0112430006, 0.00520388037, -0.0487044171),
            (0.0117550045, 0.00388880656, -0.0487628343),
            (0.0121137658, 0.00252394076, -0.0488212515),
            (0.0123146046, 0.00112707622, -0.0488796687),
            (0.0123549029, -0.000283577276, -0.0489380868),
            (0.0122341365, -0.0016896294, -0.048996504),
            (0.0119538801, -0.00307275029, -0.0490549212),
            (0.0115177864, -0.00441490905, -0.0491133385),
            (0.0109315412, -0.00569860823, -0.0491717557),
            (0.010202786, -0.00690711243, -0.0492301729),
            (0.009341022, -0.00802466739, -0.049288591),
            (0.00835748389, -0.0090367049, -0.0493470092),
            (0.00726499269, -0.00993003044, -0.0494054264),
            (0.0060777911, -0.0106929988, -0.0494638436),
            (0.00481135678, -0.0113156624, -0.0495222608),
            (0.00348219858, -0.0117899049, -0.0495806789),
            (0.00210764469, -0.0121095441, -0.0496390961),
            (0.000705614453, -0.0122704124, -0.0496975133),
            (-0.000705614453, -0.0122704124, -0.0497559315),
            (-0.00210764469, -0.0121095441, -0.0498143496),
            (-0.00348219858, -0.0117899049, -0.0498727668),
            (-0.00481135678, -0.0113156624, -0.049931185),
            (-0.0060777911, -0.0106929988, -0.0499896022),
            (-0.00726499269, -0.00993003044, -0.0500480203),
            (-0.00835748389, -0.00903670583, -0.0501064385),
            (-0.009341022, -0.00802466739, -0.0501648557),
            (-0.010202786, -0.00690711243, -0.0502232738),
            (-0.0109315412, -0.00569860823, -0.050281691),
            (-0.0115177864, -0.00441490905, -0.0503401091),
            (-0.0119538801, -0.00307275052, -0.0503985273),
            (-0.0122341365, -0.00168962963, -0.0504569454),
            (-0.0123549029, -0.000283577509, -0.0505153626),
            (-0.0123146046, 0.00112707599, -0.0505737808),
            (-0.0121137658, 0.00252394052, -0.0506321989),
            (-0.0117550045, 0.0038888061, -0.0506906171),
            (-0.0112430006, 0.0052038799, -0.0507490343),
            (-0.0105844261, 0.00645201746, -0.0508074524),
            (-0.00978786778, 0.00761694694, -0.0508658696),
            (-0.00886370894, 0.00868348312, -0.0509242878),
            (-0.00782399811, 0.00963771995, -0.0509827059),
            (-0.00666636368, 0.0104424376, -0.0510411231),
            (-0.00541447476, 0.0110818595, -0.0510995412),
            (-0.00410405407, 0.0115717901, -0.0511579594),
            (-0.00275278161, 0.0119072553, -0.0512163771),
            (-0.00137870526, 0.012085354, -0.0512747943),
            (-2.94794535e-18, 0.012105274, -0.0513332119),
            (0.00124593172, 0.0109281782, -0.0494638473),
            (0.00247562071, 0.0107153719, -0.0495222645),
            (0.00367303658, 0.010363779, -0.0495806826),
            (0.0048225685, 0.00987798255, -0.0496390999),
            (0.00590923103, 0.00926431641, -0.0496975171),
            (0.00691885781, 0.00853077974, -0.0497559352),
            (0.00783828646, 0.0076869363, -0.0498143524),
            (0.00865553133, 0.00674378546, -0.0498727696),
            (0.00935993809, 0.00571362395, -0.0499311878),
            (0.00994232297, 0.0046098805, -0.049989605),
            (0.0103950948, 0.00344694476, -0.0500480222),
            (0.0107123507, 0.00223997748, -0.0501064403),
            (0.0108899549, 0.00100471277, -0.0501648575),
            (0.0109255919, -0.000242745358, -0.0502232747),
            (0.0108187972, -0.00148613448, -0.0502816919),
            (0.0105709638, -0.00270924554, -0.0503401101),
            (0.0101853199, -0.00389613258, -0.0503985273),
            (0.00966689643, -0.00503132353, -0.0504569445),
            (0.00902244821, -0.00610001897, -0.0505153617),
            (0.00826038048, -0.0070882868, -0.0505737798),
            (0.00739062531, -0.00798324309, -0.0506321971),
            (0.00642452203, -0.00877322257, -0.0506906143),
            (0.00537466537, -0.00944792479, -0.0507490324),
            (0.00425474159, -0.00999855343, -0.0508074496),
            (0.0030793508, -0.0104179326, -0.0508658668),
            (0.00186381605, -0.0107005928, -0.050924285),
            (0.000623983564, -0.0108428504, -0.0509827022),
            (-0.000623983564, -0.0108428504, -0.0510411203),
            (-0.00186381605, -0.0107005928, -0.0510995375),
            (-0.0030793508, -0.0104179326, -0.0511579557),
            (-0.00425474159, -0.00999855343, -0.0512163733),
            (-0.00537466537, -0.00944792479, -0.051274791),
            (-0.00642452203, -0.00877322257, -0.0513332087),
            (-0.00739062531, -0.00798324309, -0.0513916264),
            (-0.00826038048, -0.0070882868, -0.051450044),
            (-0.00902244821, -0.00610001897, -0.0515084622),
            (-0.00966689643, -0.00503132353, -0.0515668798),
            (-0.0101853199, -0.00389613258, -0.0516252975),
            (-0.0105709638, -0.00270924577, -0.0516837157),
            (-0.0108187972, -0.00148613472, -0.0517421338),
            (-0.0109255919, -0.00024274562, -0.0518005515),
            (-0.0108899549, 0.00100471254, -0.0518589691),
            (-0.0107123507, 0.00223997701, -0.0519173868),
            (-0.0103950948, 0.00344694452, -0.051975805),
            (-0.00994232297, 0.00460988004, -0.0520342226),
            (-0.00935993809, 0.00571362348, -0.0520926403),
            (-0.00865553133, 0.00674378546, -0.0521510584),
            (-0.00783828646, 0.00768693583, -0.0522094761),
            (-0.00691885781, 0.00853077974, -0.0522678938),
            (-0.00590923103, 0.00926431641, -0.0523263119),
            (-0.0048225685, 0.00987798255, -0.0523847296),
            (-0.00366847543, 0.0103509957, -0.0524431473),
            (-0.00245920243, 0.0106447665, -0.052501565),
            (-0.00123095268, 0.0107976282, -0.0525599826),
            (-2.63047426e-18, 0.0108091002, -0.0526184003),
            (0.00124593172, 0.0109281782, -0.0497851443),
            (0.00247562071, 0.0107153719, -0.0498435615),
            (0.00367303658, 0.010363779, -0.0499019796),
            (0.0048225685, 0.00987798255, -0.0499603968),
            (0.00590923103, 0.00926431641, -0.050018815),
            (0.00691885781, 0.00853077974, -0.0500772322),
            (0.00783828646, 0.0076869363, -0.0501356494),
            (0.00865553133, 0.00674378546, -0.0501940666),
            (0.00935993809, 0.00571362395, -0.0502524847),
            (0.00994232297, 0.0046098805, -0.0503109019),
            (0.0103950948, 0.00344694476, -0.0503693191),
            (0.0107123507, 0.00223997724, -0.0504277373),
            (0.0108899549, 0.00100471277, -0.0504861545),
            (0.0109255919, -0.000242745402, -0.0505445717),
            (0.0108187972, -0.00148613448, -0.0506029889),
            (0.0105709638, -0.00270924554, -0.0506614071),
            (0.0101853199, -0.00389613258, -0.0507198243),
            (0.00966689643, -0.00503132353, -0.0507782415),
            (0.00902244821, -0.00610001897, -0.0508366587),
            (0.00826038048, -0.0070882868, -0.0508950768),
            (0.00739062531, -0.00798324309, -0.050953494),
            (0.00642452203, -0.00877322257, -0.0510119112),
            (0.00537466537, -0.00944792479, -0.0510703294),
            (0.00425474159, -0.00999855343, -0.0511287466),
            (0.0030793508, -0.0104179326, -0.0511871647),
            (0.00186381605, -0.0107005928, -0.0512455819),
            (0.000623983564, -0.0108428504, -0.0513039996),
            (-0.000623983564, -0.0108428504, -0.0513624173),
            (-0.00186381605, -0.0107005928, -0.051420835),
            (-0.0030793508, -0.0104179326, -0.0514792526),
            (-0.00425474159, -0.00999855343, -0.0515376703),
            (-0.00537466537, -0.00944792479, -0.051596088),
            (-0.00642452203, -0.00877322257, -0.0516545057),
            (-0.00739062531, -0.00798324309, -0.0517129233),
            (-0.00826038048, -0.00708828727, -0.0517713415),
            (-0.00902244821, -0.00610001897, -0.0518297591),
            (-0.00966689643, -0.00503132353, -0.0518881768),
            (-0.0101853199, -0.00389613281, -0.051946595),
            (-0.0105709638, -0.00270924577, -0.0520050126),
            (-0.0108187972, -0.00148613472, -0.0520634303),
            (-0.0109255919, -0.000242745664, -0.0521218484),
            (-0.0108899549, 0.00100471242, -0.0521802661),
            (-0.0107123507, 0.00223997701, -0.0522386843),
            (-0.0103950948, 0.00344694429, -0.0522971019),
            (-0.00994232297, 0.00460988004, -0.0523555196),
            (-0.00935993809, 0.00571362348, -0.0524139377),
            (-0.00862145517, 0.00671750819, -0.0524723554),
            (-0.00776517671, 0.0076158843, -0.0525307731),
            (-0.00681702793, 0.00840624701, -0.0525891912),
            (-0.00579040777, 0.00907942373, -0.0526476089),
            (-0.00469960086, 0.00962787867, -0.0527060266),
            (-0.003559581, 0.0100457976, -0.0527644443),
            (-0.00238580769, 0.010329145, -0.0528228619),
            (-0.00119401433, 0.010475697, -0.0528812796),
            (-2.55110649e-18, 0.0104850559, -0.0529396973),
            (0.00140221138, 0.0122902188, -0.0510703322),
            (0.0027727983, 0.0119933337, -0.0511287503),
            (0.00409415457, 0.0115440441, -0.0511871675),
            (0.00534948613, 0.0109496787, -0.0512455857),
            (0.00652302569, 0.0102193989, -0.0513040029),
            (0.00760022737, 0.00936405919, -0.0513624205),
            (0.00856794976, 0.00839605182, -0.0514208377),
            (0.00941461604, 0.00732912635, -0.0514792554),
            (0.0101303449, 0.00617819559, -0.0515376731),
            (0.010707072, 0.00495912973, -0.0515960903),
            (0.0111386376, 0.00368853635, -0.051654508),
            (0.0114208432, 0.00238353619, -0.0517129252),
            (0.0115514928, 0.00106153206, -0.0517713429),
            (0.0115304012, -0.000260023604, -0.0518297601),
            (0.0113593778, -0.00156385847, -0.0518881777),
            (0.0110421786, -0.00283310632, -0.051946595),
            (0.0105844429, -0.00405152515, -0.0520050126),
            (0.00999359507, -0.00520370482, -0.0520634298),
            (0.00927873421, -0.00627526222, -0.0521218475),
            (0.00845049229, -0.00725302007, -0.0521802647),
            (0.00752088195, -0.00812516734, -0.0522386824),
            (0.006503121, -0.008881405, -0.0522971001),
            (0.00541144889, -0.0095130587, -0.0523555173),
            (0.00426092558, -0.0100131873, -0.0524139349),
            (0.00306722778, -0.0103766453, -0.0524723526),
            (0.00184643164, -0.0106001385, -0.0525307703),
            (0.000614799967, -0.0106822476, -0.052589188),
            (-0.000611436495, -0.0106234271, -0.0526476056),
            (-0.00181629171, -0.0104259765, -0.0527060233),
            (-0.00298423367, -0.0100939926, -0.052764441),
            (-0.00410038326, -0.00963329896, -0.0528228587),
            (-0.00515070558, -0.00905134343, -0.0528812763),
            (-0.00612218492, -0.00835709088, -0.052939694),
            (-0.0070029851, -0.00756088225, -0.0529981122),
            (-0.00778259477, -0.00667428365, -0.0530565298),
            (-0.00845195074, -0.00570992287, -0.0531149475),
            (-0.0090035405, -0.00468130736, -0.0531733656),
            (-0.00943148788, -0.00360263907, -0.0532317833),
            (-0.00973160658, -0.00248861755, -0.053290201),
            (-0.00990144536, -0.00135423976, -0.0533486187),
            (-0.00994029269, -0.000214598083, -0.0534070368),
            (-0.00984916743, 0.00091531896, -0.0534654545),
            (-0.00963079464, 0.00202082493, -0.0535238722),
            (-0.00928953569, 0.00308772619, -0.0535822903),
            (-0.00883132499, 0.00410250388, -0.053640708),
            (-0.00826356467, 0.00505248597, -0.0536991256),
            (-0.00759501196, 0.00592600228, -0.0537575438),
            (-0.00683564879, 0.00671253167, -0.0538159615),
            (-0.00599653367, 0.00740282517, -0.0538743791),
            (-0.00508964388, 0.00798901264, -0.0539327968),
            (-0.00412770174, 0.00846469402, -0.0539912145),
            (-0.0031240026, 0.00882500317, -0.0540496322),
            (-0.00209222827, 0.0090666553, -0.0541080498),
            (0.00136527326, 0.0119682876, -0.0513916296),
            (0.00269940356, 0.0116777122, -0.0514500473),
            (0.00398526015, 0.0112388469, -0.051508465),
            (0.00520651136, 0.0106588835, -0.0515668826),
            (0.00634783413, 0.00994679611, -0.0516252998),
            (0.00739510357, 0.00911320467, -0.0516837175),
            (0.00833556801, 0.00817021448, -0.0517421352),
            (0.00915800408, 0.00713125011, -0.0518005524),
            (0.00985285081, 0.0060108602, -0.0518589701),
            (0.0104123121, 0.00482451729, -0.0519173873),
            (0.0108304545, 0.00358840125, -0.051975805),
            (0.0111032529, 0.00231918413, -0.0520342222),
            (0.0112286387, 0.00103380193, -0.0520926398),
            (0.0112064909, -0.000250770245, -0.052151057),
            (0.0110386321, -0.00151774241, -0.0522094747),
            (0.0107287802, -0.00275072851, -0.0522678919),
            (0.0102824774, -0.00393395964, -0.0523263096),
            (0.00970700104, -0.00505248457, -0.0523847268),
            (0.00901124533, -0.00609235838, -0.0524431445),
            (0.00820559636, -0.00704081636, -0.0525015622),
            (0.00730177155, -0.00788643118, -0.0525599794),
            (0.00631265296, -0.00861924794, -0.052618397),
            (0.00525210565, -0.00923089962, -0.0526768147),
            (0.00413478538, -0.00971470308, -0.0527352324),
            (0.00297593419, -0.0100657269, -0.0527936496),
            (0.00179117511, -0.010280841, -0.0528520673),
            (0.000596300699, -0.0103587331, -0.0529104849),
            (-0.000592937227, -0.0102999127, -0.0529689026),
            (-0.00176103518, -0.0101066781, -0.0530273203),
            (-0.00289294007, -0.00978307519, -0.053085738),
            (-0.00397424307, -0.00933481473, -0.0531441556),
            (-0.0049913628, -0.00876918435, -0.0532025738),
            (-0.00593171734, -0.00809493475, -0.0532609915),
            (-0.00678387564, -0.00732214609, -0.0533194091),
            (-0.0075376993, -0.0064620804, -0.0533778268),
            (-0.00818446185, -0.0055270181, -0.0534362445),
            (-0.00871694554, -0.00453008665, -0.0534946626),
            (-0.00912952237, -0.00348507357, -0.0535530803),
            (-0.00941820908, -0.00240623998, -0.053611498),
            (-0.00958070066, -0.00130812358, -0.0536699161),
            (-0.00961638056, -0.000205344739, -0.0537283338),
            (-0.00952631328, 0.000887588889, -0.0537867515),
            (-0.00931320433, 0.00195647287, -0.0538451696),
            (-0.00898135267, 0.00298759132, -0.0539035873),
            (-0.00853656512, 0.00396789145, -0.0539620049),
            (-0.00798607059, 0.00488515059, -0.0540204231),
            (-0.0073384014, 0.00572812557, -0.0540788408),
            (-0.00660326658, 0.0064866934, -0.0541372584),
            (-0.00402372004, 0.0082532065, -0.0542248852),
            (-0.00306460564, 0.00865853112, -0.0542248852),
            (-0.00206553936, 0.00895188376, -0.0542248852),
            (0.00121752056, 0.0106805628, -0.052676818),
            (0.00240582437, 0.0104152234, -0.0527352357),
            (0.00354968151, 0.0100180525, -0.0527936529),
            (0.00463461271, 0.00949569885, -0.0528520705),
            (0.00564707024, 0.00885638501, -0.0529104882),
            (0.00657460932, 0.00810978189, -0.0529689054),
            (0.00740604056, 0.00726686185, -0.0530273231),
            (0.0081315618, 0.0063397442, -0.0530857408),
            (0.00874287263, 0.0053415196, -0.053144158),
            (0.00923327077, 0.00428606709, -0.0532025756),
            (0.00959771965, 0.00318786129, -0.0532609933),
            (0.00983289722, 0.00206177612, -0.0533194105),
            (0.00993721839, 0.000922881707, -0.0533778282),
            (0.0099108452, -0.000213756881, -0.0534362454),
            (0.0097556524, -0.00133327791, -0.0534946631),
            (0.00947519019, -0.00242121774, -0.0535530803),
            (0.00907461997, -0.00346369832, -0.053611498),
            (0.00856062118, -0.00444760267, -0.0536699156),
            (0.00794129074, -0.0053607421, -0.0537283329),
            (0.00722601404, -0.00619200338, -0.0537867505),
            (0.00642533181, -0.00693148747, -0.0538451682),
            (0.00555078126, -0.00757062156, -0.0539035854),
            (0.00461473409, -0.00810226146, -0.0539620031),
            (0.00363022345, -0.00852076709, -0.0540204208),
            (0.00261075958, -0.00882205833, -0.0540788384),
            (0.00157014874, -0.00900365133, -0.0541372561),
            (-0.00155507878, -0.00891656987, -0.0542248824),
            (-0.00256926264, -0.00868073199, -0.0542248824),
            (-0.00354995229, -0.00833082292, -0.0542248824),
            (-0.0044843629, -0.00787140336, -0.0542248824),
            (-0.00536031323, -0.00730846496, -0.0542248828),
            (-0.00616638316, -0.00664934469, -0.0542248828),
            (-0.00689206552, -0.00590263493, -0.0542248828),
            (-0.00752789853, -0.00507807173, -0.0542248828),
            (-0.00806559436, -0.00418640394, -0.0542248833),
            (-0.00849814247, -0.00323925517, -0.0542248833),
            (-0.00881990511, -0.00224897335, -0.0542248833),
            (-0.00902668573, -0.00122846849, -0.0542248838),
            (-0.00911579002, -0.000191044106, -0.0542248838),
            (-0.00908605661, 0.000849775097, -0.0542248838),
            (-0.00893787201, 0.0018804206, -0.0542248842),
            (-0.00867316872, 0.00288745645, -0.0542248842),
            (-0.00829539727, 0.00385775394, -0.0542248847),
            (-0.00780948298, 0.00477866409, -0.0542248847),
            (-0.00722175976, 0.0056381817, -0.0542248847),
            (-0.00653989054, 0.00642510178, -0.0542248847),
            (0.00118058233, 0.0103586307, -0.052998115),
            (0.0023324294, 0.010099601, -0.0530565326),
            (0.00344078685, 0.00971285347, -0.0531149503),
            (0.00449163746, 0.00920490269, -0.0531733675),
            (0.00547187869, 0.00858378224, -0.0532317852),
            (0.00636948552, 0.00785892643, -0.0532902029),
            (0.00717365928, 0.00704102358, -0.0533486201),
            (0.00787495077, 0.00614186749, -0.0534070377),
            (0.00846537855, 0.00517418422, -0.0534654554),
            (0.0089385109, 0.0041514542, -0.0535238726),
            (0.00928953569, 0.00308772619, -0.0535822903),
            (0.00951530691, 0.00199742429, -0.0536407075),
            (0.00961436424, 0.000895151636, -0.0536991252),
            (0.009586934, -0.000204503522, -0.0537575424),
            (0.00943490677, -0.00128716172, -0.0538159601),
            (0.0091617927, -0.00233884016, -0.0538743777),
            (0.00877265632, -0.00334613258, -0.0539327949),
            (0.00827402715, -0.00429638242, -0.0539912126),
            (0.00767380139, -0.0051778378, -0.0540496303),
            (0.00698111858, -0.0059798006, -0.0541080475),
            (0.0044843629, -0.00787140336, -0.0542248824),
            (0.00354995229, -0.00833082292, -0.0542248824),
            (0.00256926264, -0.00868073199, -0.0542248824),
            (0.00155507878, -0.00891656987, -0.0542248824),
            (0.00103954575, 0.00912943948, -0.0542248852),
            (0.00206553936, 0.00895188376, -0.0542248852),
            (0.00306460564, 0.00865853112, -0.0542248852),
            (0.00402372004, 0.0082532065, -0.0542248852),
            (0.00493037887, 0.00774119189, -0.0542248852),
            (0.00577276293, 0.00712916441, -0.0542248852),
            (0.00653989054, 0.00642510178, -0.0542248847),
            (0.00722175976, 0.0056381817, -0.0542248847),
            (0.00780948298, 0.00477866409, -0.0542248847),
            (0.00829539727, 0.00385775394, -0.0542248847),
            (0.00867316872, 0.00288745645, -0.0542248842),
            (0.00893787201, 0.0018804206, -0.0542248842),
            (0.00908605661, 0.000849775097, -0.0542248838),
            (0.00911579002, -0.000191044106, -0.0542248838),
            (0.00902668573, -0.00122846849, -0.0542248838),
            (0.00881990511, -0.00224897335, -0.0542248833),
            (0.00849814247, -0.00323925517, -0.0542248833),
            (0.00806559436, -0.00418640394, -0.0542248833),
            (0.00752789853, -0.00507807173, -0.0542248828),
            (0.00689206552, -0.00590263493, -0.0542248828),
            (0.00501142675, -0.00539093651, -0.0547933463),
            (0.00560118863, -0.00478408486, -0.0547933463),
            (0.00126381416, -0.00723351259, -0.0547933458),
            (0.00208804267, -0.00704184733, -0.0547933458),
            (0.00655491743, -0.00338930171, -0.0547933468),
            (0.00690645026, -0.00261955266, -0.0547933468),
            (-0.00738424761, 0.000703606638, -0.0547933472),
            (-0.0074084131, -0.000142268371, -0.0547933472),
            (0.00716794655, -0.00181474979, -0.0547933468),
            (0.00084483996, 0.0074324985, -0.0547933482),
            (-1.04859194e-11, 0.00748080807, -0.0547933482),
            (-0.00674167881, 0.00314819417, -0.0547933477),
            (-0.00704869395, 0.00235963217, -0.0547933477),
            (0.00586913247, 0.00459515024, -0.0547933477),
            (0.00531497598, 0.00523468107, -0.0547933482),
            (-0.000423110061, -0.00732997479, -0.0547933458),
            (0.000423110032, -0.00732997479, -0.0547933458),
            (0.00288505037, -0.00675747544, -0.0547933458),
            (-0.00208804267, -0.00704184733, -0.0547933458),
            (-0.00126381416, -0.00723351259, -0.0547933458),
            (-0.00560118863, -0.00478408486, -0.0547933463),
            (-0.00501142675, -0.00539093651, -0.0547933463),
            (-0.0016786661, 0.00728819938, -0.0547933482),
            (-0.00249060825, 0.00704979151, -0.0547933482),
            (-0.00733599719, -0.00098538422, -0.0547933468),
            (0.00733599719, -0.00098538422, -0.0547933468),
            (-0.00611793157, -0.00411396148, -0.0547933463),
            (-0.00726381876, 0.00154121325, -0.0547933472),
            (-0.000844840019, 0.0074324985, -0.0547933482),
            (-0.00586913247, 0.00459515024, -0.0547933477),
            (-0.00634677522, 0.00389661896, -0.0547933477),
            (0.0016786661, 0.00728819938, -0.0547933482),
            (0.00469153048, 0.00580687355, -0.0547933482),
            (0.00400692411, 0.00630426919, -0.0547933482),
            (0.00726381876, 0.00154121325, -0.0547933472),
            (0.00704869395, 0.00235963217, -0.0547933477),
            (0.00674167881, 0.00314819417, -0.0547933477),
            (-0.00435633259, -0.00592660438, -0.0547933463),
            (-0.00364444661, -0.00638410542, -0.0547933463),
            (0.00364444661, -0.00638410542, -0.0547933463),
            (0.00435633259, -0.00592660438, -0.0547933463),
            (0.00249060825, 0.00704979151, -0.0547933482),
            (-0.00469153048, 0.00580687355, -0.0547933482),
            (-0.00531497598, 0.00523468107, -0.0547933482),
            (0.00611793157, -0.00411396148, -0.0547933463),
            (-0.00655491743, -0.00338930171, -0.0547933468),
            (-0.00716794655, -0.00181474979, -0.0547933468),
            (-0.00690645026, -0.00261955266, -0.0547933468),
            (0.00327008148, 0.00672038319, -0.0547933482),
            (-0.00327008148, 0.00672038319, -0.0547933482),
            (0.00738424761, 0.000703606638, -0.0547933472),
            (0.00634677522, 0.00389661896, -0.0547933477),
            (-0.00288505037, -0.00675747544, -0.0547933458),
            (0.0074084131, -0.000142268371, -0.0547933472),
            (-0.00400692411, 0.00630426919, -0.0547933482),
            (-0.00190288457, 0.00459397724, 0.0495481197),
            (-0.00276256143, 0.0041344706, 0.0495481197),
            (1.54387891e-09, 5.14112841e-09, 0.0499999974),
            (-0.00097008131, -0.00487693027, 0.0495481271),
            (1.2799779e-09, -0.00497247512, 0.0495481271),
            (1.54387891e-09, 5.14112841e-09, 0.0499999974),
            (0.00351607543, 0.00351607986, 0.0495481197),
            (0.00276256329, 0.0041344706, 0.0495481197),
            (1.54387891e-09, 5.14112841e-09, 0.0499999974),
            (-0.00097008131, 0.00487693958, 0.0495481197),
            (1.54387891e-09, 5.14112841e-09, 0.0499999974),
            (-0.00190288457, -0.00459396793, 0.0495481271),
            (1.54387891e-09, 5.14112841e-09, 0.0499999974),
            (0.00413446687, 0.00276256748, 0.0495481197),
            (1.54387891e-09, 5.14112841e-09, 0.0499999974),
            (1.2799779e-09, 0.00497248443, 0.0495481197),
            (1.54387891e-09, 5.14112841e-09, 0.0499999974),
            (-0.00276256143, -0.00413446035, 0.0495481271),
            (1.54387891e-09, 5.14112841e-09, 0.0499999974),
            (0.00459397398, 0.00190289144, 0.0495481197),
            (1.54387891e-09, 5.14112841e-09, 0.0499999974),
            (-0.00351607334, -0.00351606915, 0.0495481271),
            (1.54387891e-09, 5.14112841e-09, 0.0499999974),
            (0.00487693585, 0.000970088062, 0.0495481271),
            (1.54387891e-09, 5.14112841e-09, 0.0499999974),
            (-0.00413446454, -0.00276255677, 0.0495481271),
            (1.54387891e-09, 5.14112841e-09, 0.0499999974),
            (0.00497248117, 5.15521759e-09, 0.0495481271),
            (1.54387891e-09, 5.14112841e-09, 0.0499999974),
            (-0.00459397165, -0.00190288108, 0.0495481271),
            (1.54387891e-09, 5.14112841e-09, 0.0499999974),
            (0.00487693585, -0.000970077468, 0.0495481271),
            (1.54387891e-09, 5.14112841e-09, 0.0499999974),
            (-0.00487693399, -0.000970077468, 0.0495481271),
            (1.54387891e-09, 5.14112841e-09, 0.0499999974),
            (0.00459397398, -0.00190288108, 0.0495481271),
            (1.54387891e-09, 5.14112841e-09, 0.0499999974),
            (-0.00497247931, 5.15521759e-09, 0.0495481271),
            (1.54387891e-09, 5.14112841e-09, 0.0499999974),
            (0.00413446687, -0.00276255677, 0.0495481271),
            (1.54387891e-09, 5.14112841e-09, 0.0499999974),
            (-0.00487693399, 0.000970088062, 0.0495481271),
            (1.54387891e-09, 5.14112841e-09, 0.0499999974),
            (0.00351607543, -0.00351606915, 0.0495481271),
            (1.54387891e-09, 5.14112841e-09, 0.0499999974),
            (-0.00459397165, 0.00190289144, 0.0495481197),
            (1.54387891e-09, 5.14112841e-09, 0.0499999974),
            (0.00276256329, -0.00413446035, 0.0495481271),
            (1.54387891e-09, 5.14112841e-09, 0.0499999974),
            (-0.00413446454, 0.00276256748, 0.0495481197),
            (1.54387891e-09, 5.14112841e-09, 0.0499999974),
            (0.00190288771, -0.00459396793, 0.0495481271),
            (1.54387891e-09, 5.14112841e-09, 0.0499999974),
            (0.000970083987, 0.00487693958, 0.0495481197),
            (1.2799779e-09, 0.00497248443, 0.0495481197),
            (1.54387891e-09, 5.14112841e-09, 0.0499999974),
            (-0.00351607334, 0.00351607986, 0.0495481197),
            (1.54387891e-09, 5.14112841e-09, 0.0499999974),
            (0.000970083987, -0.00487693027, 0.0495481271),
            (1.54387891e-09, 5.14112841e-09, 0.0499999974),
            (0.00190288771, 0.00459397724, 0.0495481197),
            (1.54387891e-09, 5.14112841e-09, 0.0499999974),
            (1.54387891e-09, 5.14112841e-09, 0.0499999974),
            (1.54387891e-09, 5.14112841e-09, 0.0499999974),
            (1.54387891e-09, 5.14112841e-09, 0.0499999974),
            (0.00555871334, -0.0279455371, 0.0100551847),
            (0.0109038083, -0.0263241194, 0.0100551847),
            (0.0112458048, -0.0271497741, 0.0139207322),
            (0.00573306205, -0.028822042, 0.0139207322),
            (-0.011245803, -0.0271497741, 0.0139207322),
            (-0.00573305925, -0.028822042, 0.0139207322),
            (-0.00585270813, -0.0294235554, 0.0173315186),
            (-0.0114805028, -0.0277163871, 0.0173315186),
            (0.0109038083, 0.0263241157, 0.0100551773),
            (0.00555871334, 0.0279455334, 0.0100551698),
            (0.00573306205, 0.0288220402, 0.0139207247),
            (0.0112458048, 0.0271497723, 0.0139207247),
            (-0.0158298742, 0.0236910768, 0.0100551773),
            (-0.0201476067, 0.0201476049, 0.0100551773),
            (-0.0207795352, 0.0207795333, 0.0139207247),
            (-0.0163263753, 0.0244341455, 0.0139207247),
            (8.44398051e-10, -0.0284930207, 0.0100551847),
            (9.16788589e-10, -0.0293867011, 0.0139207322),
            (0.0158298742, 0.0236910768, 0.0100551773),
            (0.0163263753, 0.0244341455, 0.0139207247),
            (-0.0109038064, 0.0263241157, 0.0100551773),
            (-0.011245803, 0.0271497723, 0.0139207247),
            (-0.00555871148, -0.0279455371, 0.0100551847),
            (0.0201476067, 0.0201476049, 0.0100551773),
            (0.0207795352, 0.0207795333, 0.0139207247),
            (-0.00555871148, 0.0279455334, 0.0100551698),
            (-0.00573305925, 0.0288220402, 0.0139207247),
            (-0.0109038064, -0.0263241194, 0.0100551847),
            (0.0236910786, 0.0158298723, 0.0100551773),
            (0.0244341455, 0.0163263734, 0.0139207247),
            (8.44398051e-10, 0.0284930188, 0.0100551698),
            (9.16788589e-10, 0.0293866992, 0.0139207247),
            (-0.0158298742, -0.0236910805, 0.0100551847),
            (-0.0163263753, -0.0244341474, 0.0139207322),
            (0.0263241176, 0.0109038055, 0.0100551773),
            (0.0271497723, 0.011245803, 0.0139207247),
            (-0.0201476067, -0.0201476086, 0.0100551847),
            (-0.0207795352, -0.020779537, 0.0139207322),
            (0.0279455353, 0.00555871148, 0.0100551773),
            (0.028822042, 0.00573306065, 0.0139207247),
            (-0.0236910786, -0.0158298742, 0.0100551773),
            (-0.0244341455, -0.0163263772, 0.0139207322),
            (0.0284930207, -1.55825652e-09, 0.0100551773),
            (0.0293867011, -8.92340257e-10, 0.0139207322),
            (-0.0263241176, -0.0109038092, 0.0100551773),
            (-0.0271497723, -0.0112458048, 0.0139207322),
            (0.0279455353, -0.00555871427, 0.0100551773),
            (0.028822042, -0.00573306158, 0.0139207322),
            (-0.0279455353, -0.00555871427, 0.0100551773),
            (-0.028822042, -0.00573306158, 0.0139207322),
            (0.0263241176, -0.0109038092, 0.0100551773),
            (0.0271497723, -0.0112458048, 0.0139207322),
            (-0.0284930207, -1.55825652e-09, 0.0100551773),
            (-0.0293867011, -8.92340257e-10, 0.0139207322),
            (0.0236910786, -0.0158298742, 0.0100551773),
            (0.0244341455, -0.0163263772, 0.0139207322),
            (-0.0279455353, 0.00555871148, 0.0100551773),
            (-0.028822042, 0.00573306065, 0.0139207247),
            (0.0201476067, -0.0201476086, 0.0100551847),
            (0.0207795352, -0.020779537, 0.0139207322),
            (-0.0263241176, 0.0109038055, 0.0100551773),
            (-0.0271497723, 0.011245803, 0.0139207247),
            (0.0158298742, -0.0236910805, 0.0100551847),
            (0.0163263753, -0.0244341474, 0.0139207322),
            (-0.0236910786, 0.0158298723, 0.0100551773),
            (-0.0244341455, 0.0163263734, 0.0139207247),
            (8.44398051e-10, 0.0284930188, 0.0100551698),
            (9.16788589e-10, 0.0293866992, 0.0139207247),
            (-0.0249440875, -0.0166671071, 0.0173315186),
            (-0.0212132037, -0.0212132037, 0.0173315186),
            (-0.0212132037, -0.0212132018, 0.0224476907),
            (-0.0249440875, -0.0166671053, 0.0224476907),
            (0.0212132037, 0.0212132018, 0.0173315111),
            (0.0249440875, 0.0166671053, 0.0173315111),
            (-0.00585270813, 0.0294235554, 0.0173315111),
            (9.88719773e-10, 0.0299999993, 0.0173315111),
            (-0.0166671071, -0.0249440875, 0.0173315186),
            (0.0277163871, 0.0114805037, 0.0173315111),
            (0.0294235554, 0.00585270952, 0.0173315111),
            (0.0299999993, -3.2771047e-10, 0.0173315111),
            (-0.0277163871, -0.0114805046, 0.0173315111),
            (0.0294235554, -0.00585270952, 0.0173315111),
            (-0.0294235554, -0.00585270952, 0.0173315111),
            (0.0277163871, -0.0114805046, 0.0173315111),
            (-0.0299999993, -3.2771047e-10, 0.0173315111),
            (0.0249440875, -0.0166671071, 0.0173315186),
            (-0.0294235554, 0.00585270952, 0.0173315111),
            (0.0212132037, -0.0212132037, 0.0173315186),
            (-0.0277163871, 0.0114805037, 0.0173315111),
            (0.0166671071, -0.0249440875, 0.0173315186),
            (-0.0249440875, 0.0166671053, 0.0173315111),
            (0.0114805046, -0.0277163871, 0.0173315186),
            (9.88719773e-10, 0.0299999993, 0.0173315111),
            (0.00585271092, 0.0294235554, 0.0173315111),
            (-0.0212132037, 0.0212132018, 0.0173315111),
            (0.00585271092, -0.0294235554, 0.0173315186),
            (0.0114805046, 0.0277163871, 0.0173315111),
            (-0.0166671071, 0.0249440856, 0.0173315111),
            (9.88719773e-10, -0.0299999993, 0.0173315186),
            (0.0166671071, 0.0249440856, 0.0173315111),
            (-0.0114805028, 0.0277163871, 0.0173315111),
            (-0.0299999993, 5.12945075e-10, 0.0224476907),
            (-0.0294235554, -0.00585270906, 0.0224476907),
            (-0.0286456421, -0.00569797074, 0.0267680067),
            (-0.029206844, 1.22335597e-09, 0.0267680067),
            (0.0294235554, 0.00585271046, 0.0224476833),
            (0.0299999993, 5.12945075e-10, 0.0224476907),
            (-0.0277163871, -0.0114805037, 0.0224476907),
            (0.0294235554, -0.00585270906, 0.0224476907),
            (0.0277163871, -0.0114805037, 0.0224476907),
            (0.0249440875, -0.0166671053, 0.0224476907),
            (-0.0294235554, 0.00585271046, 0.0224476833),
            (0.0212132037, -0.0212132018, 0.0224476907),
            (-0.0277163871, 0.0114805046, 0.0224476833),
            (0.0166671071, -0.0249440856, 0.0224476907),
            (-0.0249440875, 0.0166671071, 0.0224476833),
            (0.0114805046, -0.0277163871, 0.0224476907),
            (7.71899489e-10, 0.0299999993, 0.0224476833),
            (0.00585271046, 0.0294235554, 0.0224476833),
            (-0.0212132037, 0.0212132037, 0.0224476833),
            (0.00585271046, -0.0294235554, 0.0224476907),
            (0.0114805046, 0.0277163871, 0.0224476833),
            (-0.0166671071, 0.0249440875, 0.0224476833),
            (7.71899489e-10, -0.0299999993, 0.0224476907),
            (0.0166671071, 0.0249440875, 0.0224476833),
            (-0.0114805028, 0.0277163871, 0.0224476833),
            (-0.00585270859, -0.0294235554, 0.0224476907),
            (0.0212132037, 0.0212132037, 0.0224476833),
            (-0.00585270859, 0.0294235554, 0.0224476833),
            (-0.0114805028, -0.0277163871, 0.0224476907),
            (0.0249440875, 0.0166671071, 0.0224476833),
            (7.71899489e-10, 0.0299999993, 0.0224476833),
            (-0.0166671071, -0.0249440856, 0.0224476907),
            (0.0277163871, 0.0114805046, 0.0224476833),
            (-0.0242846012, 0.0162264537, 0.0267680067),
            (-0.0269836057, 0.0111769782, 0.0267680067),
            (-0.0260054339, 0.0107718073, 0.0305198658),
            (-0.0234042723, 0.0156382378, 0.0305198658),
            (0.0269836076, -0.0111769754, 0.0267680067),
            (0.0242846012, -0.0162264518, 0.0267680142),
            (-0.0286456421, 0.005697974, 0.0267680067),
            (0.0206523575, -0.0206523556, 0.0267680142),
            (0.0162264537, -0.0242846012, 0.0267680142),
            (0.0111769773, -0.0269836057, 0.0267680142),
            (9.56133506e-10, 0.0292068459, 0.0267680067),
            (0.00569797354, 0.0286456421, 0.0267680067),
            (-0.0206523575, 0.0206523575, 0.0267680067),
            (0.00569797354, -0.0286456402, 0.0267680142),
            (0.0111769773, 0.0269836076, 0.0267680067),
            (-0.0162264537, 0.0242846031, 0.0267680067),
            (9.56133506e-10, -0.0292068422, 0.0267680142),
            (0.0162264537, 0.0242846031, 0.0267680067),
            (-0.0111769754, 0.0269836076, 0.0267680067),
            (-0.00569797121, -0.0286456402, 0.0267680142),
            (0.0206523575, 0.0206523575, 0.0267680067),
            (-0.00569797121, 0.0286456421, 0.0267680067),
            (-0.0111769754, -0.0269836057, 0.0267680142),
            (0.0242846012, 0.0162264537, 0.0267680067),
            (9.56133506e-10, 0.0292068459, 0.0267680067),
            (-0.0162264537, -0.0242846012, 0.0267680142),
            (0.0269836076, 0.0111769782, 0.0267680067),
            (-0.0206523575, -0.0206523556, 0.0267680142),
            (0.0286456421, 0.005697974, 0.0267680067),
            (-0.0242846012, -0.0162264518, 0.0267680142),
            (0.029206844, 1.22335597e-09, 0.0267680067),
            (-0.0269836057, -0.0111769754, 0.0267680067),
            (0.0286456421, -0.00569797074, 0.0267680067),
            (0.015638236, 0.0234042741, 0.0305198658),
            (0.0107718073, 0.0260054376, 0.0305198658),
            (0.0100578303, 0.0242817439, 0.034612805),
            (0.0146017009, 0.0218529906, 0.034612805),
            (0.015638236, -0.0234042704, 0.0305198733),
            (0.0107718073, -0.0260054339, 0.0305198733),
            (1.50087653e-09, 0.0281480812, 0.0305198658),
            (0.00549141923, 0.027607223, 0.0305198658),
            (-0.0199036971, 0.0199036989, 0.0305198658),
            (0.00549141923, -0.0276072193, 0.0305198733),
            (-0.015638236, 0.0234042741, 0.0305198658),
            (1.50087653e-09, -0.0281480774, 0.0305198733),
            (-0.0107718036, 0.0260054376, 0.0305198658),
            (-0.00549141644, -0.0276072193, 0.0305198733),
            (0.0199036971, 0.0199036989, 0.0305198658),
            (-0.00549141644, 0.027607223, 0.0305198658),
            (-0.0107718036, -0.0260054339, 0.0305198733),
            (0.0234042723, 0.0156382378, 0.0305198658),
            (1.50087653e-09, 0.0281480812, 0.0305198658),
            (-0.015638236, -0.0234042704, 0.0305198733),
            (0.0260054376, 0.0107718073, 0.0305198658),
            (-0.0199036971, -0.0199036952, 0.0305198733),
            (0.027607223, 0.00549142016, 0.0305198658),
            (-0.0234042723, -0.0156382341, 0.0305198733),
            (0.0281480793, 1.83238291e-09, 0.0305198658),
            (-0.0260054339, -0.0107718036, 0.0305198733),
            (0.027607223, -0.00549141597, 0.0305198658),
            (-0.027607223, -0.00549141597, 0.0305198658),
            (0.0260054376, -0.0107718036, 0.0305198733),
            (-0.0281480793, 1.83238291e-09, 0.0305198658),
            (0.0234042723, -0.0156382341, 0.0305198733),
            (-0.027607223, 0.00549142016, 0.0305198658),
            (0.0199036971, -0.0199036952, 0.0305198733),
            (0.0242817421, 0.0100578303, 0.034612805),
            (0.0218529887, 0.0146017028, 0.034612805),
            (0.0203602966, 0.0136043187, 0.0376393501),
            (0.0226231515, 0.0093708206, 0.0376393501),
            (-0.0146017009, 0.0218529906, 0.034612805),
            (-0.0100578256, 0.0242817439, 0.034612805),
            (1.33505795e-09, -0.0262823626, 0.0346128125),
            (-0.00512743369, -0.0257773548, 0.0346128125),
            (0.0185844395, 0.0185844414, 0.034612805),
            (-0.00512743369, 0.0257773586, 0.034612805),
            (-0.0100578256, -0.0242817383, 0.0346128125),
            (1.33505795e-09, 0.0262823664, 0.034612805),
            (-0.0146017009, -0.021852985, 0.0346128125),
            (-0.0185844395, -0.0185844358, 0.0346128125),
            (0.0257773567, 0.00512743788, 0.034612805),
            (-0.0218529887, -0.0146016981, 0.0346128125),
            (0.0262823645, 2.51041721e-09, 0.034612805),
            (-0.0242817402, -0.0100578256, 0.034612805),
            (0.0257773567, -0.00512743229, 0.034612805),
            (-0.0257773567, -0.00512743229, 0.034612805),
            (0.0242817421, -0.0100578256, 0.034612805),
            (-0.0262823645, 2.51041721e-09, 0.034612805),
            (0.0218529887, -0.0146016981, 0.0346128125),
            (-0.0257773567, 0.00512743788, 0.034612805),
            (0.0185844395, -0.0185844358, 0.0346128125),
            (-0.0242817402, 0.0100578303, 0.034612805),
            (0.0146017009, -0.021852985, 0.0346128125),
            (-0.0218529887, 0.0146017028, 0.034612805),
            (0.0100578303, -0.0242817383, 0.0346128125),
            (1.33505795e-09, 0.0262823664, 0.034612805),
            (0.00512743602, 0.0257773586, 0.034612805),
            (-0.0185844395, 0.0185844414, 0.034612805),
            (0.00512743602, -0.0257773548, 0.0346128125),
            (0.0240166076, -0.00477719679, 0.0376393501),
            (0.0244871192, 2.99764791e-09, 0.0376393501),
            (0.021572046, 3.50279672e-09, 0.0407316912),
            (0.021157546, -0.00420849398, 0.0407316912),
            (-0.0136043169, -0.0203602929, 0.0376393501),
            (-0.0173150077, -0.017315004, 0.0376393501),
            (0.0240166076, 0.00477720331, 0.0376393501),
            (-0.0203602966, -0.0136043131, 0.0376393501),
            (-0.0226231478, -0.00937081408, 0.0376393501),
            (-0.0240166076, -0.00477719679, 0.0376393501),
            (0.0226231515, -0.00937081408, 0.0376393501),
            (-0.0244871192, 2.99764791e-09, 0.0376393501),
            (0.0203602966, -0.0136043131, 0.0376393501),
            (-0.0240166076, 0.00477720331, 0.0376393501),
            (0.0173150077, -0.017315004, 0.0376393501),
            (-0.0226231478, 0.0093708206, 0.0376393501),
            (0.013604315, -0.0203602929, 0.0376393501),
            (-0.0203602966, 0.0136043187, 0.0376393501),
            (0.00937081873, -0.022623146, 0.0376393501),
            (1.16382859e-09, 0.0244871229, 0.0376393426),
            (0.00477720099, 0.0240166094, 0.0376393426),
            (-0.0173150077, 0.0173150115, 0.0376393501),
            (0.00477720099, -0.0240166038, 0.0376393501),
            (0.00937081873, 0.0226231534, 0.0376393426),
            (-0.0136043169, 0.0203602985, 0.0376393501),
            (1.16382859e-09, -0.0244871173, 0.0376393501),
            (0.013604315, 0.0203602985, 0.0376393501),
            (-0.00937081501, 0.0226231534, 0.0376393426),
            (-0.00477719866, -0.0240166038, 0.0376393501),
            (0.0173150077, 0.0173150115, 0.0376393501),
            (-0.00477719866, 0.0240166094, 0.0376393426),
            (-0.00937081501, -0.022623146, 0.0376393501),
            (1.16382859e-09, 0.0244871229, 0.0376393426),
            (0.0152537404, -0.0152537366, 0.0407316912),
            (0.0179365017, -0.0119847851, 0.0407316912),
            (0.0162777118, -0.0108764162, 0.0426397327),
            (0.0138430567, -0.0138430521, 0.0426397327),
            (-0.0199299715, -0.00825526379, 0.0407316912),
            (-0.021157546, -0.00420849398, 0.0407316912),
            (0.0199299753, -0.00825526379, 0.0407316912),
            (-0.021572046, 3.50279672e-09, 0.0407316912),
            (-0.021157546, 0.00420850143, 0.0407316912),
            (-0.0199299715, 0.00825527124, 0.0407316837),
            (0.0119847879, -0.0179364979, 0.0407316912),
            (-0.0179365017, 0.0119847916, 0.0407316837),
            (0.00825526845, -0.0199299697, 0.0407316912),
            (9.14609166e-10, 0.0215720497, 0.0407316837),
            (0.00420849817, 0.0211575497, 0.0407316837),
            (-0.0152537404, 0.0152537432, 0.0407316837),
            (0.00420849817, -0.0211575422, 0.0407316912),
            (0.00825526845, 0.0199299771, 0.0407316837),
            (-0.0119847897, 0.0179365035, 0.0407316837),
            (9.14609166e-10, -0.0215720423, 0.0407316912),
            (0.0119847879, 0.0179365035, 0.0407316837),
            (-0.00825526472, 0.0199299771, 0.0407316837),
            (-0.00420849631, -0.0211575422, 0.0407316912),
            (0.0152537404, 0.0152537432, 0.0407316837),
            (-0.00420849631, 0.0211575497, 0.0407316837),
            (-0.00825526472, -0.0199299697, 0.0407316912),
            (0.0179365017, 0.0119847916, 0.0407316837),
            (9.14609166e-10, 0.0215720497, 0.0407316837),
            (-0.0119847897, -0.0179364979, 0.0407316912),
            (0.0199299753, 0.00825527124, 0.0407316837),
            (-0.0152537404, -0.0152537366, 0.0407316912),
            (0.021157546, 0.00420850143, 0.0407316912),
            (-0.0179365017, -0.0119847851, 0.0407316912),
            (0.00381929101, -0.019200867, 0.0426397327),
            (0.00749181118, -0.0180868227, 0.0426397327),
            (0.00661405176, -0.015967723, 0.0444161672),
            (0.0033718131, -0.0169512425, 0.0444161672),
            (-0.0192008708, 0.00381929451, 0.0426397327),
            (-0.0180868246, 0.00749181397, 0.0426397327),
            (0.0108764209, -0.0162777081, 0.0426397327),
            (-0.0162777118, 0.0108764246, 0.0426397327),
            (5.72926484e-10, 0.0195770413, 0.0426397327),
            (0.00381929101, 0.0192008745, 0.0426397327),
            (-0.0138430549, 0.0138430595, 0.0426397327),
            (0.00749181118, 0.0180868302, 0.0426397327),
            (-0.0108764218, 0.0162777156, 0.0426397327),
            (5.72926484e-10, -0.0195770338, 0.0426397327),
            (0.0108764209, 0.0162777156, 0.0426397327),
            (-0.00749180792, 0.0180868302, 0.0426397327),
            (-0.00381928962, -0.019200867, 0.0426397327),
            (0.0138430567, 0.0138430595, 0.0426397327),
            (-0.00381928962, 0.0192008745, 0.0426397327),
            (-0.00749180792, -0.0180868227, 0.0426397327),
            (0.0162777118, 0.0108764246, 0.0426397327),
            (5.72926484e-10, 0.0195770413, 0.0426397327),
            (-0.0108764218, -0.0162777081, 0.0426397327),
            (0.0180868264, 0.00749181397, 0.0426397327),
            (-0.0138430549, -0.0138430521, 0.0426397327),
            (0.0192008708, 0.00381929451, 0.0426397327),
            (-0.0162777118, -0.0108764162, 0.0426397327),
            (0.0195770375, 3.78828258e-09, 0.0426397327),
            (-0.0180868246, -0.00749180652, 0.0426397327),
            (0.0192008708, -0.00381928659, 0.0426397327),
            (-0.0192008708, -0.00381928659, 0.0426397327),
            (0.0180868264, -0.00749180652, 0.0426397327),
            (-0.0195770375, 3.78828258e-09, 0.0426397327),
            (-0.00661404803, -0.015967723, 0.0444161672),
            (-0.00337181194, -0.0169512425, 0.0444161672),
            (-0.00290765264, -0.0146177569, 0.0457978476),
            (-0.00570356753, -0.0137696275, 0.0457978476),
            (0.0033718131, 0.0169512499, 0.0444161672),
            (0.00661405176, 0.0159677304, 0.0444161672),
            (-0.0122211678, 0.0122211725, 0.0444161672),
            (-0.0096021127, 0.0143705765, 0.0444161672),
            (4.44358106e-10, -0.0172833372, 0.0444161672),
            (0.00960211083, 0.0143705765, 0.0444161672),
            (-0.00661404803, 0.0159677304, 0.0444161672),
            (0.0122211687, 0.0122211725, 0.0444161672),
            (-0.00337181194, 0.0169512499, 0.0444161672),
            (0.0143705728, 0.00960211456, 0.0444161672),
            (4.44358106e-10, 0.0172833446, 0.0444161672),
            (-0.0096021127, -0.0143705681, 0.0444161672),
            (0.0159677267, 0.00661405502, 0.0444161672),
            (-0.0122211678, -0.0122211641, 0.0444161672),
            (0.0169512462, 0.00337181729, 0.0444161672),
            (-0.0143705728, -0.00960210711, 0.0444161672),
            (0.0172833409, 4.16212753e-09, 0.0444161672),
            (-0.0159677267, -0.00661404617, 0.0444161672),
            (0.0169512462, -0.00337180845, 0.0444161672),
            (-0.0169512462, -0.00337180845, 0.0444161672),
            (0.0159677267, -0.00661404617, 0.0444161672),
            (-0.0172833409, 4.16212753e-09, 0.0444161672),
            (0.0143705728, -0.00960210711, 0.0444161672),
            (-0.0169512462, 0.00337181729, 0.0444161672),
            (0.0122211687, -0.0122211641, 0.0444161672),
            (-0.0159677267, 0.00661405502, 0.0444161672),
            (0.00960211083, -0.0143705681, 0.0444161672),
            (-0.0143705728, 0.00960211456, 0.0444161672),
            (4.44358106e-10, 0.0172833446, 0.0444161672),
            (-0.0123923384, -0.00828029402, 0.0457978476),
            (-0.0105388192, -0.0105388155, 0.0457978476),
            (-0.00846831873, -0.00846831501, 0.047245324),
            (-0.00995768793, -0.00665351143, 0.047245324),
            (0.0105388202, 0.0105388239, 0.0457978476),
            (0.0123923402, 0.0082803024, 0.0457978476),
            (-0.00290765264, 0.0146177653, 0.0457978476),
            (5.76081793e-10, 0.0149041452, 0.0457978476),
            (-0.00828029867, -0.0123923346, 0.0457978476),
            (0.0137696322, 0.00570357451, 0.0457978476),
            (0.0146177616, 0.00290765846, 0.0457978476),
            (0.0149041414, 4.35549063e-09, 0.0457978476),
            (-0.0137696313, -0.0057035652, 0.0457978476),
            (0.0146177616, -0.00290764915, 0.0457978476),
            (-0.0146177616, -0.00290764915, 0.0457978476),
            (0.0137696322, -0.0057035652, 0.0457978476),
            (-0.0149041414, 4.35549063e-09, 0.0457978476),
            (0.0123923402, -0.00828029402, 0.0457978476),
            (-0.0146177616, 0.00290765846, 0.0457978476),
            (0.0105388202, -0.0105388155, 0.0457978476),
            (-0.0137696313, 0.00570357451, 0.0457978476),
            (0.00828029774, -0.0123923346, 0.0457978476),
            (-0.0123923384, 0.0082803024, 0.0457978476),
            (0.00570357079, -0.0137696275, 0.0457978476),
            (5.76081793e-10, 0.0149041452, 0.0457978476),
            (0.00290765427, 0.0146177653, 0.0457978476),
            (-0.0105388192, 0.0105388239, 0.0457978476),
            (0.00290765427, -0.0146177569, 0.0457978476),
            (0.00570357079, 0.0137696359, 0.0457978476),
            (-0.00828029867, 0.012392344, 0.0457978476),
            (5.76081793e-10, -0.0149041368, 0.0457978476),
            (0.00828029774, 0.012392344, 0.0457978476),
            (-0.00570356753, 0.0137696359, 0.0457978476),
            (-0.011976012, 4.61818628e-09, 0.047245324),
            (-0.0117458953, -0.00233639893, 0.047245324),
            (-0.00802142546, -0.00159555604, 0.0488243852),
            (-0.00817857496, 4.90988183e-09, 0.0488243852),
            (0.0117458953, 0.00233640894, 0.047245324),
            (0.011976012, 4.61818628e-09, 0.047245324),
            (-0.0110643925, -0.0045830179, 0.047245324),
            (0.0117458953, -0.00233639893, 0.047245324),
            (0.0110643925, -0.0045830179, 0.047245324),
            (0.00995768886, -0.00665351143, 0.047245324),
            (-0.0117458953, 0.00233640894, 0.047245324),
            (0.00846831873, -0.00846831501, 0.047245324),
            (-0.0110643925, 0.00458302768, 0.047245324),
            (0.00665351655, -0.0099576842, 0.047245324),
            (-0.00995768793, 0.00665352121, 0.047245324),
            (0.00458302349, -0.0110643879, 0.047245324),
            (6.34182928e-10, 0.0119760158, 0.047245324),
            (0.00233640452, 0.0117458999, 0.047245324),
            (-0.00846831873, 0.00846832339, 0.047245324),
            (0.00233640452, -0.0117458906, 0.047245324),
            (0.00458302349, 0.0110643962, 0.047245324),
            (-0.00665351609, 0.00995769259, 0.047245324),
            (6.34182928e-10, -0.0119760074, 0.047245324),
            (0.00665351655, 0.00995769259, 0.047245324),
            (-0.00458302069, 0.0110643962, 0.047245324),
            (-0.00233640289, -0.0117458906, 0.047245324),
            (0.00846831873, 0.00846832339, 0.047245324),
            (-0.00233640289, 0.0117458999, 0.047245324),
            (-0.00458302069, -0.0110643879, 0.047245324),
            (0.00995768886, 0.00665352121, 0.047245324),
            (6.34182928e-10, 0.0119760158, 0.047245324),
            (-0.00665351609, -0.0099576842, 0.047245324),
            (0.0110643925, 0.00458302768, 0.047245324),
            (-0.00680023571, 0.00454377895, 0.0488243852),
            (-0.00755601795, 0.00312981149, 0.0488243852),
            (0.00755602075, -0.00312980148, 0.0488243852),
            (0.00680023804, -0.00454376871, 0.0488243852),
            (-0.00802142546, 0.00159556617, 0.0488243852),
            (0.00578312762, -0.00578312157, 0.0488243852),
            (0.00454377523, -0.00680023152, 0.0488243852),
            (0.00312980823, -0.00755601423, 0.0488243852),
            (1.53596336e-09, 0.00817858055, 0.0488243852),
            (0.00159556267, 0.00802143104, 0.0488243852),
            (-0.00578312576, 0.00578313181, 0.0488243852),
            (0.00159556267, -0.00802142173, 0.0488243852),
            (0.00312980823, 0.00755602354, 0.0488243852),
            (-0.0045437729, 0.00680024177, 0.0488243852),
            (1.53596336e-09, -0.00817857124, 0.0488243852),
            (0.00454377523, 0.00680024177, 0.0488243852),
            (-0.00312980427, 0.00755602354, 0.0488243852),
            (-0.00159555918, -0.00802142173, 0.0488243852),
            (0.00578312762, 0.00578313181, 0.0488243852),
            (-0.00159555918, 0.00802143104, 0.0488243852),
            (-0.00312980427, -0.00755601423, 0.0488243852),
            (0.00680023804, 0.00454377895, 0.0488243852),
            (1.53596336e-09, 0.00817858055, 0.0488243852),
            (-0.0045437729, -0.00680023152, 0.0488243852),
            (0.00755602075, 0.00312981149, 0.0488243852),
            (-0.00578312576, -0.00578312157, 0.0488243852),
            (0.00802142732, 0.00159556617, 0.0488243852),
            (-0.00680023571, -0.00454376871, 0.0488243852),
            (0.00817857776, 4.90988183e-09, 0.0488243852),
            (-0.00755601795, -0.00312980148, 0.0488243852),
            (0.00802142732, -0.00159555604, 0.0488243852),
            (-0.0138576999, -8.1543563e-09, -0.0297372822),
            (-0.0135914274, -0.00270351116, -0.0297372822),
            (-0.0160088949, -0.00318437489, -0.0283729691),
            (-0.0163225271, -7.92518051e-09, -0.028372971),
            (0.00906831026, 0.0135716759, -0.0283729728),
            (0.00624636095, 0.0150800394, -0.0283729728),
            (0.00664701266, 0.0160473008, -0.0199597102),
            (0.00964996684, 0.0144421868, -0.0199597102),
            (0.00530311232, 0.0128028365, -0.0297372859),
            (0.00270350324, 0.013591419, -0.0297372859),
            (0.00318436697, 0.0160088856, -0.0283729728),
            (0.0115222558, -0.00769893359, -0.0297372822),
            (0.0128028449, -0.00530312071, -0.0297372822),
            (0.0150800478, -0.00624636887, -0.0283729691),
            (0.0135716842, -0.00906831771, -0.0283729691),
            (-0.00979887322, -0.0097988816, -0.0297372822),
            (-0.00769892568, -0.0115222642, -0.0297372803),
            (-0.00906831026, -0.0135716917, -0.0283729691),
            (-0.0115417689, -0.0115417773, -0.0283729691),
            (-0.00769892568, 0.0115222475, -0.029737284),
            (-0.00979887322, 0.00979886483, -0.029737284),
            (-0.0115417689, 0.0115417615, -0.0283729728),
            (-0.00906831026, 0.0135716759, -0.0283729728),
            (0.0135914274, 0.00270349486, -0.029737284),
            (0.0128028449, 0.00530310441, -0.029737284),
            (0.0150800478, 0.00624635303, -0.028372971),
            (0.0160088949, 0.00318435906, -0.028372971),
            (0, -0.0138577074, -0.0297372803),
            (0.00270350324, -0.0135914357, -0.0297372803),
            (0.00318436697, -0.0160089023, -0.0283729673),
            (2.38119836e-11, -0.0163225345, -0.0283729673),
            (-0.0135914274, 0.00270349486, -0.029737284),
            (-0.0160088949, 0.00318435906, -0.028372971),
            (0.00769892568, 0.0115222475, -0.029737284),
            (0.00979887322, -0.0097988816, -0.0297372822),
            (0.0115417689, -0.0115417773, -0.0283729691),
            (-0.0115222558, -0.00769893359, -0.0297372822),
            (-0.0135716842, -0.00906831771, -0.0283729691),
            (-0.00530311232, 0.0128028365, -0.0297372859),
            (-0.00624636095, 0.0150800394, -0.0283729728),
            (0.0138576999, -8.1543563e-09, -0.0297372822),
            (0.0163225271, -7.92518051e-09, -0.028372971),
            (-0.00270350324, -0.0135914357, -0.0297372803),
            (-0.00318436697, -0.0160089023, -0.0283729673),
            (-0.0128028449, 0.00530310441, -0.029737284),
            (-0.0150800478, 0.00624635303, -0.028372971),
            (0.00979887322, 0.00979886483, -0.029737284),
            (0.0115417689, 0.0115417615, -0.0283729728),
            (0.00769892568, -0.0115222642, -0.0297372803),
            (0.00906831026, -0.0135716917, -0.0283729691),
            (-0.0128028449, -0.00530312071, -0.0297372822),
            (-0.0150800478, -0.00624636887, -0.0283729691),
            (-0.00270350324, 0.013591419, -0.0297372859),
            (-0.00318436697, 0.0160088856, -0.0283729728),
            (0.0135914274, -0.00270351116, -0.0297372822),
            (0.0160088949, -0.00318437489, -0.0283729691),
            (-0.00530311232, -0.0128028532, -0.0297372803),
            (-0.00624636095, -0.0150800552, -0.0283729673),
            (-0.0115222558, 0.0076989173, -0.029737284),
            (-0.0135716842, 0.00906830188, -0.0283729728),
            (0.0115222558, 0.0076989173, -0.029737284),
            (0.0135716842, 0.00906830188, -0.0283729728),
            (0.00530311232, -0.0128028532, -0.0297372803),
            (0.00624636095, -0.0150800552, -0.0283729673),
            (0, 0.0138576915, -0.0297372859),
            (2.38119836e-11, 0.0163225178, -0.0283729728),
            (0, 0.0138576915, -0.0297372859),
            (2.38119836e-11, 0.0163225178, -0.0283729728),
            (0.0160473064, 0.00664700614, -0.0199597102),
            (0.0144421933, 0.00964996032, -0.0199597102),
            (0.0168180019, 0.0112374267, -0.00870412552),
            (0.0186871644, 0.00774047291, -0.00870412552),
            (-0.00964996684, 0.0144421868, -0.0199597102),
            (-0.00664701266, 0.0160473008, -0.0199597102),
            (-2.15453072e-11, -0.0173694864, -0.0199597065),
            (-0.00338861719, -0.0170357358, -0.0199597065),
            (0.0122820772, 0.0122820707, -0.0199597102),
            (-0.00338861719, 0.0170357227, -0.0199597102),
            (-0.00664701266, -0.0160473138, -0.0199597065),
            (-2.15453072e-11, 0.0173694734, -0.0199597102),
            (-0.00964996684, -0.0144421998, -0.0199597065),
            (-0.0122820772, -0.0122820837, -0.0199597065),
            (0.0170357302, 0.00338861113, -0.0199597065),
            (-0.0144421933, -0.00964997336, -0.0199597065),
            (0.0173694808, -6.5424488e-09, -0.0199597065),
            (-0.0160473064, -0.00664701918, -0.0199597065),
            (0.0170357302, -0.00338862417, -0.0199597065),
            (-0.0170357302, -0.00338862417, -0.0199597065),
            (0.0160473064, -0.00664701918, -0.0199597065),
            (-0.0173694808, -6.5424488e-09, -0.0199597065),
            (0.0144421933, -0.00964997336, -0.0199597065),
            (-0.0170357302, 0.00338861113, -0.0199597065),
            (0.0122820772, -0.0122820837, -0.0199597065),
            (-0.0160473064, 0.00664700614, -0.0199597102),
            (0.00964996684, -0.0144421998, -0.0199597065),
            (-0.0144421933, 0.00964996032, -0.0199597102),
            (0.00664701266, -0.0160473138, -0.0199597065),
            (-2.15453072e-11, 0.0173694734, -0.0199597102),
            (0.00338861765, 0.0170357227, -0.0199597102),
            (-0.0122820772, 0.0122820707, -0.0199597102),
            (0.00338861765, -0.0170357358, -0.0199597065),
            (0.0198381878, -0.00394606544, -0.00870412552),
            (0.0202268399, -4.67362993e-09, -0.00870412552),
            (0.0260411836, -2.40610154e-09, 0.00505269355),
            (0.0255408082, -0.00508038513, 0.005052701),
            (-0.0112374313, -0.0168180075, -0.0087041218),
            (-0.0143025368, -0.0143025406, -0.0087041218),
            (0.0198381878, 0.00394605659, -0.00870412552),
            (-0.0168180019, -0.011237436, -0.0087041218),
            (-0.0186871644, -0.00774048222, -0.0087041218),
            (-0.0198381878, -0.00394606544, -0.00870412552),
            (0.0186871644, -0.00774048222, -0.0087041218),
            (-0.0202268399, -4.67362993e-09, -0.00870412552),
            (0.0168180019, -0.011237436, -0.0087041218),
            (-0.0198381878, 0.00394605659, -0.00870412552),
            (0.0143025368, -0.0143025406, -0.0087041218),
            (-0.0186871644, 0.00774047291, -0.00870412552),
            (0.0112374313, -0.0168180075, -0.0087041218),
            (-0.0168180019, 0.0112374267, -0.00870412552),
            (0.0077404785, -0.0186871681, -0.0087041218),
            (3.11708853e-10, 0.0202268362, -0.00870412925),
            (0.00394606125, 0.0198381823, -0.00870412925),
            (-0.0143025368, 0.0143025313, -0.00870412552),
            (0.00394606125, -0.0198381916, -0.0087041218),
            (0.0077404785, 0.0186871588, -0.00870412925),
            (-0.0112374313, 0.0168179981, -0.00870412925),
            (3.11708853e-10, -0.0202268455, -0.0087041218),
            (0.0112374313, 0.0168179981, -0.00870412925),
            (-0.00774047663, 0.0186871588, -0.00870412925),
            (-0.00394606031, -0.0198381916, -0.0087041218),
            (0.0143025368, 0.0143025313, -0.00870412552),
            (-0.00394606031, 0.0198381823, -0.00870412925),
            (-0.00774047663, -0.0186871681, -0.0087041218),
            (3.11708853e-10, 0.0202268362, -0.00870412925),
            (0.0184138957, -0.0184138976, 0.005052701),
            (0.0216524508, -0.0144677088, 0.005052701),
            (0.0236910786, -0.0158298742, 0.0100551773),
            (0.0201476067, -0.0201476086, 0.0100551847),
            (-0.0240589157, -0.00996553246, 0.005052701),
            (-0.0255408082, -0.00508038513, 0.005052701),
            (0.0240589157, -0.00996553246, 0.005052701),
            (-0.0260411836, -2.40610154e-09, 0.00505269355),
            (-0.0255408082, 0.00508038048, 0.00505269355),
            (-0.0240589157, 0.0099655278, 0.00505269355),
            (0.0144677069, -0.0216524526, 0.005052701),
            (-0.0216524508, 0.0144677041, 0.00505269355),
            (0.00996553153, -0.0240589175, 0.005052701),
            (6.66308786e-10, 0.0260411799, 0.00505269355),
            (0.00508038374, 0.0255408064, 0.00505269355),
            (-0.0184138957, 0.0184138939, 0.00505269355),
            (0.00508038374, -0.0255408101, 0.005052701),
            (0.00996553153, 0.0240589119, 0.00505269355),
            (-0.0144677069, 0.0216524489, 0.00505269355),
            (6.66308786e-10, -0.0260411855, 0.005052701),
            (0.0144677069, 0.0216524489, 0.00505269355),
            (-0.00996552873, 0.0240589119, 0.00505269355),
            (-0.00508038141, -0.0255408101, 0.005052701),
            (0.0184138957, 0.0184138939, 0.00505269355),
            (-0.00508038141, 0.0255408064, 0.00505269355),
            (-0.00996552873, -0.0240589175, 0.005052701),
            (0.0216524508, 0.0144677041, 0.00505269355),
            (6.66308786e-10, 0.0260411799, 0.00505269355),
            (-0.0144677069, -0.0216524526, 0.005052701),
            (0.0240589157, 0.0099655278, 0.00505269355),
            (-0.0184138957, -0.0184138976, 0.005052701),
            (0.0255408082, 0.00508038048, 0.00505269355),
            (-0.0216524508, -0.0144677088, 0.005052701),
            (-0.0279455353, 0.00555871148, 0.0100551773),
            (-0.0263241176, 0.0109038055, 0.0100551773),
            (0.0158298742, -0.0236910805, 0.0100551847),
            (-0.0236910786, 0.0158298723, 0.0100551773),
            (0.0109038083, -0.0263241194, 0.0100551847),
            (8.44398051e-10, 0.0284930188, 0.0100551698),
            (0.00555871334, 0.0279455334, 0.0100551698),
            (-0.0201476067, 0.0201476049, 0.0100551773),
            (0.00555871334, -0.0279455371, 0.0100551847),
            (0.0109038083, 0.0263241157, 0.0100551773),
            (-0.0158298742, 0.0236910768, 0.0100551773),
            (8.44398051e-10, -0.0284930207, 0.0100551847),
            (0.0158298742, 0.0236910768, 0.0100551773),
            (-0.0109038064, 0.0263241157, 0.0100551773),
            (-0.00555871148, -0.0279455371, 0.0100551847),
            (0.0201476067, 0.0201476049, 0.0100551773),
            (-0.00555871148, 0.0279455334, 0.0100551698),
            (-0.0109038064, -0.0263241194, 0.0100551847),
            (0.0236910786, 0.0158298723, 0.0100551773),
            (8.44398051e-10, 0.0284930188, 0.0100551698),
            (-0.0158298742, -0.0236910805, 0.0100551847),
            (0.0263241176, 0.0109038055, 0.0100551773),
            (-0.0201476067, -0.0201476086, 0.0100551847),
            (0.0279455353, 0.00555871148, 0.0100551773),
            (-0.0236910786, -0.0158298742, 0.0100551773),
            (0.0284930207, -1.55825652e-09, 0.0100551773),
            (-0.0263241176, -0.0109038092, 0.0100551773),
            (0.0279455353, -0.00555871427, 0.0100551773),
            (-0.0279455353, -0.00555871427, 0.0100551773),
            (0.0263241176, -0.0109038092, 0.0100551773),
            (-0.0284930207, -1.55825652e-09, 0.0100551773),
            (0, 0.0138576915, -0.0315935664),
            (0, 0.0138576915, -0.0297372859),
            (0.00270350324, 0.013591419, -0.0297372859),
            (0.00270350324, 0.013591419, -0.0315935664),
            (0.00530311232, 0.0128028365, -0.0297372859),
            (0.00530311232, 0.0128028365, -0.0315935664),
            (0.00769892568, 0.0115222475, -0.029737284),
            (0.00769892568, 0.0115222475, -0.0315935664),
            (0.00979887322, 0.00979886483, -0.029737284),
            (0.00979887322, 0.00979886483, -0.0315935645),
            (0.0115222558, 0.0076989173, -0.029737284),
            (0.0115222558, 0.0076989173, -0.0315935645),
            (0.0128028449, 0.00530310441, -0.029737284),
            (0.0128028449, 0.00530310394, -0.0315935645),
            (0.0135914274, 0.00270349486, -0.029737284),
            (0.0135914274, 0.00270349463, -0.0315935645),
            (0.0138576999, -8.1543563e-09, -0.0297372822),
            (0.0138576999, -8.45936832e-09, -0.0315935645),
            (0.0135914274, -0.00270351116, -0.0297372822),
            (0.0135914274, -0.00270351162, -0.0315935627),
            (0.0128028449, -0.00530312071, -0.0297372822),
            (0.0128028449, -0.00530312071, -0.0315935627),
            (0.0115222558, -0.00769893359, -0.0297372822),
            (0.0115222558, -0.00769893406, -0.0315935627),
            (0.00979887322, -0.0097988816, -0.0297372822),
            (0.00979887322, -0.0097988816, -0.0315935627),
            (0.00769892568, -0.0115222642, -0.0297372803),
            (0.00769892568, -0.0115222642, -0.0315935627),
            (0.00530311232, -0.0128028532, -0.0297372803),
            (0.00530311232, -0.0128028532, -0.0315935608),
            (0.00270350324, -0.0135914357, -0.0297372803),
            (0.00270350324, -0.0135914357, -0.0315935608),
            (0, -0.0138577074, -0.0297372803),
            (0, -0.0138577083, -0.0315935608),
            (-0.00270350324, -0.0135914357, -0.0297372803),
            (-0.00270350324, -0.0135914357, -0.0315935608),
            (-0.00530311232, -0.0128028532, -0.0297372803),
            (-0.00530311232, -0.0128028532, -0.0315935608),
            (-0.00769892568, -0.0115222642, -0.0297372803),
            (-0.00769892568, -0.0115222642, -0.0315935627),
            (-0.00979887322, -0.0097988816, -0.0297372822),
            (-0.00979887322, -0.0097988816, -0.0315935627),
            (-0.0115222558, -0.00769893359, -0.0297372822),
            (-0.0115222558, -0.00769893406, -0.0315935627),
            (-0.0128028449, -0.00530312071, -0.0297372822),
            (-0.0128028449, -0.00530312071, -0.0315935627),
            (-0.0135914274, -0.00270351116, -0.0297372822),
            (-0.0135914274, -0.00270351162, -0.0315935627),
            (-0.0138576999, -8.1543563e-09, -0.0297372822),
            (-0.0138576999, -8.45936832e-09, -0.0315935645),
            (-0.0135914274, 0.00270349486, -0.029737284),
            (-0.0135914274, 0.00270349463, -0.0315935645),
            (-0.0128028449, 0.00530310441, -0.029737284),
            (-0.0128028449, 0.00530310394, -0.0315935645),
            (-0.0115222558, 0.0076989173, -0.029737284),
            (-0.0115222558, 0.0076989173, -0.0315935645),
            (-0.00979887322, 0.00979886483, -0.029737284),
            (-0.00979887322, 0.00979886483, -0.0315935645),
            (-0.00769892568, 0.0115222475, -0.029737284),
            (-0.00769892568, 0.0115222475, -0.0315935664),
            (-0.00530311232, 0.0128028365, -0.0297372859),
            (-0.00530311232, 0.0128028365, -0.0315935664),
            (-0.00270350324, 0.013591419, -0.0297372859),
            (-0.00270350324, 0.013591419, -0.0315935664),
            (0, 0.0138576915, -0.0297372859),
            (0, 0.0138576915, -0.0315935664),
            (0, 0.0138576915, -0.0315935664),
            (0.00270350324, 0.013591419, -0.0315935664),
            (0.00530311232, 0.0128028365, -0.0315935664),
            (0.00769892568, 0.0115222475, -0.0315935664),
            (0.00979887322, 0.00979886483, -0.0315935645),
            (0.0115222558, 0.0076989173, -0.0315935645),
            (0.0128028449, 0.00530310394, -0.0315935645),
            (0.0135914274, 0.00270349463, -0.0315935645),
            (0.0138576999, -8.45936832e-09, -0.0315935645),
            (0.0135914274, -0.00270351162, -0.0315935627),
            (0.0128028449, -0.00530312071, -0.0315935627),
            (0.0115222558, -0.00769893406, -0.0315935627),
            (0.00979887322, -0.0097988816, -0.0315935627),
            (0.00769892568, -0.0115222642, -0.0315935627),
            (0.00530311232, -0.0128028532, -0.0315935608),
            (0.00270350324, -0.0135914357, -0.0315935608),
            (0, -0.0138577083, -0.0315935608),
            (-0.00270350324, -0.0135914357, -0.0315935608),
            (-0.00530311232, -0.0128028532, -0.0315935608),
            (-0.00769892568, -0.0115222642, -0.0315935627),
            (-0.00979887322, -0.0097988816, -0.0315935627),
            (-0.0115222558, -0.00769893406, -0.0315935627),
            (-0.0128028449, -0.00530312071, -0.0315935627),
            (-0.0135914274, -0.00270351162, -0.0315935627),
            (-0.0138576999, -8.45936832e-09, -0.0315935645),
            (-0.0135914274, 0.00270349463, -0.0315935645),
            (-0.0128028449, 0.00530310394, -0.0315935645),
            (-0.0115222558, 0.0076989173, -0.0315935645),
            (-0.00979887322, 0.00979886483, -0.0315935645),
            (-0.00769892568, 0.0115222475, -0.0315935664),
            (-0.00530311232, 0.0128028365, -0.0315935664),
            (-0.00270350324, 0.013591419, -0.0315935664)
        ]
        int[] faceVertexCounts = [
            3, 3, 3, 3, 3, 3, 3, 3, 3, 3, 3, 3, 3, 3, 3, 3, 3, 3, 3, 3, 3, 3, 3, 3,
            3, 3, 3, 3, 3, 3, 3, 3, 3, 3, 3, 3, 3, 3, 3, 3, 3, 3, 3, 3, 3, 3, 3, 3,
            3, 3, 3, 3, 3, 3, 3, 3, 3, 3, 3, 3, 3, 3, 3, 3, 3, 3, 3, 3, 3, 3, 3, 3,
            3, 3, 3, 3, 3, 3, 3, 3, 3, 3, 3, 3, 3, 3, 3, 3, 3, 3, 3, 3, 3, 3, 3, 3,
            3, 3, 3, 3, 3, 3, 3, 3, 3, 3, 3, 3, 3, 3, 3, 3, 3, 3, 3, 3, 3, 3, 3, 3,
            3, 3, 3, 3, 3, 3, 3, 3, 3, 3, 3, 3, 3, 3, 3, 3, 3, 3, 3, 3, 3, 3, 3, 3,
            3, 3, 3, 3, 3, 3, 3, 3, 3, 3, 3, 3, 3, 3, 3, 3, 3, 3, 3, 3, 3, 3, 3, 3,
            3, 3, 3, 3, 3, 3, 3, 3, 3, 3, 3, 3, 3, 3, 3, 3, 3, 3, 3, 3, 3, 3, 3, 3,
            3, 3, 3, 3, 3, 3, 3, 3, 3, 3, 3, 3, 3, 3, 3, 3, 3, 3, 3, 3, 3, 3, 3, 3,
            3, 3, 3, 3, 3, 3, 3, 3, 3, 3, 3, 3, 3, 3, 3, 3, 3, 3, 3, 3, 3, 3, 3, 3,
            3, 3, 3, 3, 3, 3, 3, 3, 3, 3, 3, 3, 3, 3, 3, 3, 3, 3, 3, 3, 3, 3, 3, 3,
            3, 3, 3, 3, 3, 3, 3, 3, 3, 3, 3, 3, 3, 3, 3, 3, 3, 3, 3, 3, 3, 3, 3, 3,
            3, 3, 3, 3, 3, 3, 3, 3, 3, 3, 3, 3, 3, 3, 3, 3, 3, 3, 3, 3, 3, 3, 3, 3,
            3, 3, 3, 3, 3, 3, 3, 3, 3, 3, 3, 3, 3, 3, 3, 3, 3, 3, 3, 3, 3, 3, 3, 3,
            3, 3, 3, 3, 3, 3, 3, 3, 3, 3, 3, 3, 3, 3, 3, 3, 3, 3, 3, 3, 3, 3, 3, 3,
            3, 3, 3, 3, 3, 3, 3, 3, 3, 3, 3, 3, 3, 3, 3, 3, 3, 3, 3, 3, 3, 3, 3, 3,
            3, 3, 3, 3, 3, 3, 3, 3, 3, 3, 3, 3, 3, 3, 3, 3, 3, 3, 3, 3, 3, 3, 3, 3,
            3, 3, 3, 3, 3, 3, 3, 3, 3, 3, 3, 3, 3, 3, 3, 3, 3, 3, 3, 3, 3, 3, 3, 3,
            3, 3, 3, 3, 3, 3, 3, 3, 3, 3, 3, 3, 3, 3, 3, 3, 3, 3, 3, 3, 3, 3, 3, 3,
            3, 3, 3, 3, 3, 3, 3, 3, 3, 3, 3, 3, 3, 3, 3, 3, 3, 3, 3, 3, 3, 3, 3, 3,
            3, 3, 3, 3, 3, 3, 3, 3, 3, 3, 3, 3, 3, 3, 3, 3, 3, 3, 3, 3, 3, 3, 3, 3,
            3, 3, 3, 3, 3, 3, 3, 3, 3, 3, 3, 3, 3, 3, 3, 3, 3, 3, 3, 3, 3, 3, 3, 3,
            3, 3, 3, 3, 3, 3, 3, 3, 3, 3, 3, 3, 3, 3, 3, 3, 3, 3, 3, 3, 3, 3, 3, 3,
            3, 3, 3, 3, 3, 3, 3, 3, 3, 3, 3, 3, 3, 3, 3, 3, 3, 3, 3, 3, 3, 3, 3, 3,
            3, 3, 3, 3, 3, 3, 3, 3, 3, 3, 3, 3, 3, 3, 3, 3, 3, 3, 3, 3, 3, 3, 3, 3,
            3, 3, 3, 3, 3, 3, 3, 3, 3, 3, 3, 3, 3, 3, 3, 3, 3, 3, 3, 3, 3, 3, 3, 3,
            3, 3, 3, 3, 3, 3, 3, 3, 3, 3, 3, 3, 3, 3, 3, 3, 3, 3, 3, 3, 3, 3, 3, 3,
            3, 3, 3, 3, 3, 3, 3, 3, 3, 3, 3, 3, 3, 3, 3, 3, 3, 3, 3, 3, 3, 3, 3, 3,
            3, 3, 3, 3, 3, 3, 3, 3, 3, 3, 3, 3, 3, 3, 3, 3, 3, 3, 3, 3, 3, 3, 3, 3,
            3, 3, 3, 3, 3, 3, 3, 3, 3, 3, 3, 3, 3, 3, 3, 3, 3, 3, 3, 3, 3, 3, 3, 3,
            3, 3, 3, 3, 3, 3, 3, 3, 3, 3, 3, 3, 3, 3, 3, 3, 3, 3, 3, 3, 3, 3, 3, 3,
            3, 3, 3, 3, 3, 3, 3, 3, 3, 3, 3, 3, 3, 3, 3, 3, 3, 3, 3, 3, 3, 3, 3, 3,
            3, 3, 3, 3, 3, 3, 3, 3, 3, 3, 3, 3, 3, 3, 3, 3, 3, 3, 3, 3, 3, 3, 3, 3,
            3, 3, 3, 3, 3, 3, 3, 3, 3, 3, 3, 3, 3, 3, 3, 3, 3, 3, 3, 3, 3, 3, 3, 3,
            3, 3, 3, 3, 3, 3, 3, 3, 3, 3, 3, 3, 3, 3, 3, 3, 3, 3, 3, 3, 3, 3, 3, 3,
            3, 3, 3, 3, 3, 3, 3, 3, 3, 3, 3, 3, 3, 3, 3, 3, 3, 3, 3, 3, 3, 3, 3, 3,
            3, 3, 3, 3, 3, 3, 3, 3, 3, 3, 3, 3, 3, 3, 3, 3, 3, 3, 3, 3, 3, 3, 3, 3,
            3, 3, 3, 3, 3, 3, 3, 3, 3, 3, 3, 3, 3, 3, 3, 3, 3, 3, 3, 3, 3, 3, 3, 3,
            3, 3, 3, 3, 3, 3, 3, 3, 3, 3, 3, 3, 3, 3, 3, 3, 3, 3, 3, 3, 3, 3, 3, 3,
            3, 3, 3, 3, 3, 3, 3, 3, 3, 3, 3, 3, 3, 3, 3, 3, 3, 3, 3, 3, 3, 3, 3, 3,
            3, 3, 3, 3, 3, 3, 3, 3, 3, 3, 3, 3, 3, 3, 3, 3, 3, 3, 3, 3, 3, 3, 3, 3,
            3, 3, 3, 3, 3, 3, 3, 3, 3, 3, 3, 3, 3, 3, 3, 3, 3, 3, 3, 3, 3, 3, 3, 3,
            3, 3, 3, 3, 3, 3, 3, 3, 3, 3, 3, 3, 3, 3, 3, 3, 3, 3, 3, 3, 3, 3, 3, 3,
            3, 3, 3, 3, 3, 3, 3, 3, 3, 3, 3, 3, 3, 3, 3, 3, 3, 3, 3, 3, 3, 3, 3, 3,
            3, 3, 3, 3, 3, 3, 3, 3, 3, 3, 3, 3, 3, 3, 3, 3, 3, 3, 3, 3, 3, 3, 3, 3,
            3, 3, 3, 3, 3, 3, 3, 3, 3, 3, 3, 3, 3, 3, 3, 3, 3, 3, 3, 3, 3, 3, 3, 3,
            3, 3, 3, 3, 3, 3, 3, 3, 3, 3, 3, 3, 3, 3, 3, 3, 3, 3, 3, 3, 3, 3, 3, 3,
            3, 3, 3, 3, 3, 3, 3, 3, 3, 3, 3, 3, 3, 3, 3, 3, 3, 3, 3, 3, 3, 3, 3, 3,
            3, 3, 3, 3, 3, 3, 3, 3, 3, 3, 3, 3, 3, 3, 3, 3, 3, 3, 3, 3, 3, 3, 3, 3,
            3, 3, 3, 3, 3, 3, 3, 3, 3, 3, 3, 3, 3, 3, 3, 3, 3, 3, 3, 3, 3, 3, 3, 3,
            3, 3, 3, 3, 3, 3, 3, 3, 3, 3, 3, 3, 3, 3, 3, 3, 3, 3, 3, 3, 3, 3, 3, 3,
            3, 3, 3, 3, 3, 3, 3, 3, 3, 3, 3, 3, 3, 3, 3, 3, 3, 3, 3, 3, 3, 3, 3, 3,
            3, 3, 3, 3, 3, 3, 3, 3, 3, 3, 3, 3, 3, 3, 3, 3, 3, 3, 3, 3, 3, 3, 3, 3,
            3, 3, 3, 3, 3, 3, 3, 3, 3, 3, 3, 3, 3, 3, 3, 3, 3, 3, 3, 3, 3, 3, 3, 3,
            3, 3, 3, 3, 3, 3, 3, 3, 3, 3, 3, 3, 3, 3, 3, 3, 3, 3, 3, 3, 3, 3, 3, 3,
            3, 3, 3, 3, 3, 3, 3, 3, 3, 3, 3, 3, 3, 3, 3, 3, 3, 3, 3, 3, 3, 3, 3, 3,
            3, 3, 3, 3, 3, 3, 3, 3, 3, 3, 3, 3, 3, 3, 3, 3, 3, 3, 3, 3, 3, 3, 3, 3,
            3, 3, 3, 3, 3, 3, 3, 3, 3, 3, 3, 3, 3, 3, 3, 3, 3, 3, 3, 3, 3, 3, 3, 3,
            3, 3, 3, 3, 3, 3, 3, 3, 3, 3, 3, 3, 3, 3, 3, 3, 3, 3, 3, 3, 3, 3, 3, 3,
            3, 3, 3, 3, 3, 3, 3, 3, 3, 3, 3, 3, 3, 3, 3, 3, 3, 3, 3, 3, 3, 3, 3, 3,
            3, 3, 3, 3, 3, 3, 3, 3, 3, 3, 3, 3, 3, 3, 3, 3, 3, 3, 3, 3, 3, 3, 3, 3,
            3, 3, 3, 3, 3, 3, 3, 3, 3, 3, 3, 3, 3, 3, 3, 3, 3, 3, 3, 3, 3, 3, 3, 3,
            3, 3, 3, 3, 3, 3, 3, 3, 3, 3, 3, 3, 3, 3, 3, 3, 3, 3, 3, 3, 3, 3, 3, 3,
            3, 3, 3, 3, 3, 3, 3, 3, 3, 3, 3, 3, 3, 3, 3, 3, 3, 3, 3, 3, 3, 3, 3, 3,
            3, 3, 3, 3, 3, 3, 3, 3, 3, 3, 3, 3, 3, 3, 3, 3, 3, 3, 3, 3, 3, 3, 3, 3,
            3, 3, 3, 3, 3, 3, 3, 3, 3, 3, 3, 3, 3, 3, 3, 3, 3, 3, 3, 3, 3, 3, 3, 3,
            3, 3, 3, 3, 3, 3, 3, 3, 3, 3, 3, 3, 3, 3, 3, 3, 3, 3, 3, 3, 3, 3, 3, 3,
            3, 3, 3, 3, 3, 3, 3, 3, 3, 3, 3, 3, 3, 3, 3, 3, 3, 3, 3, 3, 3, 3, 3, 3,
            3, 3, 3, 3, 3, 3, 3, 3, 3, 3, 3, 3, 3, 3, 3, 3, 3, 3, 3, 3, 3, 3, 3, 3,
            3, 3, 3, 3, 3, 3, 3, 3, 3, 3, 3, 3, 3, 3, 3, 3, 3, 3, 3, 3, 3, 3, 3, 3,
            3, 3, 3, 3, 3, 3, 3, 3, 3, 3, 3, 3, 3, 3, 3, 3, 3, 3, 3, 3, 3, 3, 3, 3,
            3, 3, 3, 3, 3, 3, 3, 3, 3, 3, 3, 3, 3, 3, 3, 3, 3, 3, 3, 3, 3, 3, 3, 3,
            3, 3, 3, 3, 3, 3, 3, 3, 3, 3, 3, 3, 3, 3, 3, 3, 3, 3, 3, 3, 3, 3, 3, 3,
            3, 3, 3, 3, 3, 3, 3, 3, 3, 3, 3, 3, 3, 3, 3, 3, 3, 3, 3, 3, 3, 3, 3, 3,
            3, 3, 3, 3, 3, 3, 3, 3, 3, 3, 3, 3, 3, 3, 3, 3, 3, 3, 3, 3, 3, 3, 3, 3,
            3, 3, 3, 3, 3, 3, 3, 3, 3, 3, 3, 3, 3, 3, 3, 3, 3, 3, 3, 3, 3, 3, 3, 3,
            3, 3, 3, 3, 3, 3, 3, 3, 3, 3, 3, 3, 3, 3, 3, 3, 3, 3, 3, 3, 3, 3, 3, 3,
            3, 3, 3, 3, 3, 3, 3, 3, 3, 3, 3, 3, 3, 3, 3, 3, 3, 3, 3, 3, 3, 3, 3, 3,
            3, 3, 3, 3, 3, 3, 3, 3, 3, 3, 3, 3, 3, 3, 3, 3, 3, 3, 3, 3, 3, 3, 3, 3,
            3, 3, 3, 3, 3, 3, 3, 3, 3, 3, 3, 3, 3, 3, 3, 3, 3, 3, 3, 3, 3, 3, 3, 3,
            3, 3, 3, 3, 3, 3, 3, 3, 3, 3, 3, 3, 3, 3, 3, 3, 3, 3, 3, 3, 3, 3, 3, 3,
            3, 3, 3, 3, 3, 3, 3, 3, 3, 3, 3, 3, 3, 3, 3, 3, 3, 3, 3, 3, 3, 3, 3, 3,
            3, 3, 3, 3, 3, 3, 3, 3, 3, 3, 3, 3, 3, 3, 3, 3, 3, 3, 3, 3, 3, 3, 3, 3,
            3, 3, 3, 3, 3, 3, 3, 3, 3, 3, 3, 3, 3, 3, 3, 3, 3, 3, 3, 3, 3, 3, 3, 3,
            3, 3, 3, 3, 3, 3, 3, 3, 3, 3, 3, 3, 3, 3, 3, 3, 3, 3, 3, 3, 3, 3, 3, 3,
            3, 3, 3, 3, 3, 3, 3, 3, 3, 3, 3, 3, 3, 3, 3, 3, 3, 3, 3, 3, 3, 3, 3, 3,
            3, 3, 3, 3, 3, 3, 3, 3, 3, 3, 3, 3, 3, 3, 3, 3, 3, 3, 3, 3, 3, 3, 3, 3,
            3, 3, 3, 3, 3, 3, 3, 3, 3, 3, 3, 3, 3, 3, 3, 3, 3, 3, 3, 3, 3, 3, 3, 3,
            3, 3, 3, 3, 3, 3, 3, 3, 3, 3, 3, 3, 3, 3, 3, 3, 3, 3, 3, 3, 3, 3, 3, 3,
            3, 3, 3, 3, 3, 3, 3, 3, 3, 3, 3, 3, 3, 3, 3, 3, 3, 3, 3, 3, 3, 3, 3, 3,
            3, 3, 3, 3, 3, 3, 3, 3, 3, 3, 3, 3, 3, 3, 3, 3, 3, 3, 3, 3, 3, 3, 3, 3,
            3, 3, 3, 3, 3, 3, 3, 3, 3, 3, 3, 3, 3, 3, 3, 3, 3, 3, 3, 3, 3, 3, 3, 3,
            3, 3, 3, 3, 3, 3, 3, 3, 3, 3, 3, 3, 3, 3, 3, 3, 3, 3, 3, 3, 3, 3, 3, 3,
            3, 3, 3, 3, 3, 3, 3, 3, 3, 3, 3, 3, 3, 3, 3, 3, 3, 3, 3, 3, 3, 3, 3, 3,
            3, 3, 3, 3, 3, 3, 3, 3, 3, 3, 3, 3, 3, 3, 3, 3, 3, 3, 3, 3, 3, 3, 3, 3,
            3, 3, 3, 3, 3, 3, 3, 3, 3, 3, 3, 3, 3, 3, 3, 3, 3, 3, 3, 3, 3, 3, 3, 3,
            3, 3, 3, 3, 3, 3, 3, 3, 3, 3, 3, 3, 3, 3, 3, 3, 3, 3, 3, 3, 3, 3, 3, 3,
            3, 3, 3, 3, 3, 3, 3, 3, 3, 3, 3, 3, 3, 3, 3, 3, 3, 3, 3, 3, 3, 3, 3, 3,
            3, 3, 3, 3, 3, 3, 3, 3, 3, 3, 3, 3, 3, 3, 3, 3, 3, 3, 3, 3, 3, 3, 3, 3,
            3, 3, 3, 3, 3, 3, 3, 3, 3, 3, 3, 3, 3, 3, 3, 3, 3, 3, 3, 3, 3, 3, 3, 3,
            3, 3, 3, 3, 3, 3, 3, 3, 3, 3, 3, 3, 3, 3, 3, 3, 3, 3, 3, 3, 3, 3, 3, 3,
            3, 3, 3, 3, 3, 3, 3, 3, 3, 3, 3, 3, 3, 3, 3, 3, 3, 3, 3, 3, 3, 3, 3, 3,
            3, 3, 3, 3, 3, 3, 3, 3, 3, 3, 3, 3, 3, 3, 3, 3, 3, 3, 3, 3, 3, 3, 3, 3,
            3, 3, 3, 3, 3, 3, 3, 3, 3, 3, 3, 3, 3, 3, 3, 3, 3, 3, 3, 3, 3, 3, 3, 3,
            3, 3, 3, 3, 3, 3, 3, 3, 3, 3, 3, 3, 3, 3, 3, 3, 3, 3, 3, 3, 3, 3, 3, 3,
            3, 3, 3, 3, 3, 3, 3, 3, 3, 3, 3, 3, 3, 3, 3, 3, 3, 3, 3, 3, 3, 3, 3, 3,
            3, 3, 3, 3, 3, 3, 3, 3, 3, 3, 3, 3, 3, 3, 3, 3, 3, 3, 3, 3, 3, 3, 3, 3,
            3, 3, 3, 3, 3, 3, 3, 3, 3, 3, 3, 3, 3, 3, 3, 3, 3, 3, 3, 3, 3, 3, 3, 3,
            3, 3, 3, 3, 3, 3, 3, 3, 3, 3, 3, 3, 3, 3, 3, 3, 3, 3, 3, 3, 3, 3, 3, 3,
            3, 3, 3, 3, 3, 3, 3, 3, 3, 3, 3, 3, 3, 3, 3, 3, 3, 3, 3, 3, 3, 3, 3, 3,
            3, 3, 3, 3, 3, 3, 3, 3, 3, 3, 3, 3, 3, 3, 3, 3, 3, 3, 3, 3, 3, 3, 3, 3,
            3, 3, 3, 3, 3, 3, 3, 3, 3, 3, 3, 3, 3, 3, 3, 3, 3, 3, 3, 3, 3, 3, 3, 3,
            3, 3, 3, 3, 3, 3, 3, 3, 3, 3, 3, 3, 3, 3, 3, 3, 3, 3, 3, 3, 3, 3, 3, 3,
            3, 3, 3, 3, 3, 3, 3, 3, 3, 3, 3, 3, 3, 3, 3, 3, 3, 3, 3, 3, 3, 3, 3, 3,
            3, 3, 3, 3, 3, 3, 3, 3, 3, 3, 3, 3, 3, 3, 3, 3, 3, 3, 3, 3, 3, 3, 3, 3,
            3, 3, 3, 3, 3, 3, 3, 3, 3, 3, 3, 3, 3, 3, 3, 3, 3, 3, 3, 3, 3, 3, 3, 3,
            3, 3, 3, 3, 3, 3, 3, 3, 3, 3, 3, 3, 3, 3, 3, 3, 3, 3, 3, 3, 3, 3, 3, 3,
            3, 3, 3, 3, 3, 3, 3, 3, 3, 3, 3, 3, 3, 3, 3, 3, 3, 3, 3, 3, 3, 3, 3, 3,
            3, 3, 3, 3, 3, 3, 3, 3, 3, 3, 3, 3, 3, 3, 3, 3, 3, 3, 3, 3, 3, 3, 3, 3,
            3, 3, 3, 3, 3, 3, 3, 3, 3, 3, 3, 3, 3, 3, 3, 3, 3, 3, 3, 3, 3, 3, 3, 3,
            3, 3, 3, 3, 3, 3, 3, 3, 3, 3, 3, 3, 3, 3, 3, 3, 3, 3, 3, 3, 3, 3, 3, 3,
            3, 3, 3, 3, 3, 3, 3, 3, 3, 3, 3, 3, 3, 3, 3, 3, 3, 3, 3, 3, 3, 3, 3, 3,
            3, 3, 3, 3, 3, 3, 3, 3, 3, 3, 3, 3, 3, 3, 3, 3, 3, 3, 3, 3, 3, 3, 3, 3,
            3, 3, 3, 3, 3, 3, 3, 3, 3, 3, 3, 3, 3, 3, 3, 3, 3, 3, 3, 3, 3, 3, 3, 3,
            3, 3, 3, 3, 3, 3, 3, 3, 3, 3, 3, 3, 3, 3, 3, 3, 3, 3, 3, 3, 3, 3, 3, 3,
            3, 3, 3, 3, 3, 3, 3, 3, 3, 3, 3, 3, 3, 3, 3, 3, 3, 3, 3, 3, 3, 3, 3, 3,
            3, 3, 3, 3, 3, 3, 3, 3, 3, 3, 3, 3, 3, 3, 3, 3, 3, 3, 3, 3, 3, 3, 3, 3,
            3, 3, 3, 3, 3, 3, 3, 3, 3, 3, 3, 3, 3, 3, 3, 3, 3, 3, 3, 3, 3, 3, 3, 3,
            3, 3, 3, 3, 3, 3, 3, 3, 3, 3, 3, 3, 3, 3, 3, 3, 3, 3, 3, 3, 3, 3, 3, 3,
            3, 3, 3, 3, 3, 3, 3, 3, 3, 3, 3, 3, 3, 3, 3, 3, 3, 3, 3, 3, 3, 3, 3, 3,
            3, 3, 3, 3, 3, 3, 3, 3, 3, 3, 3, 3, 3, 3, 3, 3, 3, 3, 3, 3, 3, 3, 3, 3,
            3, 3, 3, 3, 3, 3, 3, 3, 3, 3, 3, 3, 3, 3, 3, 3, 3, 3, 3, 3, 3, 3, 3, 3,
            3, 3, 3, 3, 3, 3, 3, 3, 3, 3, 3, 3, 3, 3, 3, 3, 3, 3, 3, 3, 3, 3, 3, 3,
            3, 3, 3, 3, 3, 3, 3, 3, 3, 3, 3, 3, 3, 3, 3, 3, 3, 3, 3, 3, 3, 3, 3, 3,
            3, 3, 3, 3, 3, 3, 3, 3, 3, 3, 3, 3, 3, 3, 3, 3, 3, 3, 3, 3, 3, 3, 3, 3,
            3, 3, 3, 3, 3, 3, 3, 3, 3, 3, 3, 3, 3, 3, 3, 3, 3, 3, 3, 3, 3, 3, 3, 3,
            3, 3, 3, 3, 3, 3, 3, 3, 3, 3, 3, 3, 3, 3, 3, 3, 3, 3, 3, 3, 3, 3, 3, 3,
            3, 3, 3, 3, 3, 3, 3, 3, 3, 3, 3, 3, 3, 3, 3, 3, 3, 3, 3, 3, 3, 3, 3, 3,
            3, 3, 3, 3, 3, 3, 3, 3, 3, 3, 3, 3, 3, 3, 3, 3, 3, 3, 3, 3, 3, 3, 3, 3,
            3, 3, 3, 3, 3, 3, 3, 3, 3, 3, 3, 3, 3, 3, 3, 3, 3, 3, 3, 3, 3, 3, 3, 3,
            3, 3, 3, 3, 3, 3, 3, 3, 3, 3, 3, 3, 3, 3, 3, 3, 3, 3, 3, 3, 3, 3, 3, 3,
            3, 3, 3, 3, 3, 3, 3, 3, 3, 3, 3, 3, 3, 3, 3, 3, 3, 3, 3, 3, 3, 3, 3, 3,
            3, 3, 3, 3, 3, 3, 3, 3, 3, 3, 3, 3, 3, 3, 3, 3, 3, 3, 3, 3, 3, 3, 3, 3,
            3, 3, 3, 3, 3, 3, 3, 3, 3, 3, 3, 3, 3, 3, 3, 3, 3, 3, 3, 3, 3, 3, 3, 3,
            3, 3, 3, 3, 3, 3, 3, 3, 3, 3, 3, 3, 3, 3, 3, 3, 3, 3, 3, 3, 3, 3, 3, 3,
            3, 3, 3, 3, 3, 3, 3, 3, 3, 3, 3, 3, 3, 3, 3, 3, 3, 3, 3, 3, 3, 3, 3, 3,
            3, 3, 3, 3, 3, 3, 3, 3, 3, 3, 3, 3, 3, 3, 3, 3, 3, 3, 3, 3, 3, 3, 3, 3,
            3, 3, 3, 3, 3, 3, 3, 3, 3, 3, 3, 3, 3, 3, 3, 3, 3, 3, 3, 3, 3, 3, 3, 3,
            3, 3, 3, 3, 3, 3, 3, 3, 3, 3, 3, 3, 3, 3, 3, 3, 3, 3, 3, 3, 3, 3, 3, 3,
            3, 3, 3, 3, 3, 3, 3, 3, 3, 3, 3, 3, 3, 3, 3, 3, 3, 3, 3, 3, 3, 3, 3, 3,
            3, 3, 3, 3, 3, 3, 3, 3, 3, 3, 3, 3, 3, 3, 3, 3, 3, 3, 3, 3, 3, 3, 3, 3,
            3, 3, 3, 3, 3, 3, 3, 3, 3, 3, 3, 3, 3, 3, 3, 3, 3, 3, 3, 3, 3, 3, 3, 3,
            3, 3, 3, 3, 3, 3, 3, 3, 3, 3, 3, 3, 3, 3, 3, 3, 3, 3, 3, 3, 3, 3, 3, 3,
            3, 3, 3, 3, 3, 3, 3, 3, 3, 3, 3, 3, 3, 3, 3, 3, 3, 3, 3, 3, 3, 3, 3, 3,
            3, 3, 3, 3, 3, 3, 3, 3, 3, 3, 3, 3, 3, 3, 3, 3, 3, 3, 3, 3, 3, 3, 3, 3,
            3, 3, 3, 3, 3, 3, 3, 3, 3, 3, 3, 3, 3, 3, 3, 3, 3, 3, 3, 3, 3, 3, 3, 3,
            3, 3, 3, 3, 3, 3, 3, 3, 3, 3, 3, 3, 3, 3, 3, 3, 3, 3, 3, 3, 3, 3, 3, 3,
            3, 3, 3, 3, 3, 3, 3, 3, 3, 3, 3, 3, 3, 3, 3, 3, 3, 3, 3, 3, 3, 3, 3, 3,
            3, 3, 3, 3, 3, 3, 3, 3, 3, 3, 3, 3, 3, 3, 3, 3, 3, 3, 3, 3, 3, 3, 3, 3,
            3, 3, 3, 3, 3, 3, 3, 3, 3, 3, 3, 3, 3, 3, 3, 3, 3, 3, 3, 3, 3, 3, 3, 3,
            3, 3, 3, 3, 3, 3, 3, 3, 3, 3, 3, 3, 3, 3, 3, 3, 3, 3, 3, 3, 3, 3, 3, 3,
            3, 3, 3, 3, 3, 3, 3, 3, 3, 3, 3, 3, 3, 3, 3, 3, 3, 3, 3, 3, 3, 3, 3, 3,
            3, 3, 3, 3, 3, 3, 3, 3, 3, 3, 3, 3, 3, 3, 3, 3, 3, 3, 3, 3, 3, 3, 3, 3,
            3, 3, 3, 3, 3, 3, 3, 3, 3, 3, 3, 3, 3, 3, 3, 3, 3, 3, 3, 3, 3, 3, 3, 3,
            3, 3, 3, 3, 3, 3, 3, 3, 3, 3, 3, 3, 3, 3, 3, 3, 3, 3, 3, 3, 3, 3, 3, 3,
            3, 3, 3, 3, 3, 3, 3, 3, 3, 3, 3, 3, 3, 3, 3, 3, 3, 3, 3, 3, 3, 3, 3, 3,
            3, 3, 3, 3, 3, 3, 3, 3, 3, 3, 3, 3, 3, 3, 3, 3, 3, 3, 3, 3, 3, 3, 3, 3,
            3, 3, 3, 3, 3, 3, 3, 3, 3, 3, 3, 3, 3, 3, 3, 3, 3, 3, 3, 3, 3, 3, 3, 3,
            3, 3, 3, 3, 3, 3, 3, 3, 3, 3, 3, 3, 3, 3, 3, 3, 3, 3, 3, 3, 3, 3, 3, 3,
            3, 3, 3, 3, 3, 3, 3, 3, 3, 3, 3, 3, 3, 3, 3, 3, 3, 3, 3, 3, 3, 3, 3, 3,
            3, 3, 3, 3, 3, 3, 3, 3, 3, 3, 3, 3, 3, 3, 3, 3, 3, 3, 3, 3, 3, 3, 3, 3,
            3, 3, 3, 3, 3, 3, 3, 3, 3, 3, 3, 3, 3, 3, 3, 3, 3, 3, 3, 3, 3, 3, 3, 3,
            3, 3, 3, 3, 3, 3, 3, 3, 3, 3, 3, 3, 3, 3, 3, 3, 3, 3, 3, 3, 3, 3, 3, 3,
            3, 3, 3, 3, 3, 3, 3, 3, 3, 3, 3, 3, 3, 3, 3, 3, 3, 3, 3, 3, 3, 3, 3, 3,
            3, 3, 3, 3, 3, 3, 3, 3, 3, 3, 3, 3, 3, 3, 3, 3, 3, 3, 3, 3, 3, 3, 3, 3,
            3, 3, 3, 3, 3, 3, 3, 3, 3, 3, 3, 3, 3, 3, 3, 3, 3, 3, 3, 3, 3, 3, 3, 3,
            3, 3, 3, 3, 3, 3, 3, 3, 3, 3, 3, 3, 3, 3, 3, 3, 3, 3, 3, 3, 3, 3, 3, 3,
            3, 3, 3, 3, 3, 3, 3, 3, 3, 3, 3, 3, 3, 3, 3, 3, 3, 3, 3, 3, 3, 3, 3, 3,
            3, 3, 3, 3, 3, 3, 3, 3, 3, 3, 3, 3, 3, 3, 3, 3, 3, 3, 3, 3, 3, 3, 3, 3,
            3, 3, 3, 3, 3, 3, 3, 3, 3, 3, 3, 3, 3, 3, 3, 3, 3, 3, 3, 3, 3, 3, 3, 3,
            3, 3, 3, 3, 3, 3, 3, 3, 3, 3, 3, 3, 3, 3, 3, 3, 3, 3, 3, 3, 3, 3, 3, 3,
            3, 3, 3, 3, 3, 3, 3, 3, 3, 3, 3, 3, 3, 3, 3, 3, 3, 3, 3, 3, 3, 3, 3, 3,
            3, 3, 3, 3, 3, 3, 3, 3, 3, 3, 3, 3, 3, 3, 3, 3, 3, 3, 3, 3, 3, 3, 3, 3,
            3, 3, 3, 3, 3, 3, 3, 3, 3, 3, 3, 3, 3, 3, 3, 3, 3, 3, 3, 3, 3, 3, 3, 3,
            3, 3, 3, 3, 3, 3, 3, 3, 3, 3, 3, 3, 3, 3, 3, 3, 3, 3, 3, 3, 3, 3, 3, 3,
            3, 3, 3, 3, 3, 3
        ]
        int[] faceVertexIndices = [
            0, 1, 2, 0, 2, 3, 4, 5, 6, 4, 6, 7, 8, 9, 10, 8, 10, 11, 12, 13, 14, 12, 14, 15,
            16, 17, 18, 16, 18, 19, 20, 21, 22, 20, 22, 23, 24, 25, 26, 24, 26, 27, 28, 29, 30, 28, 30, 31,
            32, 33, 34, 32, 34, 35, 36, 12, 15, 36, 15, 37, 38, 32, 35, 38, 35, 39, 40, 41, 42, 40, 42, 43,
            44, 40, 43, 44, 43, 45, 46, 47, 48, 46, 48, 49, 50, 51, 52, 50, 52, 53, 54, 8, 11, 54, 11, 55,
            47, 56, 57, 47, 57, 48, 58, 59, 60, 58, 60, 61, 62, 63, 64, 62, 64, 65, 59, 38, 39, 59, 39, 60,
            66, 67, 68, 66, 68, 69, 70, 4, 7, 70, 7, 71, 72, 50, 53, 72, 53, 73, 63, 24, 27, 63, 27, 64,
            17, 36, 37, 17, 37, 18, 1, 70, 71, 1, 71, 2, 51, 44, 45, 51, 45, 52, 74, 75, 76, 74, 76, 77,
            78, 79, 80, 78, 80, 81, 82, 83, 84, 82, 84, 85, 86, 28, 31, 86, 31, 87, 56, 62, 65, 56, 65, 57,
            88, 78, 81, 88, 81, 89, 90, 91, 92, 90, 92, 93, 5, 90, 93, 5, 93, 6, 9, 94, 95, 9, 95, 10,
            96, 97, 98, 96, 98, 99, 41, 100, 101, 41, 101, 42, 29, 72, 73, 29, 73, 30, 102, 74, 77, 102, 77, 103,
            100, 46, 49, 100, 49, 101, 13, 54, 55, 13, 55, 14, 67, 88, 89, 67, 89, 68, 79, 102, 103, 79, 103, 80,
            94, 96, 99, 94, 99, 95, 104, 16, 19, 104, 19, 105, 106, 66, 69, 106, 69, 107, 75, 86, 87, 75, 87, 76,
            91, 58, 61, 91, 61, 92, 25, 20, 23, 25, 23, 26, 97, 82, 85, 97, 85, 98, 21, 108, 109, 21, 109, 22,
            108, 0, 3, 108, 3, 109, 33, 104, 105, 33, 105, 34, 83, 106, 107, 83, 107, 84, 76, 103, 77, 103, 76, 87,
            103, 87, 80, 80, 87, 31, 80, 31, 81, 81, 31, 30, 81, 30, 89, 89, 30, 73, 89, 73, 68, 68, 73, 53,
            68, 53, 69, 69, 53, 52, 69, 52, 107, 107, 52, 45, 107, 45, 84, 84, 45, 43, 84, 43, 85, 85, 43, 42,
            85, 42, 98, 98, 42, 101, 98, 101, 99, 99, 101, 49, 99, 49, 95, 95, 49, 48, 95, 48, 10, 10, 48, 57,
            10, 57, 11, 11, 57, 65, 11, 65, 55, 55, 65, 64, 55, 64, 14, 14, 64, 27, 14, 27, 15, 15, 27, 26,
            15, 26, 37, 37, 26, 23, 37, 23, 18, 18, 23, 22, 18, 22, 19, 19, 22, 109, 19, 109, 105, 105, 109, 3,
            105, 3, 34, 34, 3, 2, 34, 2, 35, 35, 2, 71, 35, 71, 39, 39, 71, 7, 39, 7, 60, 60, 7, 6,
            60, 6, 61, 61, 6, 93, 61, 93, 92, 110, 111, 112, 113, 110, 112, 114, 113, 112, 111, 115, 112, 115, 116, 112,
            116, 117, 112, 118, 119, 112, 117, 118, 112, 119, 120, 112, 120, 121, 112, 121, 122, 112, 123, 124, 112, 125, 123, 112,
            122, 125, 112, 124, 126, 112, 126, 127, 112, 128, 129, 112, 130, 128, 112, 127, 130, 112, 129, 131, 112, 131, 132, 112,
            132, 133, 112, 134, 135, 112, 136, 134, 112, 135, 137, 112, 137, 138, 112, 138, 139, 112, 140, 141, 112, 142, 140, 112,
            139, 142, 112, 141, 143, 112, 143, 114, 112, 144, 145, 146, 147, 148, 149, 150, 151, 152, 153, 154, 155, 156, 157, 158,
            159, 160, 161, 162, 163, 164, 165, 166, 167, 168, 169, 145, 168, 145, 144, 170, 171, 169, 170, 169, 168, 172, 173, 171,
            172, 171, 170, 174, 175, 173, 174, 173, 172, 155, 176, 175, 155, 175, 174, 177, 178, 148, 177, 148, 147, 179, 180, 178,
            179, 178, 177, 181, 182, 180, 181, 180, 179, 183, 184, 182, 183, 182, 181, 185, 186, 184, 185, 184, 183, 187, 188, 186,
            187, 186, 185, 189, 190, 188, 189, 188, 187, 191, 192, 190, 191, 190, 189, 193, 194, 192, 193, 192, 191, 195, 196, 194,
            195, 194, 193, 197, 198, 196, 197, 196, 195, 199, 200, 198, 199, 198, 197, 201, 202, 200, 201, 200, 199, 203, 204, 202,
            203, 202, 201, 205, 206, 204, 205, 204, 203, 207, 208, 206, 207, 206, 205, 209, 210, 208, 209, 208, 207, 211, 212, 210,
            211, 210, 209, 213, 214, 212, 213, 212, 211, 215, 216, 214, 215, 214, 213, 146, 217, 216, 146, 216, 215, 145, 218, 217,
            145, 217, 146, 169, 219, 218, 169, 218, 145, 171, 220, 219, 171, 219, 169, 173, 221, 220, 173, 220, 171, 175, 222, 221,
            175, 221, 173, 176, 223, 222, 176, 222, 175, 224, 225, 151, 224, 151, 150, 226, 227, 225, 226, 225, 224, 228, 229, 227,
            228, 227, 226, 149, 230, 229, 149, 229, 228, 148, 231, 230, 148, 230, 149, 178, 232, 231, 178, 231, 148, 180, 233, 232,
            180, 232, 178, 182, 234, 233, 182, 233, 180, 184, 235, 234, 184, 234, 182, 186, 236, 235, 186, 235, 184, 188, 237, 236,
            188, 236, 186, 190, 238, 237, 190, 237, 188, 192, 239, 238, 192, 238, 190, 194, 240, 239, 194, 239, 192, 196, 241, 240,
            196, 240, 194, 198, 242, 241, 198, 241, 196, 200, 243, 242, 200, 242, 198, 202, 244, 243, 202, 243, 200, 204, 245, 244,
            204, 244, 202, 206, 246, 245, 206, 245, 204, 208, 247, 246, 208, 246, 206, 210, 248, 247, 210, 247, 208, 212, 249, 248,
            212, 248, 210, 214, 250, 249, 214, 249, 212, 216, 251, 250, 216, 250, 214, 217, 252, 251, 217, 251, 216, 218, 253, 252,
            218, 252, 217, 219, 254, 253, 219, 253, 218, 220, 255, 254, 220, 254, 219, 221, 256, 255, 221, 255, 220, 222, 257, 256,
            222, 256, 221, 223, 258, 257, 223, 257, 222, 259, 260, 154, 259, 154, 153, 261, 262, 260, 261, 260, 259, 263, 264, 262,
            263, 262, 261, 265, 266, 264, 265, 264, 263, 267, 268, 266, 267, 266, 265, 269, 270, 268, 269, 268, 267, 271, 272, 270,
            271, 270, 269, 273, 274, 272, 273, 272, 271, 275, 276, 274, 275, 274, 273, 277, 278, 276, 277, 276, 275, 279, 280, 278,
            279, 278, 277, 281, 282, 280, 281, 280, 279, 283, 284, 282, 283, 282, 281, 285, 286, 284, 285, 284, 283, 287, 288, 286,
            287, 286, 285, 289, 290, 288, 289, 288, 287, 291, 292, 290, 291, 290, 289, 293, 294, 292, 293, 292, 291, 295, 296, 294,
            295, 294, 293, 297, 298, 296, 297, 296, 295, 152, 299, 298, 152, 298, 297, 151, 300, 299, 151, 299, 152, 225, 301, 300,
            225, 300, 151, 227, 302, 301, 227, 301, 225, 229, 303, 302, 229, 302, 227, 230, 304, 303, 230, 303, 229, 231, 305, 304,
            231, 304, 230, 232, 306, 305, 232, 305, 231, 233, 307, 306, 233, 306, 232, 234, 308, 307, 234, 307, 233, 235, 309, 308,
            235, 308, 234, 236, 310, 309, 236, 309, 235, 237, 311, 310, 237, 310, 236, 238, 312, 311, 238, 311, 237, 239, 313, 312,
            239, 312, 238, 240, 314, 313, 240, 313, 239, 241, 315, 314, 241, 314, 240, 242, 316, 315, 242, 315, 241, 243, 317, 316,
            243, 316, 242, 244, 318, 317, 244, 317, 243, 245, 319, 318, 245, 318, 244, 246, 320, 319, 246, 319, 245, 247, 321, 320,
            247, 320, 246, 248, 322, 321, 248, 321, 247, 249, 323, 322, 249, 322, 248, 250, 324, 323, 250, 323, 249, 251, 325, 324,
            251, 324, 250, 252, 326, 325, 252, 325, 251, 253, 327, 326, 253, 326, 252, 254, 328, 327, 254, 327, 253, 255, 329, 328,
            255, 328, 254, 256, 330, 329, 256, 329, 255, 257, 331, 330, 257, 330, 256, 258, 332, 331, 258, 331, 257, 154, 333, 176,
            154, 176, 155, 260, 334, 333, 260, 333, 154, 262, 335, 334, 262, 334, 260, 264, 336, 335, 264, 335, 262, 266, 337, 336,
            266, 336, 264, 268, 338, 337, 268, 337, 266, 270, 339, 338, 270, 338, 268, 272, 340, 339, 272, 339, 270, 274, 341, 340,
            274, 340, 272, 276, 342, 341, 276, 341, 274, 278, 343, 342, 278, 342, 276, 280, 344, 343, 280, 343, 278, 282, 345, 344,
            282, 344, 280, 284, 346, 345, 284, 345, 282, 286, 347, 346, 286, 346, 284, 288, 348, 347, 288, 347, 286, 290, 349, 348,
            290, 348, 288, 292, 350, 349, 292, 349, 290, 294, 351, 350, 294, 350, 292, 296, 352, 351, 296, 351, 294, 298, 353, 352,
            298, 352, 296, 299, 354, 353, 299, 353, 298, 300, 355, 354, 300, 354, 299, 301, 356, 355, 301, 355, 300, 302, 357, 356,
            302, 356, 301, 303, 358, 357, 303, 357, 302, 304, 359, 358, 304, 358, 303, 305, 360, 359, 305, 359, 304, 306, 361, 360,
            306, 360, 305, 307, 362, 361, 307, 361, 306, 308, 363, 362, 308, 362, 307, 309, 364, 363, 309, 363, 308, 310, 365, 364,
            310, 364, 309, 311, 366, 365, 311, 365, 310, 312, 367, 366, 312, 366, 311, 313, 368, 367, 313, 367, 312, 314, 369, 368,
            314, 368, 313, 315, 370, 369, 315, 369, 314, 316, 371, 370, 316, 370, 315, 317, 372, 371, 317, 371, 316, 318, 373, 372,
            318, 372, 317, 319, 374, 373, 319, 373, 318, 320, 375, 374, 320, 374, 319, 321, 376, 375, 321, 375, 320, 322, 377, 376,
            322, 376, 321, 323, 378, 377, 323, 377, 322, 324, 379, 378, 324, 378, 323, 325, 380, 379, 325, 379, 324, 326, 381, 380,
            326, 380, 325, 327, 382, 381, 327, 381, 326, 328, 383, 382, 328, 382, 327, 329, 384, 383, 329, 383, 328, 330, 385, 384,
            330, 384, 329, 331, 386, 385, 331, 385, 330, 332, 387, 386, 332, 386, 331, 333, 388, 223, 333, 223, 176, 334, 389, 388,
            334, 388, 333, 335, 390, 389, 335, 389, 334, 336, 391, 390, 336, 390, 335, 337, 392, 391, 337, 391, 336, 338, 393, 392,
            338, 392, 337, 339, 394, 393, 339, 393, 338, 340, 395, 394, 340, 394, 339, 341, 396, 395, 341, 395, 340, 342, 397, 396,
            342, 396, 341, 343, 398, 397, 343, 397, 342, 344, 399, 398, 344, 398, 343, 345, 400, 399, 345, 399, 344, 346, 401, 400,
            346, 400, 345, 347, 402, 401, 347, 401, 346, 348, 403, 402, 348, 402, 347, 349, 404, 403, 349, 403, 348, 350, 405, 404,
            350, 404, 349, 351, 406, 405, 351, 405, 350, 352, 407, 406, 352, 406, 351, 353, 408, 407, 353, 407, 352, 354, 409, 408,
            354, 408, 353, 355, 410, 409, 355, 409, 354, 356, 411, 410, 356, 410, 355, 357, 412, 411, 357, 411, 356, 358, 413, 412,
            358, 412, 357, 359, 414, 413, 359, 413, 358, 360, 415, 414, 360, 414, 359, 361, 416, 415, 361, 415, 360, 362, 417, 416,
            362, 416, 361, 363, 418, 417, 363, 417, 362, 364, 419, 418, 364, 418, 363, 365, 420, 419, 365, 419, 364, 366, 421, 420,
            366, 420, 365, 367, 422, 421, 367, 421, 366, 368, 423, 422, 368, 422, 367, 369, 424, 423, 369, 423, 368, 370, 425, 424,
            370, 424, 369, 371, 426, 425, 371, 425, 370, 372, 427, 426, 372, 426, 371, 373, 428, 427, 373, 427, 372, 374, 429, 428,
            374, 428, 373, 375, 430, 429, 375, 429, 374, 376, 431, 430, 376, 430, 375, 377, 432, 431, 377, 431, 376, 378, 433, 432,
            378, 432, 377, 379, 434, 433, 379, 433, 378, 380, 435, 434, 380, 434, 379, 381, 436, 435, 381, 435, 380, 382, 437, 436,
            382, 436, 381, 383, 438, 437, 383, 437, 382, 384, 439, 438, 384, 438, 383, 385, 440, 439, 385, 439, 384, 386, 441, 440,
            386, 440, 385, 387, 442, 441, 387, 441, 386, 388, 443, 258, 388, 258, 223, 389, 444, 443, 389, 443, 388, 390, 445, 444,
            390, 444, 389, 391, 446, 445, 391, 445, 390, 392, 447, 446, 392, 446, 391, 393, 448, 447, 393, 447, 392, 394, 449, 448,
            394, 448, 393, 395, 450, 449, 395, 449, 394, 396, 451, 450, 396, 450, 395, 397, 452, 451, 397, 451, 396, 398, 453, 452,
            398, 452, 397, 399, 454, 453, 399, 453, 398, 400, 455, 454, 400, 454, 399, 401, 456, 455, 401, 455, 400, 402, 457, 456,
            402, 456, 401, 403, 458, 457, 403, 457, 402, 404, 459, 458, 404, 458, 403, 405, 460, 459, 405, 459, 404, 406, 461, 460,
            406, 460, 405, 407, 462, 461, 407, 461, 406, 408, 463, 462, 408, 462, 407, 409, 464, 463, 409, 463, 408, 410, 465, 464,
            410, 464, 409, 411, 466, 465, 411, 465, 410, 412, 467, 466, 412, 466, 411, 413, 468, 467, 413, 467, 412, 414, 469, 468,
            414, 468, 413, 415, 470, 469, 415, 469, 414, 416, 471, 470, 416, 470, 415, 417, 472, 471, 417, 471, 416, 418, 473, 472,
            418, 472, 417, 419, 474, 473, 419, 473, 418, 420, 475, 474, 420, 474, 419, 421, 476, 475, 421, 475, 420, 422, 477, 476,
            422, 476, 421, 423, 478, 477, 423, 477, 422, 424, 479, 478, 424, 478, 423, 425, 480, 479, 425, 479, 424, 426, 481, 480,
            426, 480, 425, 427, 482, 481, 427, 481, 426, 428, 483, 482, 428, 482, 427, 429, 484, 483, 429, 483, 428, 430, 485, 484,
            430, 484, 429, 431, 486, 485, 431, 485, 430, 432, 487, 486, 432, 486, 431, 433, 488, 487, 433, 487, 432, 434, 489, 488,
            434, 488, 433, 435, 490, 489, 435, 489, 434, 436, 491, 490, 436, 490, 435, 437, 492, 491, 437, 491, 436, 438, 493, 492,
            438, 492, 437, 439, 494, 493, 439, 493, 438, 440, 495, 494, 440, 494, 439, 441, 496, 495, 441, 495, 440, 442, 497, 496,
            442, 496, 441, 443, 498, 332, 443, 332, 258, 444, 499, 498, 444, 498, 443, 445, 500, 499, 445, 499, 444, 446, 501, 500,
            446, 500, 445, 447, 502, 501, 447, 501, 446, 448, 503, 502, 448, 502, 447, 449, 504, 503, 449, 503, 448, 450, 505, 504,
            450, 504, 449, 451, 506, 505, 451, 505, 450, 452, 507, 506, 452, 506, 451, 453, 508, 507, 453, 507, 452, 454, 509, 508,
            454, 508, 453, 455, 510, 509, 455, 509, 454, 456, 511, 510, 456, 510, 455, 457, 512, 511, 457, 511, 456, 458, 513, 512,
            458, 512, 457, 459, 514, 513, 459, 513, 458, 460, 515, 514, 460, 514, 459, 461, 516, 515, 461, 515, 460, 462, 517, 516,
            462, 516, 461, 463, 518, 517, 463, 517, 462, 464, 519, 518, 464, 518, 463, 465, 520, 519, 465, 519, 464, 466, 521, 520,
            466, 520, 465, 467, 522, 521, 467, 521, 466, 468, 523, 522, 468, 522, 467, 469, 524, 523, 469, 523, 468, 470, 525, 524,
            470, 524, 469, 471, 526, 525, 471, 525, 470, 472, 527, 526, 472, 526, 471, 473, 528, 527, 473, 527, 472, 474, 529, 528,
            474, 528, 473, 475, 530, 529, 475, 529, 474, 476, 531, 530, 476, 530, 475, 477, 532, 531, 477, 531, 476, 478, 533, 532,
            478, 532, 477, 479, 534, 533, 479, 533, 478, 480, 535, 534, 480, 534, 479, 481, 536, 535, 481, 535, 480, 482, 537, 536,
            482, 536, 481, 483, 538, 537, 483, 537, 482, 484, 539, 538, 484, 538, 483, 485, 540, 539, 485, 539, 484, 486, 541, 540,
            486, 540, 485, 487, 542, 541, 487, 541, 486, 488, 543, 542, 488, 542, 487, 489, 544, 543, 489, 543, 488, 490, 545, 544,
            490, 544, 489, 491, 546, 545, 491, 545, 490, 492, 547, 546, 492, 546, 491, 493, 548, 547, 493, 547, 492, 494, 549, 548,
            494, 548, 493, 495, 550, 549, 495, 549, 494, 496, 551, 550, 496, 550, 495, 497, 552, 551, 497, 551, 496, 498, 553, 387,
            498, 387, 332, 499, 554, 553, 499, 553, 498, 500, 555, 554, 500, 554, 499, 501, 556, 555, 501, 555, 500, 502, 557, 556,
            502, 556, 501, 503, 558, 557, 503, 557, 502, 504, 559, 558, 504, 558, 503, 505, 560, 559, 505, 559, 504, 506, 561, 560,
            506, 560, 505, 507, 562, 561, 507, 561, 506, 508, 563, 562, 508, 562, 507, 509, 564, 563, 509, 563, 508, 510, 565, 564,
            510, 564, 509, 511, 566, 565, 511, 565, 510, 512, 567, 566, 512, 566, 511, 513, 568, 567, 513, 567, 512, 514, 569, 568,
            514, 568, 513, 515, 570, 569, 515, 569, 514, 516, 571, 570, 516, 570, 515, 517, 572, 571, 517, 571, 516, 518, 573, 572,
            518, 572, 517, 519, 574, 573, 519, 573, 518, 520, 575, 574, 520, 574, 519, 521, 576, 575, 521, 575, 520, 522, 577, 576,
            522, 576, 521, 523, 578, 577, 523, 577, 522, 524, 579, 578, 524, 578, 523, 525, 580, 579, 525, 579, 524, 526, 581, 580,
            526, 580, 525, 527, 582, 581, 527, 581, 526, 528, 583, 582, 528, 582, 527, 529, 584, 583, 529, 583, 528, 530, 585, 584,
            530, 584, 529, 531, 586, 585, 531, 585, 530, 532, 587, 586, 532, 586, 531, 533, 588, 587, 533, 587, 532, 534, 589, 588,
            534, 588, 533, 535, 590, 589, 535, 589, 534, 536, 591, 590, 536, 590, 535, 537, 592, 591, 537, 591, 536, 538, 593, 592,
            538, 592, 537, 539, 594, 593, 539, 593, 538, 540, 595, 594, 540, 594, 539, 541, 596, 595, 541, 595, 540, 542, 597, 596,
            542, 596, 541, 543, 598, 597, 543, 597, 542, 544, 599, 598, 544, 598, 543, 545, 600, 599, 545, 599, 544, 546, 601, 600,
            546, 600, 545, 547, 602, 601, 547, 601, 546, 548, 603, 602, 548, 602, 547, 549, 604, 603, 549, 603, 548, 550, 605, 604,
            550, 604, 549, 551, 606, 605, 551, 605, 550, 552, 607, 606, 552, 606, 551, 553, 608, 442, 553, 442, 387, 554, 609, 608,
            554, 608, 553, 555, 610, 609, 555, 609, 554, 556, 611, 610, 556, 610, 555, 557, 612, 611, 557, 611, 556, 558, 613, 612,
            558, 612, 557, 559, 614, 613, 559, 613, 558, 560, 615, 614, 560, 614, 559, 561, 616, 615, 561, 615, 560, 562, 617, 616,
            562, 616, 561, 563, 618, 617, 563, 617, 562, 564, 619, 618, 564, 618, 563, 565, 620, 619, 565, 619, 564, 566, 621, 620,
            566, 620, 565, 567, 622, 621, 567, 621, 566, 568, 623, 622, 568, 622, 567, 569, 624, 623, 569, 623, 568, 570, 625, 624,
            570, 624, 569, 571, 626, 625, 571, 625, 570, 572, 627, 626, 572, 626, 571, 573, 628, 627, 573, 627, 572, 574, 629, 628,
            574, 628, 573, 575, 630, 629, 575, 629, 574, 576, 631, 630, 576, 630, 575, 577, 632, 631, 577, 631, 576, 578, 633, 632,
            578, 632, 577, 579, 634, 633, 579, 633, 578, 580, 635, 634, 580, 634, 579, 581, 636, 635, 581, 635, 580, 582, 637, 636,
            582, 636, 581, 583, 638, 637, 583, 637, 582, 584, 639, 638, 584, 638, 583, 585, 640, 639, 585, 639, 584, 586, 641, 640,
            586, 640, 585, 587, 642, 641, 587, 641, 586, 588, 643, 642, 588, 642, 587, 589, 644, 643, 589, 643, 588, 590, 645, 644,
            590, 644, 589, 591, 646, 645, 591, 645, 590, 592, 647, 646, 592, 646, 591, 593, 648, 647, 593, 647, 592, 594, 649, 648,
            594, 648, 593, 595, 650, 649, 595, 649, 594, 596, 651, 650, 596, 650, 595, 597, 652, 651, 597, 651, 596, 598, 653, 652,
            598, 652, 597, 599, 654, 653, 599, 653, 598, 600, 655, 654, 600, 654, 599, 601, 656, 655, 601, 655, 600, 602, 657, 656,
            602, 656, 601, 603, 658, 657, 603, 657, 602, 604, 659, 658, 604, 658, 603, 605, 660, 659, 605, 659, 604, 606, 661, 660,
            606, 660, 605, 607, 662, 661, 607, 661, 606, 608, 663, 497, 608, 497, 442, 609, 664, 663, 609, 663, 608, 610, 665, 664,
            610, 664, 609, 611, 666, 665, 611, 665, 610, 612, 667, 666, 612, 666, 611, 613, 668, 667, 613, 667, 612, 614, 669, 668,
            614, 668, 613, 615, 670, 669, 615, 669, 614, 616, 671, 670, 616, 670, 615, 617, 672, 671, 617, 671, 616, 618, 673, 672,
            618, 672, 617, 619, 674, 673, 619, 673, 618, 620, 675, 674, 620, 674, 619, 621, 676, 675, 621, 675, 620, 622, 677, 676,
            622, 676, 621, 623, 678, 677, 623, 677, 622, 624, 679, 678, 624, 678, 623, 625, 680, 679, 625, 679, 624, 626, 681, 680,
            626, 680, 625, 627, 682, 681, 627, 681, 626, 628, 683, 682, 628, 682, 627, 629, 684, 683, 629, 683, 628, 630, 685, 684,
            630, 684, 629, 631, 686, 685, 631, 685, 630, 632, 687, 686, 632, 686, 631, 633, 688, 687, 633, 687, 632, 634, 689, 688,
            634, 688, 633, 635, 690, 689, 635, 689, 634, 636, 691, 690, 636, 690, 635, 637, 692, 691, 637, 691, 636, 638, 693, 692,
            638, 692, 637, 639, 694, 693, 639, 693, 638, 640, 695, 694, 640, 694, 639, 641, 696, 695, 641, 695, 640, 642, 697, 696,
            642, 696, 641, 643, 698, 697, 643, 697, 642, 644, 699, 698, 644, 698, 643, 645, 700, 699, 645, 699, 644, 646, 701, 700,
            646, 700, 645, 647, 702, 701, 647, 701, 646, 648, 703, 702, 648, 702, 647, 649, 704, 703, 649, 703, 648, 650, 705, 704,
            650, 704, 649, 651, 706, 705, 651, 705, 650, 652, 707, 706, 652, 706, 651, 653, 708, 707, 653, 707, 652, 654, 709, 708,
            654, 708, 653, 655, 710, 709, 655, 709, 654, 656, 711, 710, 656, 710, 655, 657, 712, 711, 657, 711, 656, 658, 713, 712,
            658, 712, 657, 659, 714, 713, 659, 713, 658, 660, 715, 714, 660, 714, 659, 661, 716, 715, 661, 715, 660, 662, 717, 716,
            662, 716, 661, 663, 718, 552, 663, 552, 497, 664, 719, 718, 664, 718, 663, 665, 720, 719, 665, 719, 664, 666, 721, 720,
            666, 720, 665, 667, 722, 721, 667, 721, 666, 668, 723, 722, 668, 722, 667, 669, 724, 723, 669, 723, 668, 670, 725, 724,
            670, 724, 669, 671, 726, 725, 671, 725, 670, 672, 727, 726, 672, 726, 671, 673, 728, 727, 673, 727, 672, 674, 729, 728,
            674, 728, 673, 675, 730, 729, 675, 729, 674, 676, 731, 730, 676, 730, 675, 677, 732, 731, 677, 731, 676, 678, 733, 732,
            678, 732, 677, 679, 734, 733, 679, 733, 678, 680, 735, 734, 680, 734, 679, 681, 736, 735, 681, 735, 680, 682, 737, 736,
            682, 736, 681, 683, 738, 737, 683, 737, 682, 684, 739, 738, 684, 738, 683, 685, 740, 739, 685, 739, 684, 686, 741, 740,
            686, 740, 685, 687, 742, 741, 687, 741, 686, 688, 743, 742, 688, 742, 687, 689, 744, 743, 689, 743, 688, 690, 745, 744,
            690, 744, 689, 691, 746, 745, 691, 745, 690, 692, 747, 746, 692, 746, 691, 693, 748, 747, 693, 747, 692, 694, 749, 748,
            694, 748, 693, 695, 750, 749, 695, 749, 694, 696, 751, 750, 696, 750, 695, 697, 752, 751, 697, 751, 696, 698, 753, 752,
            698, 752, 697, 699, 754, 753, 699, 753, 698, 700, 755, 754, 700, 754, 699, 701, 756, 755, 701, 755, 700, 702, 757, 756,
            702, 756, 701, 703, 758, 757, 703, 757, 702, 704, 759, 758, 704, 758, 703, 705, 760, 759, 705, 759, 704, 706, 761, 760,
            706, 760, 705, 707, 762, 761, 707, 761, 706, 708, 763, 762, 708, 762, 707, 709, 764, 763, 709, 763, 708, 710, 765, 764,
            710, 764, 709, 711, 766, 765, 711, 765, 710, 712, 767, 766, 712, 766, 711, 713, 768, 767, 713, 767, 712, 714, 769, 768,
            714, 768, 713, 715, 770, 769, 715, 769, 714, 716, 771, 770, 716, 770, 715, 717, 772, 771, 717, 771, 716, 718, 773, 607,
            718, 607, 552, 719, 774, 773, 719, 773, 718, 720, 775, 774, 720, 774, 719, 721, 776, 775, 721, 775, 720, 722, 777, 776,
            722, 776, 721, 723, 778, 777, 723, 777, 722, 724, 779, 778, 724, 778, 723, 725, 780, 779, 725, 779, 724, 726, 781, 780,
            726, 780, 725, 727, 782, 781, 727, 781, 726, 728, 783, 782, 728, 782, 727, 729, 784, 783, 729, 783, 728, 730, 785, 784,
            730, 784, 729, 731, 786, 785, 731, 785, 730, 732, 787, 786, 732, 786, 731, 733, 788, 787, 733, 787, 732, 734, 789, 788,
            734, 788, 733, 735, 790, 789, 735, 789, 734, 736, 791, 790, 736, 790, 735, 737, 792, 791, 737, 791, 736, 738, 793, 792,
            738, 792, 737, 739, 794, 793, 739, 793, 738, 740, 795, 794, 740, 794, 739, 741, 796, 795, 741, 795, 740, 742, 797, 796,
            742, 796, 741, 743, 798, 797, 743, 797, 742, 744, 799, 798, 744, 798, 743, 745, 800, 799, 745, 799, 744, 746, 801, 800,
            746, 800, 745, 747, 802, 801, 747, 801, 746, 748, 803, 802, 748, 802, 747, 749, 804, 803, 749, 803, 748, 750, 805, 804,
            750, 804, 749, 751, 806, 805, 751, 805, 750, 752, 807, 806, 752, 806, 751, 753, 808, 807, 753, 807, 752, 754, 809, 808,
            754, 808, 753, 755, 810, 809, 755, 809, 754, 756, 811, 810, 756, 810, 755, 757, 812, 811, 757, 811, 756, 758, 813, 812,
            758, 812, 757, 759, 814, 813, 759, 813, 758, 760, 815, 814, 760, 814, 759, 761, 816, 815, 761, 815, 760, 762, 817, 816,
            762, 816, 761, 763, 818, 817, 763, 817, 762, 764, 819, 818, 764, 818, 763, 765, 820, 819, 765, 819, 764, 766, 821, 820,
            766, 820, 765, 767, 822, 821, 767, 821, 766, 768, 823, 822, 768, 822, 767, 769, 824, 823, 769, 823, 768, 770, 825, 824,
            770, 824, 769, 771, 826, 825, 771, 825, 770, 772, 827, 826, 772, 826, 771, 773, 828, 662, 773, 662, 607, 774, 829, 828,
            774, 828, 773, 775, 830, 829, 775, 829, 774, 776, 831, 830, 776, 830, 775, 777, 832, 831, 777, 831, 776, 778, 833, 832,
            778, 832, 777, 779, 834, 833, 779, 833, 778, 780, 835, 834, 780, 834, 779, 781, 836, 835, 781, 835, 780, 782, 837, 836,
            782, 836, 781, 783, 838, 837, 783, 837, 782, 784, 839, 838, 784, 838, 783, 785, 840, 839, 785, 839, 784, 786, 841, 840,
            786, 840, 785, 787, 842, 841, 787, 841, 786, 788, 843, 842, 788, 842, 787, 789, 844, 843, 789, 843, 788, 790, 845, 844,
            790, 844, 789, 791, 846, 845, 791, 845, 790, 792, 847, 846, 792, 846, 791, 793, 848, 847, 793, 847, 792, 794, 849, 848,
            794, 848, 793, 795, 850, 849, 795, 849, 794, 796, 851, 850, 796, 850, 795, 797, 852, 851, 797, 851, 796, 798, 853, 852,
            798, 852, 797, 799, 854, 853, 799, 853, 798, 800, 855, 854, 800, 854, 799, 801, 856, 855, 801, 855, 800, 802, 857, 856,
            802, 856, 801, 803, 858, 857, 803, 857, 802, 804, 859, 858, 804, 858, 803, 805, 860, 859, 805, 859, 804, 806, 861, 860,
            806, 860, 805, 807, 862, 861, 807, 861, 806, 808, 863, 862, 808, 862, 807, 809, 864, 863, 809, 863, 808, 810, 865, 864,
            810, 864, 809, 811, 866, 865, 811, 865, 810, 812, 867, 866, 812, 866, 811, 813, 868, 867, 813, 867, 812, 814, 869, 868,
            814, 868, 813, 815, 870, 869, 815, 869, 814, 816, 871, 870, 816, 870, 815, 817, 872, 871, 817, 871, 816, 818, 873, 872,
            818, 872, 817, 819, 874, 873, 819, 873, 818, 820, 875, 874, 820, 874, 819, 821, 876, 875, 821, 875, 820, 822, 877, 876,
            822, 876, 821, 823, 878, 877, 823, 877, 822, 824, 879, 878, 824, 878, 823, 825, 880, 879, 825, 879, 824, 826, 881, 880,
            826, 880, 825, 827, 882, 881, 827, 881, 826, 828, 883, 717, 828, 717, 662, 829, 884, 883, 829, 883, 828, 830, 885, 884,
            830, 884, 829, 831, 886, 885, 831, 885, 830, 832, 887, 886, 832, 886, 831, 833, 888, 887, 833, 887, 832, 834, 889, 888,
            834, 888, 833, 835, 890, 889, 835, 889, 834, 836, 891, 890, 836, 890, 835, 837, 892, 891, 837, 891, 836, 838, 893, 892,
            838, 892, 837, 839, 894, 893, 839, 893, 838, 840, 895, 894, 840, 894, 839, 841, 896, 895, 841, 895, 840, 842, 897, 896,
            842, 896, 841, 843, 898, 897, 843, 897, 842, 844, 899, 898, 844, 898, 843, 845, 900, 899, 845, 899, 844, 846, 901, 900,
            846, 900, 845, 847, 902, 901, 847, 901, 846, 848, 903, 902, 848, 902, 847, 849, 904, 903, 849, 903, 848, 850, 905, 904,
            850, 904, 849, 851, 906, 905, 851, 905, 850, 852, 907, 906, 852, 906, 851, 853, 908, 907, 853, 907, 852, 854, 909, 908,
            854, 908, 853, 855, 910, 909, 855, 909, 854, 856, 911, 910, 856, 910, 855, 857, 912, 911, 857, 911, 856, 858, 913, 912,
            858, 912, 857, 859, 914, 913, 859, 913, 858, 860, 915, 914, 860, 914, 859, 861, 916, 915, 861, 915, 860, 862, 917, 916,
            862, 916, 861, 863, 918, 917, 863, 917, 862, 864, 919, 918, 864, 918, 863, 865, 920, 919, 865, 919, 864, 866, 921, 920,
            866, 920, 865, 867, 922, 921, 867, 921, 866, 868, 923, 922, 868, 922, 867, 869, 924, 923, 869, 923, 868, 870, 925, 924,
            870, 924, 869, 871, 926, 925, 871, 925, 870, 872, 927, 926, 872, 926, 871, 873, 928, 927, 873, 927, 872, 874, 929, 928,
            874, 928, 873, 875, 930, 929, 875, 929, 874, 876, 931, 930, 876, 930, 875, 877, 932, 931, 877, 931, 876, 878, 933, 932,
            878, 932, 877, 879, 934, 933, 879, 933, 878, 880, 935, 934, 880, 934, 879, 881, 936, 935, 881, 935, 880, 882, 937, 936,
            882, 936, 881, 883, 938, 772, 883, 772, 717, 884, 939, 938, 884, 938, 883, 885, 940, 939, 885, 939, 884, 886, 941, 940,
            886, 940, 885, 887, 942, 941, 887, 941, 886, 888, 943, 942, 888, 942, 887, 889, 944, 943, 889, 943, 888, 890, 945, 944,
            890, 944, 889, 891, 946, 945, 891, 945, 890, 892, 947, 946, 892, 946, 891, 893, 948, 947, 893, 947, 892, 894, 949, 948,
            894, 948, 893, 895, 950, 949, 895, 949, 894, 896, 951, 950, 896, 950, 895, 897, 952, 951, 897, 951, 896, 898, 953, 952,
            898, 952, 897, 899, 954, 953, 899, 953, 898, 900, 955, 954, 900, 954, 899, 901, 956, 955, 901, 955, 900, 902, 957, 956,
            902, 956, 901, 903, 958, 957, 903, 957, 902, 904, 959, 958, 904, 958, 903, 905, 960, 959, 905, 959, 904, 906, 961, 960,
            906, 960, 905, 907, 962, 961, 907, 961, 906, 908, 963, 962, 908, 962, 907, 909, 964, 963, 909, 963, 908, 910, 965, 964,
            910, 964, 909, 911, 966, 965, 911, 965, 910, 912, 967, 966, 912, 966, 911, 913, 968, 967, 913, 967, 912, 914, 969, 968,
            914, 968, 913, 915, 970, 969, 915, 969, 914, 916, 971, 970, 916, 970, 915, 917, 972, 971, 917, 971, 916, 918, 973, 972,
            918, 972, 917, 919, 974, 973, 919, 973, 918, 920, 975, 974, 920, 974, 919, 921, 976, 975, 921, 975, 920, 922, 977, 976,
            922, 976, 921, 923, 978, 977, 923, 977, 922, 924, 979, 978, 924, 978, 923, 925, 980, 979, 925, 979, 924, 926, 981, 980,
            926, 980, 925, 927, 982, 981, 927, 981, 926, 928, 983, 982, 928, 982, 927, 929, 984, 983, 929, 983, 928, 930, 985, 984,
            930, 984, 929, 931, 986, 985, 931, 985, 930, 932, 987, 986, 932, 986, 931, 933, 988, 987, 933, 987, 932, 934, 989, 988,
            934, 988, 933, 935, 990, 989, 935, 989, 934, 936, 991, 990, 936, 990, 935, 937, 992, 991, 937, 991, 936, 938, 993, 827,
            938, 827, 772, 939, 994, 993, 939, 993, 938, 940, 995, 994, 940, 994, 939, 941, 996, 995, 941, 995, 940, 942, 997, 996,
            942, 996, 941, 943, 998, 997, 943, 997, 942, 944, 999, 998, 944, 998, 943, 945, 1000, 999, 945, 999, 944, 946, 1001, 1000,
            946, 1000, 945, 947, 1002, 1001, 947, 1001, 946, 948, 1003, 1002, 948, 1002, 947, 949, 1004, 1003, 949, 1003, 948, 950, 1005, 1004,
            950, 1004, 949, 951, 1006, 1005, 951, 1005, 950, 952, 1007, 1006, 952, 1006, 951, 953, 1008, 1007, 953, 1007, 952, 954, 1009, 1008,
            954, 1008, 953, 955, 1010, 1009, 955, 1009, 954, 956, 1011, 1010, 956, 1010, 955, 957, 1012, 1011, 957, 1011, 956, 958, 1013, 1012,
            958, 1012, 957, 959, 1014, 1013, 959, 1013, 958, 960, 1015, 1014, 960, 1014, 959, 961, 1016, 1015, 961, 1015, 960, 962, 1017, 1016,
            962, 1016, 961, 963, 1018, 1017, 963, 1017, 962, 964, 1019, 1018, 964, 1018, 963, 965, 1020, 1019, 965, 1019, 964, 966, 1021, 1020,
            966, 1020, 965, 967, 1022, 1021, 967, 1021, 966, 968, 1023, 1022, 968, 1022, 967, 969, 1024, 1023, 969, 1023, 968, 970, 1025, 1024,
            970, 1024, 969, 971, 1026, 1025, 971, 1025, 970, 972, 1027, 1026, 972, 1026, 971, 973, 1028, 1027, 973, 1027, 972, 974, 1029, 1028,
            974, 1028, 973, 975, 1030, 1029, 975, 1029, 974, 976, 1031, 1030, 976, 1030, 975, 977, 1032, 1031, 977, 1031, 976, 978, 1033, 1032,
            978, 1032, 977, 979, 1034, 1033, 979, 1033, 978, 980, 1035, 1034, 980, 1034, 979, 981, 1036, 1035, 981, 1035, 980, 982, 1037, 1036,
            982, 1036, 981, 983, 1038, 1037, 983, 1037, 982, 984, 1039, 1038, 984, 1038, 983, 985, 1040, 1039, 985, 1039, 984, 986, 1041, 1040,
            986, 1040, 985, 987, 1042, 1041, 987, 1041, 986, 988, 1043, 1042, 988, 1042, 987, 989, 1044, 1043, 989, 1043, 988, 990, 1045, 1044,
            990, 1044, 989, 991, 1046, 1045, 991, 1045, 990, 992, 1047, 1046, 992, 1046, 991, 993, 1048, 882, 993, 882, 827, 994, 1049, 1048,
            994, 1048, 993, 995, 1050, 1049, 995, 1049, 994, 996, 1051, 1050, 996, 1050, 995, 997, 1052, 1051, 997, 1051, 996, 998, 1053, 1052,
            998, 1052, 997, 999, 1054, 1053, 999, 1053, 998, 1000, 1055, 1054, 1000, 1054, 999, 1001, 1056, 1055, 1001, 1055, 1000, 1002, 1057, 1056,
            1002, 1056, 1001, 1003, 1058, 1057, 1003, 1057, 1002, 1004, 1059, 1058, 1004, 1058, 1003, 1005, 1060, 1059, 1005, 1059, 1004, 1006, 1061, 1060,
            1006, 1060, 1005, 1007, 1062, 1061, 1007, 1061, 1006, 1008, 1063, 1062, 1008, 1062, 1007, 1009, 1064, 1063, 1009, 1063, 1008, 1010, 1065, 1064,
            1010, 1064, 1009, 1011, 1066, 1065, 1011, 1065, 1010, 1012, 1067, 1066, 1012, 1066, 1011, 1013, 1068, 1067, 1013, 1067, 1012, 1014, 1069, 1068,
            1014, 1068, 1013, 1015, 1070, 1069, 1015, 1069, 1014, 1016, 1071, 1070, 1016, 1070, 1015, 1017, 1072, 1071, 1017, 1071, 1016, 1018, 1073, 1072,
            1018, 1072, 1017, 1019, 1074, 1073, 1019, 1073, 1018, 1020, 1075, 1074, 1020, 1074, 1019, 1021, 1076, 1075, 1021, 1075, 1020, 1022, 1077, 1076,
            1022, 1076, 1021, 1023, 1078, 1077, 1023, 1077, 1022, 1024, 1079, 1078, 1024, 1078, 1023, 1025, 1080, 1079, 1025, 1079, 1024, 1026, 1081, 1080,
            1026, 1080, 1025, 1027, 1082, 1081, 1027, 1081, 1026, 1028, 1083, 1082, 1028, 1082, 1027, 1029, 1084, 1083, 1029, 1083, 1028, 1030, 1085, 1084,
            1030, 1084, 1029, 1031, 1086, 1085, 1031, 1085, 1030, 1032, 1087, 1086, 1032, 1086, 1031, 1033, 1088, 1087, 1033, 1087, 1032, 1034, 1089, 1088,
            1034, 1088, 1033, 1035, 1090, 1089, 1035, 1089, 1034, 1036, 1091, 1090, 1036, 1090, 1035, 1037, 1092, 1091, 1037, 1091, 1036, 1038, 1093, 1092,
            1038, 1092, 1037, 1039, 1094, 1093, 1039, 1093, 1038, 1040, 1095, 1094, 1040, 1094, 1039, 1041, 1096, 1095, 1041, 1095, 1040, 1042, 1097, 1096,
            1042, 1096, 1041, 1043, 1098, 1097, 1043, 1097, 1042, 1044, 1099, 1098, 1044, 1098, 1043, 1045, 1100, 1099, 1045, 1099, 1044, 1046, 1101, 1100,
            1046, 1100, 1045, 1047, 1102, 1101, 1047, 1101, 1046, 1048, 1103, 937, 1048, 937, 882, 1049, 1104, 1103, 1049, 1103, 1048, 1050, 1105, 1104,
            1050, 1104, 1049, 1051, 1106, 1105, 1051, 1105, 1050, 1052, 1107, 1106, 1052, 1106, 1051, 1053, 1108, 1107, 1053, 1107, 1052, 1054, 1109, 1108,
            1054, 1108, 1053, 1055, 1110, 1109, 1055, 1109, 1054, 1056, 1111, 1110, 1056, 1110, 1055, 1057, 1112, 1111, 1057, 1111, 1056, 1058, 1113, 1112,
            1058, 1112, 1057, 1059, 1114, 1113, 1059, 1113, 1058, 1060, 1115, 1114, 1060, 1114, 1059, 1061, 1116, 1115, 1061, 1115, 1060, 1062, 1117, 1116,
            1062, 1116, 1061, 1063, 1118, 1117, 1063, 1117, 1062, 1064, 1119, 1118, 1064, 1118, 1063, 1065, 1120, 1119, 1065, 1119, 1064, 1066, 1121, 1120,
            1066, 1120, 1065, 1067, 1122, 1121, 1067, 1121, 1066, 1068, 1123, 1122, 1068, 1122, 1067, 1069, 1124, 1123, 1069, 1123, 1068, 1070, 1125, 1124,
            1070, 1124, 1069, 1071, 1126, 1125, 1071, 1125, 1070, 1072, 1127, 1126, 1072, 1126, 1071, 1073, 1128, 1127, 1073, 1127, 1072, 1074, 1129, 1128,
            1074, 1128, 1073, 1075, 1130, 1129, 1075, 1129, 1074, 1076, 1131, 1130, 1076, 1130, 1075, 1077, 1132, 1131, 1077, 1131, 1076, 1078, 1133, 1132,
            1078, 1132, 1077, 1079, 1134, 1133, 1079, 1133, 1078, 1080, 1135, 1134, 1080, 1134, 1079, 1081, 1136, 1135, 1081, 1135, 1080, 1082, 1137, 1136,
            1082, 1136, 1081, 1083, 1138, 1137, 1083, 1137, 1082, 1084, 1139, 1138, 1084, 1138, 1083, 1085, 1140, 1139, 1085, 1139, 1084, 1086, 1141, 1140,
            1086, 1140, 1085, 1087, 1142, 1141, 1087, 1141, 1086, 1088, 1143, 1142, 1088, 1142, 1087, 1089, 1144, 1143, 1089, 1143, 1088, 1090, 1145, 1144,
            1090, 1144, 1089, 1091, 1146, 1145, 1091, 1145, 1090, 1092, 1147, 1146, 1092, 1146, 1091, 1093, 1148, 1147, 1093, 1147, 1092, 1094, 1149, 1148,
            1094, 1148, 1093, 1095, 1150, 1149, 1095, 1149, 1094, 1096, 1151, 1150, 1096, 1150, 1095, 1097, 1152, 1151, 1097, 1151, 1096, 1098, 1153, 1152,
            1098, 1152, 1097, 1099, 1154, 1153, 1099, 1153, 1098, 1100, 1155, 1154, 1100, 1154, 1099, 1101, 1156, 1155, 1101, 1155, 1100, 1102, 1157, 1156,
            1102, 1156, 1101, 1103, 1158, 992, 1103, 992, 937, 1104, 1159, 1158, 1104, 1158, 1103, 1105, 1160, 1159, 1105, 1159, 1104, 1106, 1161, 1160,
            1106, 1160, 1105, 1107, 1162, 1161, 1107, 1161, 1106, 1108, 1163, 1162, 1108, 1162, 1107, 1109, 1164, 1163, 1109, 1163, 1108, 1110, 1165, 1164,
            1110, 1164, 1109, 1111, 1166, 1165, 1111, 1165, 1110, 1112, 1167, 1166, 1112, 1166, 1111, 1113, 1168, 1167, 1113, 1167, 1112, 1114, 1169, 1168,
            1114, 1168, 1113, 1115, 1170, 1169, 1115, 1169, 1114, 1116, 1171, 1170, 1116, 1170, 1115, 1117, 1172, 1171, 1117, 1171, 1116, 1118, 1173, 1172,
            1118, 1172, 1117, 1119, 1174, 1173, 1119, 1173, 1118, 1120, 1175, 1174, 1120, 1174, 1119, 1121, 1176, 1175, 1121, 1175, 1120, 1122, 1177, 1176,
            1122, 1176, 1121, 1123, 1178, 1177, 1123, 1177, 1122, 1124, 1179, 1178, 1124, 1178, 1123, 1125, 1180, 1179, 1125, 1179, 1124, 1126, 1181, 1180,
            1126, 1180, 1125, 1127, 1182, 1181, 1127, 1181, 1126, 1128, 1183, 1182, 1128, 1182, 1127, 1129, 1184, 1183, 1129, 1183, 1128, 1130, 1185, 1184,
            1130, 1184, 1129, 1131, 1186, 1185, 1131, 1185, 1130, 1132, 1187, 1186, 1132, 1186, 1131, 1133, 1188, 1187, 1133, 1187, 1132, 1134, 1189, 1188,
            1134, 1188, 1133, 1135, 1190, 1189, 1135, 1189, 1134, 1136, 1191, 1190, 1136, 1190, 1135, 1137, 1192, 1191, 1137, 1191, 1136, 1138, 1193, 1192,
            1138, 1192, 1137, 1139, 1194, 1193, 1139, 1193, 1138, 1140, 1195, 1194, 1140, 1194, 1139, 1141, 1196, 1195, 1141, 1195, 1140, 1142, 1197, 1196,
            1142, 1196, 1141, 1143, 1198, 1197, 1143, 1197, 1142, 1144, 1199, 1198, 1144, 1198, 1143, 1145, 1200, 1199, 1145, 1199, 1144, 1146, 1201, 1200,
            1146, 1200, 1145, 1147, 1202, 1201, 1147, 1201, 1146, 1148, 1203, 1202, 1148, 1202, 1147, 1149, 1204, 1203, 1149, 1203, 1148, 1150, 1205, 1204,
            1150, 1204, 1149, 1151, 1206, 1205, 1151, 1205, 1150, 1152, 1207, 1206, 1152, 1206, 1151, 1153, 1208, 1207, 1153, 1207, 1152, 1154, 1209, 1208,
            1154, 1208, 1153, 1155, 1210, 1209, 1155, 1209, 1154, 1156, 1211, 1210, 1156, 1210, 1155, 1157, 1212, 1211, 1157, 1211, 1156, 1158, 1213, 1047,
            1158, 1047, 992, 1159, 1214, 1213, 1159, 1213, 1158, 1160, 1215, 1214, 1160, 1214, 1159, 1161, 1216, 1215, 1161, 1215, 1160, 1162, 1217, 1216,
            1162, 1216, 1161, 1163, 1218, 1217, 1163, 1217, 1162, 1164, 1219, 1218, 1164, 1218, 1163, 1165, 1220, 1219, 1165, 1219, 1164, 1166, 1221, 1220,
            1166, 1220, 1165, 1167, 1222, 1221, 1167, 1221, 1166, 1168, 1223, 1222, 1168, 1222, 1167, 1169, 1224, 1223, 1169, 1223, 1168, 1170, 1225, 1224,
            1170, 1224, 1169, 1171, 1226, 1225, 1171, 1225, 1170, 1172, 1227, 1226, 1172, 1226, 1171, 1173, 1228, 1227, 1173, 1227, 1172, 1174, 1229, 1228,
            1174, 1228, 1173, 1175, 1230, 1229, 1175, 1229, 1174, 1176, 1231, 1230, 1176, 1230, 1175, 1177, 1232, 1231, 1177, 1231, 1176, 1178, 1233, 1232,
            1178, 1232, 1177, 1179, 1234, 1233, 1179, 1233, 1178, 1180, 1235, 1234, 1180, 1234, 1179, 1181, 1236, 1235, 1181, 1235, 1180, 1182, 1237, 1236,
            1182, 1236, 1181, 1183, 1238, 1237, 1183, 1237, 1182, 1184, 1239, 1238, 1184, 1238, 1183, 1185, 1240, 1239, 1185, 1239, 1184, 1186, 1241, 1240,
            1186, 1240, 1185, 1187, 1242, 1241, 1187, 1241, 1186, 1188, 1243, 1242, 1188, 1242, 1187, 1189, 1244, 1243, 1189, 1243, 1188, 1190, 1245, 1244,
            1190, 1244, 1189, 1191, 1246, 1245, 1191, 1245, 1190, 1192, 1247, 1246, 1192, 1246, 1191, 1193, 1248, 1247, 1193, 1247, 1192, 1194, 1249, 1248,
            1194, 1248, 1193, 1195, 1250, 1249, 1195, 1249, 1194, 1196, 1251, 1250, 1196, 1250, 1195, 1197, 1252, 1251, 1197, 1251, 1196, 1198, 1253, 1252,
            1198, 1252, 1197, 1199, 1254, 1253, 1199, 1253, 1198, 1200, 1255, 1254, 1200, 1254, 1199, 1201, 1256, 1255, 1201, 1255, 1200, 1202, 1257, 1256,
            1202, 1256, 1201, 1203, 1258, 1257, 1203, 1257, 1202, 1204, 1259, 1258, 1204, 1258, 1203, 1205, 1260, 1259, 1205, 1259, 1204, 1206, 1261, 1260,
            1206, 1260, 1205, 1207, 1262, 1261, 1207, 1261, 1206, 1208, 1263, 1262, 1208, 1262, 1207, 1209, 1264, 1263, 1209, 1263, 1208, 1210, 1265, 1264,
            1210, 1264, 1209, 1211, 1266, 1265, 1211, 1265, 1210, 1212, 1267, 1266, 1212, 1266, 1211, 1213, 1268, 1102, 1213, 1102, 1047, 1214, 1269, 1268,
            1214, 1268, 1213, 1215, 1270, 1269, 1215, 1269, 1214, 1216, 1271, 1270, 1216, 1270, 1215, 1217, 1272, 1271, 1217, 1271, 1216, 1218, 1273, 1272,
            1218, 1272, 1217, 1219, 1274, 1273, 1219, 1273, 1218, 1220, 1275, 1274, 1220, 1274, 1219, 1221, 1276, 1275, 1221, 1275, 1220, 1222, 1277, 1276,
            1222, 1276, 1221, 1223, 1278, 1277, 1223, 1277, 1222, 1224, 1279, 1278, 1224, 1278, 1223, 1225, 1280, 1279, 1225, 1279, 1224, 1226, 1281, 1280,
            1226, 1280, 1225, 1227, 1282, 1281, 1227, 1281, 1226, 1228, 1283, 1282, 1228, 1282, 1227, 1229, 1284, 1283, 1229, 1283, 1228, 1230, 1285, 1284,
            1230, 1284, 1229, 1231, 1286, 1285, 1231, 1285, 1230, 1232, 1287, 1286, 1232, 1286, 1231, 1233, 1288, 1287, 1233, 1287, 1232, 1234, 1289, 1288,
            1234, 1288, 1233, 1235, 1290, 1289, 1235, 1289, 1234, 1236, 1291, 1290, 1236, 1290, 1235, 1237, 1292, 1291, 1237, 1291, 1236, 1238, 1293, 1292,
            1238, 1292, 1237, 1239, 1294, 1293, 1239, 1293, 1238, 1240, 1295, 1294, 1240, 1294, 1239, 1241, 1296, 1295, 1241, 1295, 1240, 1242, 1297, 1296,
            1242, 1296, 1241, 1243, 1298, 1297, 1243, 1297, 1242, 1244, 1299, 1298, 1244, 1298, 1243, 1245, 1300, 1299, 1245, 1299, 1244, 1246, 1301, 1300,
            1246, 1300, 1245, 1247, 1302, 1301, 1247, 1301, 1246, 1248, 1303, 1302, 1248, 1302, 1247, 1249, 1304, 1303, 1249, 1303, 1248, 1250, 1305, 1304,
            1250, 1304, 1249, 1251, 1306, 1305, 1251, 1305, 1250, 1252, 1307, 1306, 1252, 1306, 1251, 1253, 1308, 1307, 1253, 1307, 1252, 1254, 1309, 1308,
            1254, 1308, 1253, 1255, 1310, 1309, 1255, 1309, 1254, 1256, 1311, 1310, 1256, 1310, 1255, 1257, 1312, 1311, 1257, 1311, 1256, 1258, 1313, 1312,
            1258, 1312, 1257, 1259, 1314, 1313, 1259, 1313, 1258, 1260, 1315, 1314, 1260, 1314, 1259, 1261, 1316, 1315, 1261, 1315, 1260, 1262, 1317, 1316,
            1262, 1316, 1261, 1263, 1318, 1317, 1263, 1317, 1262, 1264, 1319, 1318, 1264, 1318, 1263, 1265, 1320, 1319, 1265, 1319, 1264, 1266, 1321, 1320,
            1266, 1320, 1265, 1267, 1322, 1321, 1267, 1321, 1266, 1268, 1323, 1157, 1268, 1157, 1102, 1269, 1324, 1323, 1269, 1323, 1268, 1270, 1325, 1324,
            1270, 1324, 1269, 1271, 1326, 1325, 1271, 1325, 1270, 1272, 1327, 1326, 1272, 1326, 1271, 1273, 1328, 1327, 1273, 1327, 1272, 1274, 1329, 1328,
            1274, 1328, 1273, 1275, 1330, 1329, 1275, 1329, 1274, 1276, 1331, 1330, 1276, 1330, 1275, 1277, 1332, 1331, 1277, 1331, 1276, 1278, 1333, 1332,
            1278, 1332, 1277, 1279, 1334, 1333, 1279, 1333, 1278, 1280, 1335, 1334, 1280, 1334, 1279, 1281, 1336, 1335, 1281, 1335, 1280, 1282, 1337, 1336,
            1282, 1336, 1281, 1283, 1338, 1337, 1283, 1337, 1282, 1284, 1339, 1338, 1284, 1338, 1283, 1285, 1340, 1339, 1285, 1339, 1284, 1286, 1341, 1340,
            1286, 1340, 1285, 1287, 1342, 1341, 1287, 1341, 1286, 1288, 1343, 1342, 1288, 1342, 1287, 1289, 1344, 1343, 1289, 1343, 1288, 1290, 1345, 1344,
            1290, 1344, 1289, 1291, 1346, 1345, 1291, 1345, 1290, 1292, 1347, 1346, 1292, 1346, 1291, 1293, 1348, 1347, 1293, 1347, 1292, 1294, 1349, 1348,
            1294, 1348, 1293, 1295, 1350, 1349, 1295, 1349, 1294, 1296, 1351, 1350, 1296, 1350, 1295, 1297, 1352, 1351, 1297, 1351, 1296, 1298, 1353, 1352,
            1298, 1352, 1297, 1299, 1354, 1353, 1299, 1353, 1298, 1300, 1355, 1354, 1300, 1354, 1299, 1301, 1356, 1355, 1301, 1355, 1300, 1302, 1357, 1356,
            1302, 1356, 1301, 1303, 1358, 1357, 1303, 1357, 1302, 1304, 1359, 1358, 1304, 1358, 1303, 1305, 1360, 1359, 1305, 1359, 1304, 1306, 1361, 1360,
            1306, 1360, 1305, 1307, 1362, 1361, 1307, 1361, 1306, 1308, 1363, 1362, 1308, 1362, 1307, 1309, 1364, 1363, 1309, 1363, 1308, 1310, 1365, 1364,
            1310, 1364, 1309, 1311, 1366, 1365, 1311, 1365, 1310, 1312, 1367, 1366, 1312, 1366, 1311, 1313, 1368, 1367, 1313, 1367, 1312, 1314, 1369, 1368,
            1314, 1368, 1313, 1315, 1370, 1369, 1315, 1369, 1314, 1316, 1371, 1370, 1316, 1370, 1315, 1317, 1372, 1371, 1317, 1371, 1316, 1318, 1373, 1372,
            1318, 1372, 1317, 1319, 1374, 1373, 1319, 1373, 1318, 1320, 1375, 1374, 1320, 1374, 1319, 1321, 1376, 1375, 1321, 1375, 1320, 1322, 1377, 1376,
            1322, 1376, 1321, 1323, 1378, 1212, 1323, 1212, 1157, 1324, 1379, 1378, 1324, 1378, 1323, 1325, 1380, 1379, 1325, 1379, 1324, 1326, 1381, 1380,
            1326, 1380, 1325, 1327, 1382, 1381, 1327, 1381, 1326, 1328, 1383, 1382, 1328, 1382, 1327, 1329, 1384, 1383, 1329, 1383, 1328, 1330, 1385, 1384,
            1330, 1384, 1329, 1331, 1386, 1385, 1331, 1385, 1330, 1332, 1387, 1386, 1332, 1386, 1331, 1333, 1388, 1387, 1333, 1387, 1332, 1334, 1389, 1388,
            1334, 1388, 1333, 1335, 1390, 1389, 1335, 1389, 1334, 1336, 1391, 1390, 1336, 1390, 1335, 1337, 1392, 1391, 1337, 1391, 1336, 1338, 1393, 1392,
            1338, 1392, 1337, 1339, 1394, 1393, 1339, 1393, 1338, 1340, 1395, 1394, 1340, 1394, 1339, 1341, 1396, 1395, 1341, 1395, 1340, 1342, 1397, 1396,
            1342, 1396, 1341, 1343, 1398, 1397, 1343, 1397, 1342, 1344, 1399, 1398, 1344, 1398, 1343, 1345, 1400, 1399, 1345, 1399, 1344, 1346, 1401, 1400,
            1346, 1400, 1345, 1347, 1402, 1401, 1347, 1401, 1346, 1348, 1403, 1402, 1348, 1402, 1347, 1349, 1404, 1403, 1349, 1403, 1348, 1350, 1405, 1404,
            1350, 1404, 1349, 1351, 1406, 1405, 1351, 1405, 1350, 1352, 1407, 1406, 1352, 1406, 1351, 1353, 1408, 1407, 1353, 1407, 1352, 1354, 1409, 1408,
            1354, 1408, 1353, 1355, 1410, 1409, 1355, 1409, 1354, 1356, 1411, 1410, 1356, 1410, 1355, 1357, 1412, 1411, 1357, 1411, 1356, 1358, 1413, 1412,
            1358, 1412, 1357, 1359, 1414, 1413, 1359, 1413, 1358, 1360, 1415, 1414, 1360, 1414, 1359, 1361, 1416, 1415, 1361, 1415, 1360, 1362, 1417, 1416,
            1362, 1416, 1361, 1363, 1418, 1417, 1363, 1417, 1362, 1364, 1419, 1418, 1364, 1418, 1363, 1365, 1420, 1419, 1365, 1419, 1364, 1366, 1421, 1420,
            1366, 1420, 1365, 1367, 1422, 1421, 1367, 1421, 1366, 1368, 1423, 1422, 1368, 1422, 1367, 1369, 1424, 1423, 1369, 1423, 1368, 1370, 1425, 1424,
            1370, 1424, 1369, 1371, 1426, 1425, 1371, 1425, 1370, 1372, 1427, 1426, 1372, 1426, 1371, 1373, 1428, 1427, 1373, 1427, 1372, 1374, 1429, 1428,
            1374, 1428, 1373, 1375, 1430, 1429, 1375, 1429, 1374, 1376, 158, 1430, 1376, 1430, 1375, 1377, 156, 158, 1377, 158, 1376, 1378, 1431, 1267,
            1378, 1267, 1212, 1379, 1432, 1431, 1379, 1431, 1378, 1380, 1433, 1432, 1380, 1432, 1379, 1381, 1434, 1433, 1381, 1433, 1380, 1382, 1435, 1434,
            1382, 1434, 1381, 1383, 1436, 1435, 1383, 1435, 1382, 1384, 1437, 1436, 1384, 1436, 1383, 1385, 1438, 1437, 1385, 1437, 1384, 1386, 1439, 1438,
            1386, 1438, 1385, 1387, 1440, 1439, 1387, 1439, 1386, 1388, 1441, 1440, 1388, 1440, 1387, 1389, 1442, 1441, 1389, 1441, 1388, 1390, 1443, 1442,
            1390, 1442, 1389, 1391, 1444, 1443, 1391, 1443, 1390, 1392, 1445, 1444, 1392, 1444, 1391, 1393, 1446, 1445, 1393, 1445, 1392, 1394, 1447, 1446,
            1394, 1446, 1393, 1395, 1448, 1447, 1395, 1447, 1394, 1396, 1449, 1448, 1396, 1448, 1395, 1397, 1450, 1449, 1397, 1449, 1396, 1398, 1451, 1450,
            1398, 1450, 1397, 1399, 1452, 1451, 1399, 1451, 1398, 1400, 1453, 1452, 1400, 1452, 1399, 1401, 1454, 1453, 1401, 1453, 1400, 1402, 1455, 1454,
            1402, 1454, 1401, 1403, 1456, 1455, 1403, 1455, 1402, 1404, 1457, 1456, 1404, 1456, 1403, 1405, 1458, 1457, 1405, 1457, 1404, 1406, 1459, 1458,
            1406, 1458, 1405, 1407, 1460, 1459, 1407, 1459, 1406, 1408, 1461, 1460, 1408, 1460, 1407, 1409, 1462, 1461, 1409, 1461, 1408, 1410, 1463, 1462,
            1410, 1462, 1409, 1411, 1464, 1463, 1411, 1463, 1410, 1412, 1465, 1464, 1412, 1464, 1411, 1413, 1466, 1465, 1413, 1465, 1412, 1414, 1467, 1466,
            1414, 1466, 1413, 1415, 1468, 1467, 1415, 1467, 1414, 1416, 1469, 1468, 1416, 1468, 1415, 1417, 1470, 1469, 1417, 1469, 1416, 1418, 1471, 1470,
            1418, 1470, 1417, 1419, 1472, 1471, 1419, 1471, 1418, 1420, 1473, 1472, 1420, 1472, 1419, 1421, 1474, 1473, 1421, 1473, 1420, 1422, 1475, 1474,
            1422, 1474, 1421, 1423, 1476, 1475, 1423, 1475, 1422, 1424, 1477, 1476, 1424, 1476, 1423, 1425, 1478, 1477, 1425, 1477, 1424, 1426, 161, 1478,
            1426, 1478, 1425, 1427, 159, 161, 1427, 161, 1426, 1428, 1479, 159, 1428, 159, 1427, 1429, 1480, 1479, 1429, 1479, 1428, 1430, 1481, 1480,
            1430, 1480, 1429, 158, 157, 1481, 158, 1481, 1430, 1431, 1482, 1322, 1431, 1322, 1267, 1432, 1483, 1482, 1432, 1482, 1431, 1433, 1484, 1483,
            1433, 1483, 1432, 1434, 1485, 1484, 1434, 1484, 1433, 1435, 1486, 1485, 1435, 1485, 1434, 1436, 1487, 1486, 1436, 1486, 1435, 1437, 1488, 1487,
            1437, 1487, 1436, 1438, 1489, 1488, 1438, 1488, 1437, 1439, 1490, 1489, 1439, 1489, 1438, 1440, 1491, 1490, 1440, 1490, 1439, 1441, 1492, 1491,
            1441, 1491, 1440, 1442, 1493, 1492, 1442, 1492, 1441, 1443, 1494, 1493, 1443, 1493, 1442, 1444, 1495, 1494, 1444, 1494, 1443, 1445, 1496, 1495,
            1445, 1495, 1444, 1446, 1497, 1496, 1446, 1496, 1445, 1447, 1498, 1497, 1447, 1497, 1446, 1448, 1499, 1498, 1448, 1498, 1447, 1449, 1500, 1499,
            1449, 1499, 1448, 1450, 1501, 1500, 1450, 1500, 1449, 1451, 1502, 1501, 1451, 1501, 1450, 1452, 1503, 1502, 1452, 1502, 1451, 1453, 1504, 1503,
            1453, 1503, 1452, 1454, 1505, 1504, 1454, 1504, 1453, 1455, 1506, 1505, 1455, 1505, 1454, 1456, 1507, 1506, 1456, 1506, 1455, 1457, 164, 1507,
            1457, 1507, 1456, 1458, 162, 164, 1458, 164, 1457, 1459, 1508, 162, 1459, 162, 1458, 1460, 1509, 1508, 1460, 1508, 1459, 1461, 1510, 1509,
            1461, 1509, 1460, 1462, 1511, 1510, 1462, 1510, 1461, 1463, 1512, 1511, 1463, 1511, 1462, 1464, 1513, 1512, 1464, 1512, 1463, 1465, 1514, 1513,
            1465, 1513, 1464, 1466, 1515, 1514, 1466, 1514, 1465, 1467, 1516, 1515, 1467, 1515, 1466, 1468, 1517, 1516, 1468, 1516, 1467, 1469, 1518, 1517,
            1469, 1517, 1468, 1470, 1519, 1518, 1470, 1518, 1469, 1471, 1520, 1519, 1471, 1519, 1470, 1472, 1521, 1520, 1472, 1520, 1471, 1473, 1522, 1521,
            1473, 1521, 1472, 1474, 1523, 1522, 1474, 1522, 1473, 1475, 1524, 1523, 1475, 1523, 1474, 1476, 1525, 1524, 1476, 1524, 1475, 1477, 1526, 1525,
            1477, 1525, 1476, 1478, 1527, 1526, 1478, 1526, 1477, 161, 160, 1527, 161, 1527, 1478, 1482, 1528, 1377, 1482, 1377, 1322, 1483, 1529, 1528,
            1483, 1528, 1482, 1484, 1530, 1529, 1484, 1529, 1483, 1485, 1531, 1530, 1485, 1530, 1484, 1486, 1532, 1531, 1486, 1531, 1485, 1487, 1533, 1532,
            1487, 1532, 1486, 1488, 1534, 1533, 1488, 1533, 1487, 1489, 1535, 1534, 1489, 1534, 1488, 1490, 1536, 1535, 1490, 1535, 1489, 1491, 1537, 1536,
            1491, 1536, 1490, 1492, 1538, 1537, 1492, 1537, 1491, 1493, 1539, 1538, 1493, 1538, 1492, 1494, 1540, 1539, 1494, 1539, 1493, 1495, 1541, 1540,
            1495, 1540, 1494, 1496, 1542, 1541, 1496, 1541, 1495, 1497, 1543, 1542, 1497, 1542, 1496, 1498, 1544, 1543, 1498, 1543, 1497, 1499, 1545, 1544,
            1499, 1544, 1498, 1500, 1546, 1545, 1500, 1545, 1499, 1501, 1547, 1546, 1501, 1546, 1500, 1502, 167, 1547, 1502, 1547, 1501, 1503, 165, 167,
            1503, 167, 1502, 1504, 1548, 165, 1504, 165, 1503, 1505, 1549, 1548, 1505, 1548, 1504, 1506, 1550, 1549, 1506, 1549, 1505, 1507, 1551, 1550,
            1507, 1550, 1506, 164, 163, 1551, 164, 1551, 1507, 1528, 1552, 156, 1528, 156, 1377, 1529, 1553, 1552, 1529, 1552, 1528, 1530, 1554, 1553,
            1530, 1553, 1529, 1531, 1555, 1554, 1531, 1554, 1530, 1532, 1556, 1555, 1532, 1555, 1531, 1533, 1557, 1556, 1533, 1556, 1532, 1534, 1558, 1557,
            1534, 1557, 1533, 1535, 1559, 1558, 1535, 1558, 1534, 1536, 1560, 1559, 1536, 1559, 1535, 1537, 1561, 1560, 1537, 1560, 1536, 1538, 1562, 1561,
            1538, 1561, 1537, 1539, 1563, 1562, 1539, 1562, 1538, 1540, 1564, 1563, 1540, 1563, 1539, 1541, 1565, 1564, 1541, 1564, 1540, 1542, 1566, 1565,
            1542, 1565, 1541, 1543, 1567, 1566, 1543, 1566, 1542, 1544, 1568, 1567, 1544, 1567, 1543, 1545, 1569, 1568, 1545, 1568, 1544, 1546, 1570, 1569,
            1546, 1569, 1545, 1547, 1571, 1570, 1547, 1570, 1546, 167, 166, 1571, 167, 1571, 1547, 1571, 166, 1572, 1571, 1572, 1573, 1550, 1551, 1574,
            1550, 1574, 1575, 1568, 1569, 1576, 1568, 1576, 1577, 1520, 1521, 1578, 1520, 1578, 1579, 1567, 1568, 1577, 1567, 1577, 1580, 156, 1552, 1581,
            156, 1581, 1582, 1523, 1524, 1583, 1523, 1583, 1584, 1558, 1559, 1585, 1558, 1585, 1586, 163, 162, 1587, 163, 1587, 1588, 1549, 1550, 1575,
            1549, 1575, 1589, 1508, 1509, 1590, 1508, 1590, 1591, 1513, 1514, 1592, 1513, 1592, 1593, 1480, 1481, 1594, 1480, 1594, 1595, 1519, 1520, 1579,
            1519, 1579, 1596, 1566, 1567, 1580, 1566, 1580, 1597, 1514, 1515, 1598, 1514, 1598, 1592, 1521, 1522, 1599, 1521, 1599, 1578, 1481, 157, 1600,
            1481, 1600, 1594, 1525, 1526, 1601, 1525, 1601, 1602, 157, 156, 1582, 157, 1582, 1600, 1552, 1553, 1603, 1552, 1603, 1581, 1556, 1557, 1604,
            1556, 1604, 1605, 162, 1508, 1591, 162, 1591, 1587, 1562, 1563, 1606, 1562, 1606, 1607, 1561, 1562, 1607, 1561, 1607, 1608, 1511, 1512, 1609,
            1511, 1609, 1610, 165, 1548, 1611, 165, 1611, 1612, 1553, 1554, 1613, 1553, 1613, 1603, 1527, 160, 1614, 1527, 1614, 1615, 1569, 1570, 1616,
            1569, 1616, 1576, 1548, 1549, 1589, 1548, 1589, 1611, 1515, 1516, 1617, 1515, 1617, 1598, 1517, 1518, 1618, 1517, 1618, 1619, 1518, 1519, 1596,
            1518, 1596, 1618, 1554, 1555, 1620, 1554, 1620, 1613, 1557, 1558, 1586, 1557, 1586, 1604, 1570, 1571, 1573, 1570, 1573, 1616, 1524, 1525, 1602,
            1524, 1602, 1583, 1479, 1480, 1595, 1479, 1595, 1621, 1551, 163, 1588, 1551, 1588, 1574, 1563, 1564, 1622, 1563, 1622, 1606, 1559, 1560, 1623,
            1559, 1623, 1585, 1510, 1511, 1610, 1510, 1610, 1624, 1564, 1565, 1625, 1564, 1625, 1622, 160, 159, 1626, 160, 1626, 1614, 166, 165, 1612,
            166, 1612, 1572, 1512, 1513, 1593, 1512, 1593, 1609, 1522, 1523, 1584, 1522, 1584, 1599, 1509, 1510, 1624, 1509, 1624, 1590, 159, 1479, 1621,
            159, 1621, 1626, 1526, 1527, 1615, 1526, 1615, 1601, 1560, 1561, 1608, 1560, 1608, 1623, 1516, 1517, 1619, 1516, 1619, 1617, 1565, 1566, 1597,
            1565, 1597, 1625, 1555, 1556, 1605, 1555, 1605, 1620, 199, 203, 201, 203, 199, 205, 205, 199, 197, 205, 197, 207, 207, 197, 195,
            207, 195, 209, 209, 195, 193, 209, 193, 211, 211, 193, 191, 211, 191, 213, 213, 191, 189, 213, 189, 215, 215, 189, 187,
            215, 187, 146, 146, 187, 185, 146, 185, 144, 144, 185, 183, 144, 183, 168, 168, 183, 181, 168, 181, 170, 170, 181, 179,
            170, 179, 172, 172, 179, 177, 172, 177, 174, 174, 177, 147, 174, 147, 155, 155, 147, 149, 155, 149, 153, 153, 149, 228,
            153, 228, 259, 259, 228, 226, 259, 226, 261, 261, 226, 224, 261, 224, 263, 263, 224, 150, 263, 150, 265, 265, 150, 152,
            265, 152, 267, 267, 152, 297, 267, 297, 269, 269, 297, 295, 269, 295, 271, 271, 295, 293, 271, 293, 273, 273, 293, 291,
            273, 291, 275, 275, 291, 289, 275, 289, 277, 277, 289, 287, 277, 287, 279, 279, 287, 285, 279, 285, 281, 281, 285, 283,
            1627, 1628, 1629, 1630, 1631, 1632, 1633, 1634, 1635, 1636, 1627, 1637, 1638, 1630, 1639, 1640, 1633, 1641, 1642, 1636, 1643, 1644, 1638, 1645,
            1646, 1640, 1647, 1648, 1644, 1649, 1650, 1646, 1651, 1652, 1648, 1653, 1654, 1650, 1655, 1656, 1652, 1657, 1658, 1654, 1659, 1660, 1656, 1661,
            1662, 1658, 1663, 1664, 1660, 1665, 1666, 1662, 1667, 1668, 1664, 1669, 1670, 1666, 1671, 1672, 1668, 1673, 1674, 1670, 1675, 1676, 1672, 1677,
            1678, 1674, 1679, 1680, 1681, 1682, 1683, 1676, 1684, 1685, 1678, 1686, 1687, 1680, 1688, 1628, 1683, 1689, 1631, 1685, 1690, 1634, 1687, 1691,
            1692, 1693, 1694, 1692, 1694, 1695, 1696, 1697, 1698, 1696, 1698, 1699, 1700, 1701, 1702, 1700, 1702, 1703, 1704, 1705, 1706, 1704, 1706, 1707,
            1708, 1692, 1695, 1708, 1695, 1709, 1710, 1700, 1703, 1710, 1703, 1711, 1712, 1704, 1707, 1712, 1707, 1713, 1714, 1708, 1709, 1714, 1709, 1697,
            1715, 1710, 1711, 1715, 1711, 1716, 1717, 1712, 1713, 1717, 1713, 1718, 1719, 1714, 1697, 1719, 1697, 1696, 1720, 1715, 1716, 1720, 1716, 1721,
            1722, 1717, 1718, 1722, 1718, 1723, 1724, 1719, 1696, 1724, 1696, 1725, 1726, 1720, 1721, 1726, 1721, 1727, 1728, 1724, 1725, 1728, 1725, 1729,
            1730, 1726, 1727, 1730, 1727, 1731, 1732, 1728, 1729, 1732, 1729, 1733, 1734, 1730, 1731, 1734, 1731, 1735, 1736, 1732, 1733, 1736, 1733, 1737,
            1738, 1734, 1735, 1738, 1735, 1739, 1740, 1736, 1737, 1740, 1737, 1741, 1742, 1738, 1739, 1742, 1739, 1743, 1744, 1740, 1741, 1744, 1741, 1745,
            1746, 1742, 1743, 1746, 1743, 1747, 1748, 1744, 1745, 1748, 1745, 1749, 1750, 1746, 1747, 1750, 1747, 1751, 1752, 1748, 1749, 1752, 1749, 1753,
            1754, 1750, 1751, 1754, 1751, 1755, 1756, 1752, 1753, 1756, 1753, 1757, 1693, 1754, 1755, 1693, 1755, 1694, 1701, 1758, 1759, 1701, 1759, 1702,
            1705, 1756, 1757, 1705, 1757, 1706, 1760, 1761, 1762, 1760, 1762, 1763, 1721, 1716, 1764, 1721, 1764, 1765, 1723, 1718, 1766, 1723, 1766, 1767,
            1725, 1696, 1699, 1725, 1699, 1768, 1727, 1721, 1765, 1727, 1765, 1769, 1729, 1725, 1768, 1729, 1768, 1761, 1731, 1727, 1769, 1731, 1769, 1770,
            1733, 1729, 1761, 1733, 1761, 1760, 1735, 1731, 1770, 1735, 1770, 1771, 1737, 1733, 1760, 1737, 1760, 1772, 1739, 1735, 1771, 1739, 1771, 1773,
            1741, 1737, 1772, 1741, 1772, 1774, 1743, 1739, 1773, 1743, 1773, 1775, 1745, 1741, 1774, 1745, 1774, 1776, 1747, 1743, 1775, 1747, 1775, 1777,
            1749, 1745, 1776, 1749, 1776, 1778, 1751, 1747, 1777, 1751, 1777, 1779, 1753, 1749, 1778, 1753, 1778, 1780, 1755, 1751, 1779, 1755, 1779, 1781,
            1757, 1753, 1780, 1757, 1780, 1782, 1694, 1755, 1781, 1694, 1781, 1783, 1702, 1759, 1784, 1702, 1784, 1785, 1706, 1757, 1782, 1706, 1782, 1786,
            1695, 1694, 1783, 1695, 1783, 1787, 1703, 1702, 1785, 1703, 1785, 1788, 1707, 1706, 1786, 1707, 1786, 1789, 1709, 1695, 1787, 1709, 1787, 1790,
            1711, 1703, 1788, 1711, 1788, 1791, 1713, 1707, 1789, 1713, 1789, 1792, 1697, 1709, 1790, 1697, 1790, 1698, 1716, 1711, 1791, 1716, 1791, 1764,
            1718, 1713, 1792, 1718, 1792, 1766, 1793, 1794, 1795, 1793, 1795, 1796, 1771, 1770, 1797, 1771, 1797, 1798, 1772, 1760, 1763, 1772, 1763, 1799,
            1773, 1771, 1798, 1773, 1798, 1800, 1774, 1772, 1799, 1774, 1799, 1794, 1775, 1773, 1800, 1775, 1800, 1801, 1776, 1774, 1794, 1776, 1794, 1793,
            1777, 1775, 1801, 1777, 1801, 1802, 1778, 1776, 1793, 1778, 1793, 1803, 1779, 1777, 1802, 1779, 1802, 1804, 1780, 1778, 1803, 1780, 1803, 1805,
            1781, 1779, 1804, 1781, 1804, 1806, 1782, 1780, 1805, 1782, 1805, 1807, 1783, 1781, 1806, 1783, 1806, 1808, 1785, 1784, 1809, 1785, 1809, 1810,
            1786, 1782, 1807, 1786, 1807, 1811, 1787, 1783, 1808, 1787, 1808, 1812, 1788, 1785, 1810, 1788, 1810, 1813, 1789, 1786, 1811, 1789, 1811, 1814,
            1790, 1787, 1812, 1790, 1812, 1815, 1791, 1788, 1813, 1791, 1813, 1816, 1792, 1789, 1814, 1792, 1814, 1817, 1698, 1790, 1815, 1698, 1815, 1818,
            1764, 1791, 1816, 1764, 1816, 1819, 1766, 1792, 1817, 1766, 1817, 1820, 1699, 1698, 1818, 1699, 1818, 1821, 1765, 1764, 1819, 1765, 1819, 1822,
            1767, 1766, 1820, 1767, 1820, 1823, 1768, 1699, 1821, 1768, 1821, 1824, 1769, 1765, 1822, 1769, 1822, 1825, 1761, 1768, 1824, 1761, 1824, 1762,
            1770, 1769, 1825, 1770, 1825, 1797, 1826, 1827, 1828, 1826, 1828, 1829, 1802, 1801, 1830, 1802, 1830, 1831, 1803, 1793, 1796, 1803, 1796, 1832,
            1804, 1802, 1831, 1804, 1831, 1833, 1805, 1803, 1832, 1805, 1832, 1827, 1806, 1804, 1833, 1806, 1833, 1834, 1807, 1805, 1827, 1807, 1827, 1826,
            1808, 1806, 1834, 1808, 1834, 1835, 1810, 1809, 1836, 1810, 1836, 1837, 1811, 1807, 1826, 1811, 1826, 1838, 1812, 1808, 1835, 1812, 1835, 1839,
            1813, 1810, 1837, 1813, 1837, 1840, 1814, 1811, 1838, 1814, 1838, 1841, 1815, 1812, 1839, 1815, 1839, 1842, 1816, 1813, 1840, 1816, 1840, 1843,
            1817, 1814, 1841, 1817, 1841, 1844, 1818, 1815, 1842, 1818, 1842, 1845, 1819, 1816, 1843, 1819, 1843, 1846, 1820, 1817, 1844, 1820, 1844, 1847,
            1821, 1818, 1845, 1821, 1845, 1848, 1822, 1819, 1846, 1822, 1846, 1849, 1823, 1820, 1847, 1823, 1847, 1850, 1824, 1821, 1848, 1824, 1848, 1851,
            1825, 1822, 1849, 1825, 1849, 1852, 1762, 1824, 1851, 1762, 1851, 1853, 1797, 1825, 1852, 1797, 1852, 1854, 1763, 1762, 1853, 1763, 1853, 1855,
            1798, 1797, 1854, 1798, 1854, 1856, 1799, 1763, 1855, 1799, 1855, 1857, 1800, 1798, 1856, 1800, 1856, 1858, 1794, 1799, 1857, 1794, 1857, 1795,
            1801, 1800, 1858, 1801, 1858, 1830, 1859, 1860, 1861, 1859, 1861, 1862, 1835, 1834, 1863, 1835, 1863, 1864, 1837, 1836, 1865, 1837, 1865, 1866,
            1838, 1826, 1829, 1838, 1829, 1867, 1839, 1835, 1864, 1839, 1864, 1868, 1840, 1837, 1866, 1840, 1866, 1860, 1841, 1838, 1867, 1841, 1867, 1869,
            1842, 1839, 1868, 1842, 1868, 1870, 1843, 1840, 1860, 1843, 1860, 1859, 1844, 1841, 1869, 1844, 1869, 1871, 1845, 1842, 1870, 1845, 1870, 1872,
            1846, 1843, 1859, 1846, 1859, 1873, 1847, 1844, 1871, 1847, 1871, 1874, 1848, 1845, 1872, 1848, 1872, 1875, 1849, 1846, 1873, 1849, 1873, 1876,
            1850, 1847, 1874, 1850, 1874, 1877, 1851, 1848, 1875, 1851, 1875, 1878, 1852, 1849, 1876, 1852, 1876, 1879, 1853, 1851, 1878, 1853, 1878, 1880,
            1854, 1852, 1879, 1854, 1879, 1881, 1855, 1853, 1880, 1855, 1880, 1882, 1856, 1854, 1881, 1856, 1881, 1883, 1857, 1855, 1882, 1857, 1882, 1884,
            1858, 1856, 1883, 1858, 1883, 1885, 1795, 1857, 1884, 1795, 1884, 1886, 1830, 1858, 1885, 1830, 1885, 1887, 1796, 1795, 1886, 1796, 1886, 1888,
            1831, 1830, 1887, 1831, 1887, 1889, 1832, 1796, 1888, 1832, 1888, 1890, 1833, 1831, 1889, 1833, 1889, 1891, 1827, 1832, 1890, 1827, 1890, 1828,
            1834, 1833, 1891, 1834, 1891, 1863, 1892, 1893, 1894, 1892, 1894, 1895, 1871, 1869, 1896, 1871, 1896, 1897, 1872, 1870, 1898, 1872, 1898, 1899,
            1873, 1859, 1862, 1873, 1862, 1900, 1874, 1871, 1897, 1874, 1897, 1901, 1875, 1872, 1899, 1875, 1899, 1902, 1876, 1873, 1900, 1876, 1900, 1893,
            1877, 1874, 1901, 1877, 1901, 1903, 1878, 1875, 1902, 1878, 1902, 1904, 1879, 1876, 1893, 1879, 1893, 1892, 1880, 1878, 1904, 1880, 1904, 1905,
            1881, 1879, 1892, 1881, 1892, 1906, 1882, 1880, 1905, 1882, 1905, 1907, 1883, 1881, 1906, 1883, 1906, 1908, 1884, 1882, 1907, 1884, 1907, 1909,
            1885, 1883, 1908, 1885, 1908, 1910, 1886, 1884, 1909, 1886, 1909, 1911, 1887, 1885, 1910, 1887, 1910, 1912, 1888, 1886, 1911, 1888, 1911, 1913,
            1889, 1887, 1912, 1889, 1912, 1914, 1890, 1888, 1913, 1890, 1913, 1915, 1891, 1889, 1914, 1891, 1914, 1916, 1828, 1890, 1915, 1828, 1915, 1917,
            1863, 1891, 1916, 1863, 1916, 1918, 1829, 1828, 1917, 1829, 1917, 1919, 1864, 1863, 1918, 1864, 1918, 1920, 1866, 1865, 1921, 1866, 1921, 1922,
            1867, 1829, 1919, 1867, 1919, 1923, 1868, 1864, 1920, 1868, 1920, 1924, 1860, 1866, 1922, 1860, 1922, 1861, 1869, 1867, 1923, 1869, 1923, 1896,
            1870, 1868, 1924, 1870, 1924, 1898, 1925, 1926, 1927, 1925, 1927, 1928, 1905, 1904, 1929, 1905, 1929, 1930, 1906, 1892, 1895, 1906, 1895, 1931,
            1907, 1905, 1930, 1907, 1930, 1932, 1908, 1906, 1931, 1908, 1931, 1926, 1909, 1907, 1932, 1909, 1932, 1933, 1910, 1908, 1926, 1910, 1926, 1925,
            1911, 1909, 1933, 1911, 1933, 1934, 1912, 1910, 1925, 1912, 1925, 1935, 1913, 1911, 1934, 1913, 1934, 1936, 1914, 1912, 1935, 1914, 1935, 1937,
            1915, 1913, 1936, 1915, 1936, 1938, 1916, 1914, 1937, 1916, 1937, 1939, 1917, 1915, 1938, 1917, 1938, 1940, 1918, 1916, 1939, 1918, 1939, 1941,
            1919, 1917, 1940, 1919, 1940, 1942, 1920, 1918, 1941, 1920, 1941, 1943, 1922, 1921, 1944, 1922, 1944, 1945, 1923, 1919, 1942, 1923, 1942, 1946,
            1924, 1920, 1943, 1924, 1943, 1947, 1861, 1922, 1945, 1861, 1945, 1948, 1896, 1923, 1946, 1896, 1946, 1949, 1898, 1924, 1947, 1898, 1947, 1950,
            1862, 1861, 1948, 1862, 1948, 1951, 1897, 1896, 1949, 1897, 1949, 1952, 1899, 1898, 1950, 1899, 1950, 1953, 1900, 1862, 1951, 1900, 1951, 1954,
            1901, 1897, 1952, 1901, 1952, 1955, 1902, 1899, 1953, 1902, 1953, 1956, 1893, 1900, 1954, 1893, 1954, 1894, 1903, 1901, 1955, 1903, 1955, 1957,
            1904, 1902, 1956, 1904, 1956, 1929, 1958, 1959, 1960, 1958, 1960, 1961, 1934, 1933, 1962, 1934, 1962, 1963, 1935, 1925, 1928, 1935, 1928, 1964,
            1936, 1934, 1963, 1936, 1963, 1965, 1937, 1935, 1964, 1937, 1964, 1959, 1938, 1936, 1965, 1938, 1965, 1966, 1939, 1937, 1959, 1939, 1959, 1958,
            1940, 1938, 1966, 1940, 1966, 1967, 1941, 1939, 1958, 1941, 1958, 1968, 1942, 1940, 1967, 1942, 1967, 1969, 1943, 1941, 1968, 1943, 1968, 1970,
            1945, 1944, 1971, 1945, 1971, 1972, 1946, 1942, 1969, 1946, 1969, 1973, 1947, 1943, 1970, 1947, 1970, 1974, 1948, 1945, 1972, 1948, 1972, 1975,
            1949, 1946, 1973, 1949, 1973, 1976, 1950, 1947, 1974, 1950, 1974, 1977, 1951, 1948, 1975, 1951, 1975, 1978, 1952, 1949, 1976, 1952, 1976, 1979,
            1953, 1950, 1977, 1953, 1977, 1980, 1954, 1951, 1978, 1954, 1978, 1981, 1955, 1952, 1979, 1955, 1979, 1982, 1956, 1953, 1980, 1956, 1980, 1983,
            1894, 1954, 1981, 1894, 1981, 1984, 1957, 1955, 1982, 1957, 1982, 1985, 1929, 1956, 1983, 1929, 1983, 1986, 1895, 1894, 1984, 1895, 1984, 1987,
            1930, 1929, 1986, 1930, 1986, 1988, 1931, 1895, 1987, 1931, 1987, 1989, 1932, 1930, 1988, 1932, 1988, 1990, 1926, 1931, 1989, 1926, 1989, 1927,
            1933, 1932, 1990, 1933, 1990, 1962, 1991, 1992, 1993, 1991, 1993, 1994, 1967, 1966, 1995, 1967, 1995, 1996, 1968, 1958, 1961, 1968, 1961, 1997,
            1969, 1967, 1996, 1969, 1996, 1998, 1970, 1968, 1997, 1970, 1997, 1992, 1972, 1971, 1999, 1972, 1999, 2000, 1973, 1969, 1998, 1973, 1998, 2001,
            1974, 1970, 1992, 1974, 1992, 1991, 1975, 1972, 2000, 1975, 2000, 2002, 1976, 1973, 2001, 1976, 2001, 2003, 1977, 1974, 1991, 1977, 1991, 2004,
            1978, 1975, 2002, 1978, 2002, 2005, 1979, 1976, 2003, 1979, 2003, 2006, 1980, 1977, 2004, 1980, 2004, 2007, 1981, 1978, 2005, 1981, 2005, 2008,
            1982, 1979, 2006, 1982, 2006, 2009, 1983, 1980, 2007, 1983, 2007, 2010, 1984, 1981, 2008, 1984, 2008, 2011, 1985, 1982, 2009, 1985, 2009, 2012,
            1986, 1983, 2010, 1986, 2010, 2013, 1987, 1984, 2011, 1987, 2011, 2014, 1988, 1986, 2013, 1988, 2013, 2015, 1989, 1987, 2014, 1989, 2014, 2016,
            1990, 1988, 2015, 1990, 2015, 2017, 1927, 1989, 2016, 1927, 2016, 2018, 1962, 1990, 2017, 1962, 2017, 2019, 1928, 1927, 2018, 1928, 2018, 2020,
            1963, 1962, 2019, 1963, 2019, 2021, 1964, 1928, 2020, 1964, 2020, 2022, 1965, 1963, 2021, 1965, 2021, 2023, 1959, 1964, 2022, 1959, 2022, 1960,
            1966, 1965, 2023, 1966, 2023, 1995, 2024, 2025, 2026, 2024, 2026, 2027, 2002, 2000, 2028, 2002, 2028, 2029, 2003, 2001, 2030, 2003, 2030, 2031,
            2004, 1991, 1994, 2004, 1994, 2032, 2005, 2002, 2029, 2005, 2029, 2033, 2006, 2003, 2031, 2006, 2031, 2034, 2007, 2004, 2032, 2007, 2032, 2025,
            2008, 2005, 2033, 2008, 2033, 2035, 2009, 2006, 2034, 2009, 2034, 2036, 2010, 2007, 2025, 2010, 2025, 2024, 2011, 2008, 2035, 2011, 2035, 2037,
            2012, 2009, 2036, 2012, 2036, 2038, 2013, 2010, 2024, 2013, 2024, 2039, 2014, 2011, 2037, 2014, 2037, 2040, 2015, 2013, 2039, 2015, 2039, 2041,
            2016, 2014, 2040, 2016, 2040, 2042, 2017, 2015, 2041, 2017, 2041, 2043, 2018, 2016, 2042, 2018, 2042, 2044, 2019, 2017, 2043, 2019, 2043, 2045,
            2020, 2018, 2044, 2020, 2044, 2046, 2021, 2019, 2045, 2021, 2045, 2047, 2022, 2020, 2046, 2022, 2046, 2048, 2023, 2021, 2047, 2023, 2047, 2049,
            1960, 2022, 2048, 1960, 2048, 2050, 1995, 2023, 2049, 1995, 2049, 2051, 1961, 1960, 2050, 1961, 2050, 2052, 1996, 1995, 2051, 1996, 2051, 2053,
            1997, 1961, 2052, 1997, 2052, 2054, 1998, 1996, 2053, 1998, 2053, 2055, 1992, 1997, 2054, 1992, 2054, 1993, 2000, 1999, 2056, 2000, 2056, 2028,
            2001, 1998, 2055, 2001, 2055, 2030, 2057, 2058, 2059, 2057, 2059, 2060, 2037, 2035, 2061, 2037, 2061, 2062, 2038, 2036, 2063, 2038, 2063, 2064,
            2039, 2024, 2027, 2039, 2027, 2065, 2040, 2037, 2062, 2040, 2062, 2066, 2041, 2039, 2065, 2041, 2065, 2058, 2042, 2040, 2066, 2042, 2066, 2067,
            2043, 2041, 2058, 2043, 2058, 2057, 2044, 2042, 2067, 2044, 2067, 2068, 2045, 2043, 2057, 2045, 2057, 2069, 2046, 2044, 2068, 2046, 2068, 2070,
            2047, 2045, 2069, 2047, 2069, 2071, 2048, 2046, 2070, 2048, 2070, 2072, 2049, 2047, 2071, 2049, 2071, 2073, 2050, 2048, 2072, 2050, 2072, 2074,
            2051, 2049, 2073, 2051, 2073, 2075, 2052, 2050, 2074, 2052, 2074, 2076, 2053, 2051, 2075, 2053, 2075, 2077, 2054, 2052, 2076, 2054, 2076, 2078,
            2055, 2053, 2077, 2055, 2077, 2079, 1993, 2054, 2078, 1993, 2078, 2080, 2028, 2056, 2081, 2028, 2081, 2082, 2030, 2055, 2079, 2030, 2079, 2083,
            1994, 1993, 2080, 1994, 2080, 2084, 2029, 2028, 2082, 2029, 2082, 2085, 2031, 2030, 2083, 2031, 2083, 2086, 2032, 1994, 2084, 2032, 2084, 2087,
            2033, 2029, 2085, 2033, 2085, 2088, 2034, 2031, 2086, 2034, 2086, 2089, 2025, 2032, 2087, 2025, 2087, 2026, 2035, 2033, 2088, 2035, 2088, 2061,
            2036, 2034, 2089, 2036, 2089, 2063, 2090, 2091, 2092, 2090, 2092, 2093, 2068, 2067, 2094, 2068, 2094, 2095, 2069, 2057, 2060, 2069, 2060, 2096,
            2070, 2068, 2095, 2070, 2095, 2097, 2071, 2069, 2096, 2071, 2096, 2091, 2072, 2070, 2097, 2072, 2097, 2098, 2073, 2071, 2091, 2073, 2091, 2090,
            2074, 2072, 2098, 2074, 2098, 2099, 2075, 2073, 2090, 2075, 2090, 2100, 2076, 2074, 2099, 2076, 2099, 2101, 2077, 2075, 2100, 2077, 2100, 2102,
            2078, 2076, 2101, 2078, 2101, 2103, 2079, 2077, 2102, 2079, 2102, 2104, 2080, 2078, 2103, 2080, 2103, 2105, 2082, 2081, 2106, 2082, 2106, 2107,
            2083, 2079, 2104, 2083, 2104, 2108, 2084, 2080, 2105, 2084, 2105, 2109, 2085, 2082, 2107, 2085, 2107, 2110, 2086, 2083, 2108, 2086, 2108, 2111,
            2087, 2084, 2109, 2087, 2109, 2112, 2088, 2085, 2110, 2088, 2110, 2113, 2089, 2086, 2111, 2089, 2111, 2114, 2026, 2087, 2112, 2026, 2112, 2115,
            2061, 2088, 2113, 2061, 2113, 2116, 2063, 2089, 2114, 2063, 2114, 2117, 2027, 2026, 2115, 2027, 2115, 2118, 2062, 2061, 2116, 2062, 2116, 2119,
            2064, 2063, 2117, 2064, 2117, 2120, 2065, 2027, 2118, 2065, 2118, 2121, 2066, 2062, 2119, 2066, 2119, 2122, 2058, 2065, 2121, 2058, 2121, 2059,
            2067, 2066, 2122, 2067, 2122, 2094, 2123, 2124, 1672, 2123, 1672, 1676, 2099, 2098, 2125, 2099, 2125, 2126, 2100, 2090, 2093, 2100, 2093, 2127,
            2101, 2099, 2126, 2101, 2126, 2128, 2102, 2100, 2127, 2102, 2127, 2124, 2103, 2101, 2128, 2103, 2128, 2129, 2104, 2102, 2124, 2104, 2124, 2123,
            2105, 2103, 2129, 2105, 2129, 2130, 2107, 2106, 2131, 2107, 2131, 2132, 2108, 2104, 2123, 2108, 2123, 2133, 2109, 2105, 2130, 2109, 2130, 2134,
            2110, 2107, 2132, 2110, 2132, 2135, 2111, 2108, 2133, 2111, 2133, 2136, 2112, 2109, 2134, 2112, 2134, 2137, 2113, 2110, 2135, 2113, 2135, 2138,
            2114, 2111, 2136, 2114, 2136, 2139, 2115, 2112, 2137, 2115, 2137, 2140, 2116, 2113, 2138, 2116, 2138, 2141, 2117, 2114, 2139, 2117, 2139, 2142,
            2118, 2115, 2140, 2118, 2140, 2143, 2119, 2116, 2141, 2119, 2141, 2144, 2120, 2117, 2142, 2120, 2142, 2145, 2121, 2118, 2143, 2121, 2143, 2146,
            2122, 2119, 2144, 2122, 2144, 2147, 2059, 2121, 2146, 2059, 2146, 2148, 2094, 2122, 2147, 2094, 2147, 2149, 2060, 2059, 2148, 2060, 2148, 2150,
            2095, 2094, 2149, 2095, 2149, 2151, 2096, 2060, 2150, 2096, 2150, 2152, 2097, 2095, 2151, 2097, 2151, 2153, 2091, 2096, 2152, 2091, 2152, 2092,
            2098, 2097, 2153, 2098, 2153, 2125, 2130, 2129, 1674, 2130, 1674, 1678, 2132, 2131, 1681, 2132, 1681, 1680, 2133, 2123, 1676, 2133, 1676, 1683,
            2134, 2130, 1678, 2134, 1678, 1685, 2135, 2132, 1680, 2135, 1680, 1687, 2136, 2133, 1683, 2136, 1683, 1628, 2137, 2134, 1685, 2137, 1685, 1631,
            2138, 2135, 1687, 2138, 1687, 1634, 2139, 2136, 1628, 2139, 1628, 1627, 2140, 2137, 1631, 2140, 1631, 1630, 2141, 2138, 1634, 2141, 1634, 1633,
            2142, 2139, 1627, 2142, 1627, 1636, 2143, 2140, 1630, 2143, 1630, 1638, 2144, 2141, 1633, 2144, 1633, 1640, 2145, 2142, 1636, 2145, 1636, 1642,
            2146, 2143, 1638, 2146, 1638, 1644, 2147, 2144, 1640, 2147, 1640, 1646, 2148, 2146, 1644, 2148, 1644, 1648, 2149, 2147, 1646, 2149, 1646, 1650,
            2150, 2148, 1648, 2150, 1648, 1652, 2151, 2149, 1650, 2151, 1650, 1654, 2152, 2150, 1652, 2152, 1652, 1656, 2153, 2151, 1654, 2153, 1654, 1658,
            2092, 2152, 1656, 2092, 1656, 1660, 2125, 2153, 1658, 2125, 1658, 1662, 2093, 2092, 1660, 2093, 1660, 1664, 2126, 2125, 1662, 2126, 1662, 1666,
            2127, 2093, 1664, 2127, 1664, 1668, 2128, 2126, 1666, 2128, 1666, 1670, 2124, 2127, 1668, 2124, 1668, 1672, 2129, 2128, 1670, 2129, 1670, 1674,
            2154, 2155, 2156, 2154, 2156, 2157, 2158, 2159, 2160, 2158, 2160, 2161, 2162, 2163, 2164, 2162, 2164, 2159, 2165, 2166, 2167, 2165, 2167, 2168,
            2169, 2170, 2171, 2169, 2171, 2172, 2173, 2174, 2175, 2173, 2175, 2176, 2177, 2178, 2179, 2177, 2179, 2180, 2181, 2182, 2183, 2181, 2183, 2184,
            2185, 2154, 2157, 2185, 2157, 2186, 2187, 2162, 2159, 2187, 2159, 2158, 2188, 2165, 2168, 2188, 2168, 2189, 2190, 2169, 2172, 2190, 2172, 2191,
            2192, 2173, 2176, 2192, 2176, 2193, 2194, 2177, 2180, 2194, 2180, 2195, 2196, 2181, 2184, 2196, 2184, 2197, 2198, 2185, 2186, 2198, 2186, 2199,
            2200, 2187, 2158, 2200, 2158, 2201, 2202, 2188, 2189, 2202, 2189, 2203, 2204, 2190, 2191, 2204, 2191, 2205, 2206, 2192, 2193, 2206, 2193, 2207,
            2208, 2194, 2195, 2208, 2195, 2209, 2210, 2196, 2197, 2210, 2197, 2211, 2212, 2198, 2199, 2212, 2199, 2213, 2214, 2200, 2201, 2214, 2201, 2215,
            2216, 2202, 2203, 2216, 2203, 2217, 2155, 2204, 2205, 2155, 2205, 2156, 2163, 2218, 2219, 2163, 2219, 2164, 2220, 2206, 2207, 2220, 2207, 2221,
            2166, 2208, 2209, 2166, 2209, 2167, 2170, 2210, 2211, 2170, 2211, 2171, 2174, 2212, 2213, 2174, 2213, 2175, 2178, 2214, 2215, 2178, 2215, 2179,
            2182, 2216, 2217, 2182, 2217, 2183, 2222, 2223, 2224, 2222, 2224, 2225, 2193, 2176, 2226, 2193, 2226, 2227, 2197, 2184, 2228, 2197, 2228, 2229,
            2201, 2158, 2161, 2201, 2161, 2230, 2207, 2193, 2227, 2207, 2227, 2231, 2211, 2197, 2229, 2211, 2229, 2232, 2215, 2201, 2230, 2215, 2230, 2223,
            2221, 2207, 2231, 2221, 2231, 2233, 2171, 2211, 2232, 2171, 2232, 2234, 2179, 2215, 2223, 2179, 2223, 2222, 2172, 2171, 2234, 2172, 2234, 2235,
            2180, 2179, 2222, 2180, 2222, 2236, 2191, 2172, 2235, 2191, 2235, 2237, 2195, 2180, 2236, 2195, 2236, 2238, 2205, 2191, 2237, 2205, 2237, 2239,
            2209, 2195, 2238, 2209, 2238, 2240, 2156, 2205, 2239, 2156, 2239, 2241, 2167, 2209, 2240, 2167, 2240, 2242, 2157, 2156, 2241, 2157, 2241, 2243,
            2168, 2167, 2242, 2168, 2242, 2244, 2186, 2157, 2243, 2186, 2243, 2245, 2189, 2168, 2244, 2189, 2244, 2246, 2199, 2186, 2245, 2199, 2245, 2247,
            2203, 2189, 2246, 2203, 2246, 2248, 2213, 2199, 2247, 2213, 2247, 2249, 2217, 2203, 2248, 2217, 2248, 2250, 2164, 2219, 2251, 2164, 2251, 2252,
            2175, 2213, 2249, 2175, 2249, 2253, 2183, 2217, 2250, 2183, 2250, 2254, 2159, 2164, 2252, 2159, 2252, 2160, 2176, 2175, 2253, 2176, 2253, 2226,
            2184, 2183, 2254, 2184, 2254, 2228, 2255, 2256, 2257, 2255, 2257, 2258, 2235, 2234, 2259, 2235, 2259, 2260, 2236, 2222, 2225, 2236, 2225, 2261,
            2237, 2235, 2260, 2237, 2260, 2262, 2238, 2236, 2261, 2238, 2261, 2256, 2239, 2237, 2262, 2239, 2262, 2263, 2240, 2238, 2256, 2240, 2256, 2255,
            2241, 2239, 2263, 2241, 2263, 2264, 2242, 2240, 2255, 2242, 2255, 2265, 2243, 2241, 2264, 2243, 2264, 2266, 2244, 2242, 2265, 2244, 2265, 2267,
            2245, 2243, 2266, 2245, 2266, 2268, 2246, 2244, 2267, 2246, 2267, 2269, 2247, 2245, 2268, 2247, 2268, 2270, 2248, 2246, 2269, 2248, 2269, 2271,
            2249, 2247, 2270, 2249, 2270, 2272, 2250, 2248, 2271, 2250, 2271, 2273, 2252, 2251, 2274, 2252, 2274, 2275, 2253, 2249, 2272, 2253, 2272, 2276,
            2254, 2250, 2273, 2254, 2273, 2277, 2160, 2252, 2275, 2160, 2275, 2278, 2226, 2253, 2276, 2226, 2276, 2279, 2228, 2254, 2277, 2228, 2277, 2280,
            2161, 2160, 2278, 2161, 2278, 2281, 2227, 2226, 2279, 2227, 2279, 2282, 2229, 2228, 2280, 2229, 2280, 2283, 2230, 2161, 2281, 2230, 2281, 2284,
            2231, 2227, 2282, 2231, 2282, 2285, 2232, 2229, 2283, 2232, 2283, 2286, 2223, 2230, 2284, 2223, 2284, 2224, 2233, 2231, 2285, 2233, 2285, 2287,
            2234, 2232, 2286, 2234, 2286, 2259, 2288, 2289, 2290, 2288, 2290, 2291, 2264, 2263, 2292, 2264, 2292, 2293, 2265, 2255, 2258, 2265, 2258, 2294,
            2266, 2264, 2293, 2266, 2293, 2295, 2267, 2265, 2294, 2267, 2294, 2289, 2268, 2266, 2295, 2268, 2295, 2296, 2269, 2267, 2289, 2269, 2289, 2288,
            2270, 2268, 2296, 2270, 2296, 2297, 2271, 2269, 2288, 2271, 2288, 2298, 2272, 2270, 2297, 2272, 2297, 2299, 2273, 2271, 2298, 2273, 2298, 2300,
            2275, 2274, 2301, 2275, 2301, 2302, 2276, 2272, 2299, 2276, 2299, 2303, 2277, 2273, 2300, 2277, 2300, 2304, 2278, 2275, 2302, 2278, 2302, 2305,
            2279, 2276, 2303, 2279, 2303, 2306, 2280, 2277, 2304, 2280, 2304, 2307, 2281, 2278, 2305, 2281, 2305, 2308, 2282, 2279, 2306, 2282, 2306, 2309,
            2283, 2280, 2307, 2283, 2307, 2310, 2284, 2281, 2308, 2284, 2308, 2311, 2285, 2282, 2309, 2285, 2309, 2312, 2286, 2283, 2310, 2286, 2310, 2313,
            2224, 2284, 2311, 2224, 2311, 2314, 2287, 2285, 2312, 2287, 2312, 2315, 2259, 2286, 2313, 2259, 2313, 2316, 2225, 2224, 2314, 2225, 2314, 2317,
            2260, 2259, 2316, 2260, 2316, 2318, 2261, 2225, 2317, 2261, 2317, 2319, 2262, 2260, 2318, 2262, 2318, 2320, 2256, 2261, 2319, 2256, 2319, 2257,
            2263, 2262, 2320, 2263, 2320, 2292, 2297, 2296, 2321, 2297, 2321, 2322, 2298, 2288, 2291, 2298, 2291, 2323, 2299, 2297, 2322, 2299, 2322, 2324,
            2300, 2298, 2323, 2300, 2323, 2325, 2302, 2301, 2326, 2302, 2326, 2327, 2303, 2299, 2324, 2303, 2324, 2328, 2304, 2300, 2325, 2304, 2325, 2329,
            2305, 2302, 2327, 2305, 2327, 2330, 2306, 2303, 2328, 2306, 2328, 2331, 2307, 2304, 2329, 2307, 2329, 2332, 2308, 2305, 2330, 2308, 2330, 2333,
            2309, 2306, 2331, 2309, 2331, 2334, 2310, 2307, 2332, 2310, 2332, 2335, 2311, 2308, 2333, 2311, 2333, 2336, 2312, 2309, 2334, 2312, 2334, 2337,
            2313, 2310, 2335, 2313, 2335, 2338, 2314, 2311, 2336, 2314, 2336, 2339, 2315, 2312, 2337, 2315, 2337, 2340, 2316, 2313, 2338, 2316, 2338, 2341,
            2317, 2314, 2339, 2317, 2339, 2342, 2318, 2316, 2341, 2318, 2341, 2343, 2319, 2317, 2342, 2319, 2342, 2344, 2320, 2318, 2343, 2320, 2343, 2345,
            2257, 2319, 2344, 2257, 2344, 2346, 2292, 2320, 2345, 2292, 2345, 2347, 2258, 2257, 2346, 2258, 2346, 2348, 2293, 2292, 2347, 2293, 2347, 2349,
            2294, 2258, 2348, 2294, 2348, 2350, 2295, 2293, 2349, 2295, 2349, 2351, 2289, 2294, 2350, 2289, 2350, 2290, 2296, 2295, 2351, 2296, 2351, 2321,
            2352, 2353, 2354, 2352, 2354, 2355, 2355, 2354, 2356, 2355, 2356, 2357, 2357, 2356, 2358, 2357, 2358, 2359, 2359, 2358, 2360, 2359, 2360, 2361,
            2361, 2360, 2362, 2361, 2362, 2363, 2363, 2362, 2364, 2363, 2364, 2365, 2365, 2364, 2366, 2365, 2366, 2367, 2367, 2366, 2368, 2367, 2368, 2369,
            2369, 2368, 2370, 2369, 2370, 2371, 2371, 2370, 2372, 2371, 2372, 2373, 2373, 2372, 2374, 2373, 2374, 2375, 2375, 2374, 2376, 2375, 2376, 2377,
            2377, 2376, 2378, 2377, 2378, 2379, 2379, 2378, 2380, 2379, 2380, 2381, 2381, 2380, 2382, 2381, 2382, 2383, 2383, 2382, 2384, 2383, 2384, 2385,
            2385, 2384, 2386, 2385, 2386, 2387, 2387, 2386, 2388, 2387, 2388, 2389, 2389, 2388, 2390, 2389, 2390, 2391, 2391, 2390, 2392, 2391, 2392, 2393,
            2393, 2392, 2394, 2393, 2394, 2395, 2395, 2394, 2396, 2395, 2396, 2397, 2397, 2396, 2398, 2397, 2398, 2399, 2399, 2398, 2400, 2399, 2400, 2401,
            2401, 2400, 2402, 2401, 2402, 2403, 2403, 2402, 2404, 2403, 2404, 2405, 2405, 2404, 2406, 2405, 2406, 2407, 2407, 2406, 2408, 2407, 2408, 2409,
            2409, 2408, 2410, 2409, 2410, 2411, 2411, 2410, 2412, 2411, 2412, 2413, 2413, 2412, 2414, 2413, 2414, 2415, 2415, 2414, 2416, 2415, 2416, 2417,
            2443, 2441, 2442, 2441, 2443, 2444, 2441, 2444, 2440, 2440, 2444, 2445, 2440, 2445, 2439, 2439, 2445, 2446, 2439, 2446, 2438, 2438, 2446, 2447,
            2438, 2447, 2437, 2437, 2447, 2448, 2437, 2448, 2436, 2436, 2448, 2449, 2436, 2449, 2435, 2435, 2449, 2418, 2435, 2418, 2434, 2434, 2418, 2419,
            2434, 2419, 2433, 2433, 2419, 2420, 2433, 2420, 2432, 2432, 2420, 2421, 2432, 2421, 2431, 2431, 2421, 2422, 2431, 2422, 2430, 2430, 2422, 2423,
            2430, 2423, 2429, 2429, 2423, 2424, 2429, 2424, 2428, 2428, 2424, 2425, 2428, 2425, 2427, 2427, 2425, 2426
        ]
        color3f[] primvars:displayColor = [
            (0.97254902, 0.97254902, 0.97254902),
            (0.97254902, 0.97254902, 0.97254902),
            (0.97254902, 0.97254902, 0.97254902),
            (0.97254902, 0.97254902, 0.97254902),
            (0.97254902, 0.97254902, 0.97254902),
            (0.97254902, 0.97254902, 0.97254902),
            (0.97254902, 0.97254902, 0.97254902),
            (0.97254902, 0.97254902, 0.97254902),
            (0.97254902, 0.97254902, 0.97254902),
            (0.97254902, 0.97254902, 0.97254902),
            (0.97254902, 0.97254902, 0.97254902),
            (0.97254902, 0.97254902, 0.97254902),
            (0.97254902, 0.97254902, 0.97254902),
            (0.97254902, 0.97254902, 0.97254902),
            (0.97254902, 0.97254902, 0.97254902),
            (0.97254902, 0.97254902, 0.97254902),
            (0.97254902, 0.97254902, 0.97254902),
            (0.97254902, 0.97254902, 0.97254902),
            (0.97254902, 0.97254902, 0.97254902),
            (0.97254902, 0.97254902, 0.97254902),
            (0.97254902, 0.97254902, 0.97254902),
            (0.97254902, 0.97254902, 0.97254902),
            (0.97254902, 0.97254902, 0.97254902),
            (0.97254902, 0.97254902, 0.97254902),
            (0.97254902, 0.97254902, 0.97254902),
            (0.97254902, 0.97254902, 0.97254902),
            (0.97254902, 0.97254902, 0.97254902),
            (0.97254902, 0.97254902, 0.97254902),
            (0.97254902, 0.97254902, 0.97254902),
            (0.97254902, 0.97254902, 0.97254902),
            (0.97254902, 0.97254902, 0.97254902),
            (0.97254902, 0.97254902, 0.97254902),
            (0.97254902, 0.97254902, 0.97254902),
            (0.97254902, 0.97254902, 0.97254902),
            (0.97254902, 0.97254902, 0.97254902),
            (0.97254902, 0.97254902, 0.97254902),
            (0.97254902, 0.97254902, 0.97254902),
            (0.97254902, 0.97254902, 0.97254902),
            (0.97254902, 0.97254902, 0.97254902),
            (0.97254902, 0.97254902, 0.97254902),
            (0.97254902, 0.97254902, 0.97254902),
            (0.97254902, 0.97254902, 0.97254902),
            (0.97254902, 0.97254902, 0.97254902),
            (0.97254902, 0.97254902, 0.97254902),
            (0.97254902, 0.97254902, 0.97254902),
            (0.97254902, 0.97254902, 0.97254902),
            (0.97254902, 0.97254902, 0.97254902),
            (0.97254902, 0.97254902, 0.97254902),
            (0.97254902, 0.97254902, 0.97254902),
            (0.97254902, 0.97254902, 0.97254902),
            (0.97254902, 0.97254902, 0.97254902),
            (0.97254902, 0.97254902, 0.97254902),
            (0.97254902, 0.97254902, 0.97254902),
            (0.97254902, 0.97254902, 0.97254902),
            (0.97254902, 0.97254902, 0.97254902),
            (0.97254902, 0.97254902, 0.97254902),
            (0.97254902, 0.97254902, 0.97254902),
            (0.97254902, 0.97254902, 0.97254902),
            (0.97254902, 0.97254902, 0.97254902),
            (0.97254902, 0.97254902, 0.97254902),
            (0.97254902, 0.97254902, 0.97254902),
            (0.97254902, 0.97254902, 0.97254902),
            (0.97254902, 0.97254902, 0.97254902),
            (0.97254902, 0.97254902, 0.97254902),
            (0.97254902, 0.97254902, 0.97254902),
            (0.97254902, 0.97254902, 0.97254902),
            (0.97254902, 0.97254902, 0.97254902),
            (0.97254902, 0.97254902, 0.97254902),
            (0.97254902, 0.97254902, 0.97254902),
            (0.97254902, 0.97254902, 0.97254902),
            (0.97254902, 0.97254902, 0.97254902),
            (0.97254902, 0.97254902, 0.97254902),
            (0.97254902, 0.97254902, 0.97254902),
            (0.97254902, 0.97254902, 0.97254902),
            (0.97254902, 0.97254902, 0.97254902),
            (0.97254902, 0.97254902, 0.97254902),
            (0.97254902, 0.97254902, 0.97254902),
            (0.97254902, 0.97254902, 0.97254902),
            (0.97254902, 0.97254902, 0.97254902),
            (0.97254902, 0.97254902, 0.97254902),
            (0.97254902, 0.97254902, 0.97254902),
            (0.97254902, 0.97254902, 0.97254902),
            (0.97254902, 0.97254902, 0.97254902),
            (0.97254902, 0.97254902, 0.97254902),
            (0.97254902, 0.97254902, 0.97254902),
            (0.97254902, 0.97254902, 0.97254902),
            (0.97254902, 0.97254902, 0.97254902),
            (0.97254902, 0.97254902, 0.97254902),
            (0.97254902, 0.97254902, 0.97254902),
            (0.97254902, 0.97254902, 0.97254902),
            (0.97254902, 0.97254902, 0.97254902),
            (0.97254902, 0.97254902, 0.97254902),
            (0.97254902, 0.97254902, 0.97254902),
            (0.97254902, 0.97254902, 0.97254902),
            (0.97254902, 0.97254902, 0.97254902),
            (0.97254902, 0.97254902, 0.97254902),
            (0.97254902, 0.97254902, 0.97254902),
            (0.97254902, 0.97254902, 0.97254902),
            (0.97254902, 0.97254902, 0.97254902),
            (0.97254902, 0.97254902, 0.97254902),
            (0.97254902, 0.97254902, 0.97254902),
            (0.97254902, 0.97254902, 0.97254902),
            (0.97254902, 0.97254902, 0.97254902),
            (0.97254902, 0.97254902, 0.97254902),
            (0.97254902, 0.97254902, 0.97254902),
            (0.97254902, 0.97254902, 0.97254902),
            (0.97254902, 0.97254902, 0.97254902),
            (0.97254902, 0.97254902, 0.97254902),
            (0.97254902, 0.97254902, 0.97254902),
            (0.97254902, 0.97254902, 0.97254902),
            (0.619607843, 0.619607843, 0.619607843),
            (0.619607843, 0.619607843, 0.619607843),
            (0.619607843, 0.619607843, 0.619607843),
            (0.619607843, 0.619607843, 0.619607843),
            (0.619607843, 0.619607843, 0.619607843),
            (0.619607843, 0.619607843, 0.619607843),
            (0.619607843, 0.619607843, 0.619607843),
            (0.619607843, 0.619607843, 0.619607843),
            (0.619607843, 0.619607843, 0.619607843),
            (0.619607843, 0.619607843, 0.619607843),
            (0.619607843, 0.619607843, 0.619607843),
            (0.619607843, 0.619607843, 0.619607843),
            (0.619607843, 0.619607843, 0.619607843),
            (0.619607843, 0.619607843, 0.619607843),
            (0.619607843, 0.619607843, 0.619607843),
            (0.619607843, 0.619607843, 0.619607843),
            (0.619607843, 0.619607843, 0.619607843),
            (0.619607843, 0.619607843, 0.619607843),
            (0.619607843, 0.619607843, 0.619607843),
            (0.619607843, 0.619607843, 0.619607843),
            (0.619607843, 0.619607843, 0.619607843),
            (0.619607843, 0.619607843, 0.619607843),
            (0.619607843, 0.619607843, 0.619607843),
            (0.619607843, 0.619607843, 0.619607843),
            (0.619607843, 0.619607843, 0.619607843),
            (0.619607843, 0.619607843, 0.619607843),
            (0.619607843, 0.619607843, 0.619607843),
            (0.619607843, 0.619607843, 0.619607843),
            (0.619607843, 0.619607843, 0.619607843),
            (0.619607843, 0.619607843, 0.619607843),
            (0.619607843, 0.619607843, 0.619607843),
            (0.619607843, 0.619607843, 0.619607843),
            (0.619607843, 0.619607843, 0.619607843),
            (0.619607843, 0.619607843, 0.619607843),
            (0.619607843, 0.619607843, 0.619607843),
            (0.619607843, 0.619607843, 0.619607843),
            (0.619607843, 0.619607843, 0.619607843),
            (0.619607843, 0.619607843, 0.619607843),
            (0.619607843, 0.619607843, 0.619607843),
            (0.619607843, 0.619607843, 0.619607843),
            (0.619607843, 0.619607843, 0.619607843),
            (0.619607843, 0.619607843, 0.619607843),
            (0.619607843, 0.619607843, 0.619607843),
            (0.619607843, 0.619607843, 0.619607843),
            (0.619607843, 0.619607843, 0.619607843),
            (0.619607843, 0.619607843, 0.619607843),
            (0.619607843, 0.619607843, 0.619607843),
            (0.619607843, 0.619607843, 0.619607843),
            (0.619607843, 0.619607843, 0.619607843),
            (0.619607843, 0.619607843, 0.619607843),
            (0.619607843, 0.619607843, 0.619607843),
            (0.619607843, 0.619607843, 0.619607843),
            (0.619607843, 0.619607843, 0.619607843),
            (0.619607843, 0.619607843, 0.619607843),
            (0.619607843, 0.619607843, 0.619607843),
            (0.619607843, 0.619607843, 0.619607843),
            (0.619607843, 0.619607843, 0.619607843),
            (0.619607843, 0.619607843, 0.619607843),
            (0.619607843, 0.619607843, 0.619607843),
            (0.619607843, 0.619607843, 0.619607843),
            (0.619607843, 0.619607843, 0.619607843),
            (0.619607843, 0.619607843, 0.619607843),
            (0.619607843, 0.619607843, 0.619607843),
            (0.619607843, 0.619607843, 0.619607843),
            (0.619607843, 0.619607843, 0.619607843),
            (0.619607843, 0.619607843, 0.619607843),
            (0.619607843, 0.619607843, 0.619607843),
            (0.619607843, 0.619607843, 0.619607843),
            (0.619607843, 0.619607843, 0.619607843),
            (0.619607843, 0.619607843, 0.619607843),
            (0.619607843, 0.619607843, 0.619607843),
            (0.619607843, 0.619607843, 0.619607843),
            (0.619607843, 0.619607843, 0.619607843),
            (0.619607843, 0.619607843, 0.619607843),
            (0.619607843, 0.619607843, 0.619607843),
            (0.619607843, 0.619607843, 0.619607843),
            (0.619607843, 0.619607843, 0.619607843),
            (0.619607843, 0.619607843, 0.619607843),
            (0.619607843, 0.619607843, 0.619607843),
            (0.619607843, 0.619607843, 0.619607843),
            (0.619607843, 0.619607843, 0.619607843),
            (0.619607843, 0.619607843, 0.619607843),
            (0.619607843, 0.619607843, 0.619607843),
            (0.619607843, 0.619607843, 0.619607843),
            (0.619607843, 0.619607843, 0.619607843),
            (0.619607843, 0.619607843, 0.619607843),
            (0.619607843, 0.619607843, 0.619607843),
            (0.619607843, 0.619607843, 0.619607843),
            (0.619607843, 0.619607843, 0.619607843),
            (0.619607843, 0.619607843, 0.619607843),
            (0.619607843, 0.619607843, 0.619607843),
            (0.619607843, 0.619607843, 0.619607843),
            (0.619607843, 0.619607843, 0.619607843),
            (0.619607843, 0.619607843, 0.619607843),
            (0.619607843, 0.619607843, 0.619607843),
            (0.619607843, 0.619607843, 0.619607843),
            (0.619607843, 0.619607843, 0.619607843),
            (0.619607843, 0.619607843, 0.619607843),
            (0.619607843, 0.619607843, 0.619607843),
            (0.619607843, 0.619607843, 0.619607843),
            (0.619607843, 0.619607843, 0.619607843),
            (0.619607843, 0.619607843, 0.619607843),
            (0.619607843, 0.619607843, 0.619607843),
            (0.619607843, 0.619607843, 0.619607843),
            (0.619607843, 0.619607843, 0.619607843),
            (0.619607843, 0.619607843, 0.619607843),
            (0.619607843, 0.619607843, 0.619607843),
            (0.619607843, 0.619607843, 0.619607843),
            (0.619607843, 0.619607843, 0.619607843),
            (0.619607843, 0.619607843, 0.619607843),
            (0.619607843, 0.619607843, 0.619607843),
            (0.619607843, 0.619607843, 0.619607843),
            (0.619607843, 0.619607843, 0.619607843),
            (0.619607843, 0.619607843, 0.619607843),
            (0.619607843, 0.619607843, 0.619607843),
            (0.619607843, 0.619607843, 0.619607843),
            (0.619607843, 0.619607843, 0.619607843),
            (0.619607843, 0.619607843, 0.619607843),
            (0.619607843, 0.619607843, 0.619607843),
            (0.619607843, 0.619607843, 0.619607843),
            (0.619607843, 0.619607843, 0.619607843),
            (0.619607843, 0.619607843, 0.619607843),
            (0.619607843, 0.619607843, 0.619607843),
            (0.619607843, 0.619607843, 0.619607843),
            (0.619607843, 0.619607843, 0.619607843),
            (0.619607843, 0.619607843, 0.619607843),
            (0.619607843, 0.619607843, 0.619607843),
            (0.619607843, 0.619607843, 0.619607843),
            (0.619607843, 0.619607843, 0.619607843),
            (0.619607843, 0.619607843, 0.619607843),
            (0.619607843, 0.619607843, 0.619607843),
            (0.619607843, 0.619607843, 0.619607843),
            (0.619607843, 0.619607843, 0.619607843),
            (0.619607843, 0.619607843, 0.619607843),
            (0.619607843, 0.619607843, 0.619607843),
            (0.619607843, 0.619607843, 0.619607843),
            (0.619607843, 0.619607843, 0.619607843),
            (0.619607843, 0.619607843, 0.619607843),
            (0.619607843, 0.619607843, 0.619607843),
            (0.619607843, 0.619607843, 0.619607843),
            (0.619607843, 0.619607843, 0.619607843),
            (0.619607843, 0.619607843, 0.619607843),
            (0.619607843, 0.619607843, 0.619607843),
            (0.619607843, 0.619607843, 0.619607843),
            (0.619607843, 0.619607843, 0.619607843),
            (0.619607843, 0.619607843, 0.619607843),
            (0.619607843, 0.619607843, 0.619607843),
            (0.619607843, 0.619607843, 0.619607843),
            (0.619607843, 0.619607843, 0.619607843),
            (0.619607843, 0.619607843, 0.619607843),
            (0.619607843, 0.619607843, 0.619607843),
            (0.619607843, 0.619607843, 0.619607843),
            (0.619607843, 0.619607843, 0.619607843),
            (0.619607843, 0.619607843, 0.619607843),
            (0.619607843, 0.619607843, 0.619607843),
            (0.619607843, 0.619607843, 0.619607843),
            (0.619607843, 0.619607843, 0.619607843),
            (0.619607843, 0.619607843, 0.619607843),
            (0.619607843, 0.619607843, 0.619607843),
            (0.619607843, 0.619607843, 0.619607843),
            (0.619607843, 0.619607843, 0.619607843),
            (0.619607843, 0.619607843, 0.619607843),
            (0.619607843, 0.619607843, 0.619607843),
            (0.619607843, 0.619607843, 0.619607843),
            (0.619607843, 0.619607843, 0.619607843),
            (0.619607843, 0.619607843, 0.619607843),
            (0.619607843, 0.619607843, 0.619607843),
            (0.619607843, 0.619607843, 0.619607843),
            (0.619607843, 0.619607843, 0.619607843),
            (0.619607843, 0.619607843, 0.619607843),
            (0.619607843, 0.619607843, 0.619607843),
            (0.619607843, 0.619607843, 0.619607843),
            (0.619607843, 0.619607843, 0.619607843),
            (0.619607843, 0.619607843, 0.619607843),
            (0.619607843, 0.619607843, 0.619607843),
            (0.619607843, 0.619607843, 0.619607843),
            (0.619607843, 0.619607843, 0.619607843),
            (0.619607843, 0.619607843, 0.619607843),
            (0.619607843, 0.619607843, 0.619607843),
            (0.619607843, 0.619607843, 0.619607843),
            (0.619607843, 0.619607843, 0.619607843),
            (0.619607843, 0.619607843, 0.619607843),
            (0.619607843, 0.619607843, 0.619607843),
            (0.619607843, 0.619607843, 0.619607843),
            (0.619607843, 0.619607843, 0.619607843),
            (0.619607843, 0.619607843, 0.619607843),
            (0.619607843, 0.619607843, 0.619607843),
            (0.619607843, 0.619607843, 0.619607843),
            (0.619607843, 0.619607843, 0.619607843),
            (0.619607843, 0.619607843, 0.619607843),
            (0.619607843, 0.619607843, 0.619607843),
            (0.619607843, 0.619607843, 0.619607843),
            (0.619607843, 0.619607843, 0.619607843),
            (0.619607843, 0.619607843, 0.619607843),
            (0.619607843, 0.619607843, 0.619607843),
            (0.619607843, 0.619607843, 0.619607843),
            (0.619607843, 0.619607843, 0.619607843),
            (0.619607843, 0.619607843, 0.619607843),
            (0.619607843, 0.619607843, 0.619607843),
            (0.619607843, 0.619607843, 0.619607843),
            (0.619607843, 0.619607843, 0.619607843),
            (0.619607843, 0.619607843, 0.619607843),
            (0.619607843, 0.619607843, 0.619607843),
            (0.619607843, 0.619607843, 0.619607843),
            (0.619607843, 0.619607843, 0.619607843),
            (0.619607843, 0.619607843, 0.619607843),
            (0.619607843, 0.619607843, 0.619607843),
            (0.619607843, 0.619607843, 0.619607843),
            (0.619607843, 0.619607843, 0.619607843),
            (0.619607843, 0.619607843, 0.619607843),
            (0.619607843, 0.619607843, 0.619607843),
            (0.619607843, 0.619607843, 0.619607843),
            (0.619607843, 0.619607843, 0.619607843),
            (0.619607843, 0.619607843, 0.619607843),
            (0.619607843, 0.619607843, 0.619607843),
            (0.619607843, 0.619607843, 0.619607843),
            (0.619607843, 0.619607843, 0.619607843),
            (0.619607843, 0.619607843, 0.619607843),
            (0.619607843, 0.619607843, 0.619607843),
            (0.619607843, 0.619607843, 0.619607843),
            (0.619607843, 0.619607843, 0.619607843),
            (0.619607843, 0.619607843, 0.619607843),
            (0.619607843, 0.619607843, 0.619607843),
            (0.619607843, 0.619607843, 0.619607843),
            (0.619607843, 0.619607843, 0.619607843),
            (0.619607843, 0.619607843, 0.619607843),
            (0.619607843, 0.619607843, 0.619607843),
            (0.619607843, 0.619607843, 0.619607843),
            (0.619607843, 0.619607843, 0.619607843),
            (0.619607843, 0.619607843, 0.619607843),
            (0.619607843, 0.619607843, 0.619607843),
            (0.619607843, 0.619607843, 0.619607843),
            (0.619607843, 0.619607843, 0.619607843),
            (0.619607843, 0.619607843, 0.619607843),
            (0.619607843, 0.619607843, 0.619607843),
            (0.619607843, 0.619607843, 0.619607843),
            (0.619607843, 0.619607843, 0.619607843),
            (0.619607843, 0.619607843, 0.619607843),
            (0.619607843, 0.619607843, 0.619607843),
            (0.619607843, 0.619607843, 0.619607843),
            (0.619607843, 0.619607843, 0.619607843),
            (0.619607843, 0.619607843, 0.619607843),
            (0.619607843, 0.619607843, 0.619607843),
            (0.619607843, 0.619607843, 0.619607843),
            (0.619607843, 0.619607843, 0.619607843),
            (0.619607843, 0.619607843, 0.619607843),
            (0.619607843, 0.619607843, 0.619607843),
            (0.619607843, 0.619607843, 0.619607843),
            (0.619607843, 0.619607843, 0.619607843),
            (0.619607843, 0.619607843, 0.619607843),
            (0.619607843, 0.619607843, 0.619607843),
            (0.619607843, 0.619607843, 0.619607843),
            (0.619607843, 0.619607843, 0.619607843),
            (0.619607843, 0.619607843, 0.619607843),
            (0.619607843, 0.619607843, 0.619607843),
            (0.619607843, 0.619607843, 0.619607843),
            (0.619607843, 0.619607843, 0.619607843),
            (0.619607843, 0.619607843, 0.619607843),
            (0.619607843, 0.619607843, 0.619607843),
            (0.619607843, 0.619607843, 0.619607843),
            (0.619607843, 0.619607843, 0.619607843),
            (0.619607843, 0.619607843, 0.619607843),
            (0.619607843, 0.619607843, 0.619607843),
            (0.619607843, 0.619607843, 0.619607843),
            (0.619607843, 0.619607843, 0.619607843),
            (0.619607843, 0.619607843, 0.619607843),
            (0.619607843, 0.619607843, 0.619607843),
            (0.619607843, 0.619607843, 0.619607843),
            (0.619607843, 0.619607843, 0.619607843),
            (0.619607843, 0.619607843, 0.619607843),
            (0.619607843, 0.619607843, 0.619607843),
            (0.619607843, 0.619607843, 0.619607843),
            (0.619607843, 0.619607843, 0.619607843),
            (0.619607843, 0.619607843, 0.619607843),
            (0.619607843, 0.619607843, 0.619607843),
            (0.619607843, 0.619607843, 0.619607843),
            (0.619607843, 0.619607843, 0.619607843),
            (0.619607843, 0.619607843, 0.619607843),
            (0.619607843, 0.619607843, 0.619607843),
            (0.619607843, 0.619607843, 0.619607843),
            (0.619607843, 0.619607843, 0.619607843),
            (0.619607843, 0.619607843, 0.619607843),
            (0.619607843, 0.619607843, 0.619607843),
            (0.619607843, 0.619607843, 0.619607843),
            (0.619607843, 0.619607843, 0.619607843),
            (0.619607843, 0.619607843, 0.619607843),
            (0.619607843, 0.619607843, 0.619607843),
            (0.619607843, 0.619607843, 0.619607843),
            (0.619607843, 0.619607843, 0.619607843),
            (0.619607843, 0.619607843, 0.619607843),
            (0.619607843, 0.619607843, 0.619607843),
            (0.619607843, 0.619607843, 0.619607843),
            (0.619607843, 0.619607843, 0.619607843),
            (0.619607843, 0.619607843, 0.619607843),
            (0.619607843, 0.619607843, 0.619607843),
            (0.619607843, 0.619607843, 0.619607843),
            (0.619607843, 0.619607843, 0.619607843),
            (0.619607843, 0.619607843, 0.619607843),
            (0.619607843, 0.619607843, 0.619607843),
            (0.619607843, 0.619607843, 0.619607843),
            (0.619607843, 0.619607843, 0.619607843),
            (0.619607843, 0.619607843, 0.619607843),
            (0.619607843, 0.619607843, 0.619607843),
            (0.619607843, 0.619607843, 0.619607843),
            (0.619607843, 0.619607843, 0.619607843),
            (0.619607843, 0.619607843, 0.619607843),
            (0.619607843, 0.619607843, 0.619607843),
            (0.619607843, 0.619607843, 0.619607843),
            (0.619607843, 0.619607843, 0.619607843),
            (0.619607843, 0.619607843, 0.619607843),
            (0.619607843, 0.619607843, 0.619607843),
            (0.619607843, 0.619607843, 0.619607843),
            (0.619607843, 0.619607843, 0.619607843),
            (0.619607843, 0.619607843, 0.619607843),
            (0.619607843, 0.619607843, 0.619607843),
            (0.619607843, 0.619607843, 0.619607843),
            (0.619607843, 0.619607843, 0.619607843),
            (0.619607843, 0.619607843, 0.619607843),
            (0.619607843, 0.619607843, 0.619607843),
            (0.619607843, 0.619607843, 0.619607843),
            (0.619607843, 0.619607843, 0.619607843),
            (0.619607843, 0.619607843, 0.619607843),
            (0.619607843, 0.619607843, 0.619607843),
            (0.619607843, 0.619607843, 0.619607843),
            (0.619607843, 0.619607843, 0.619607843),
            (0.619607843, 0.619607843, 0.619607843),
            (0.619607843, 0.619607843, 0.619607843),
            (0.619607843, 0.619607843, 0.619607843),
            (0.619607843, 0.619607843, 0.619607843),
            (0.619607843, 0.619607843, 0.619607843),
            (0.619607843, 0.619607843, 0.619607843),
            (0.619607843, 0.619607843, 0.619607843),
            (0.619607843, 0.619607843, 0.619607843),
            (0.619607843, 0.619607843, 0.619607843),
            (0.619607843, 0.619607843, 0.619607843),
            (0.619607843, 0.619607843, 0.619607843),
            (0.619607843, 0.619607843, 0.619607843),
            (0.619607843, 0.619607843, 0.619607843),
            (0.619607843, 0.619607843, 0.619607843),
            (0.619607843, 0.619607843, 0.619607843),
            (0.619607843, 0.619607843, 0.619607843),
            (0.619607843, 0.619607843, 0.619607843),
            (0.619607843, 0.619607843, 0.619607843),
            (0.619607843, 0.619607843, 0.619607843),
            (0.619607843, 0.619607843, 0.619607843),
            (0.619607843, 0.619607843, 0.619607843),
            (0.619607843, 0.619607843, 0.619607843),
            (0.619607843, 0.619607843, 0.619607843),
            (0.619607843, 0.619607843, 0.619607843),
            (0.619607843, 0.619607843, 0.619607843),
            (0.619607843, 0.619607843, 0.619607843),
            (0.619607843, 0.619607843, 0.619607843),
            (0.619607843, 0.619607843, 0.619607843),
            (0.619607843, 0.619607843, 0.619607843),
            (0.619607843, 0.619607843, 0.619607843),
            (0.619607843, 0.619607843, 0.619607843),
            (0.619607843, 0.619607843, 0.619607843),
            (0.619607843, 0.619607843, 0.619607843),
            (0.619607843, 0.619607843, 0.619607843),
            (0.619607843, 0.619607843, 0.619607843),
            (0.619607843, 0.619607843, 0.619607843),
            (0.619607843, 0.619607843, 0.619607843),
            (0.619607843, 0.619607843, 0.619607843),
            (0.619607843, 0.619607843, 0.619607843),
            (0.619607843, 0.619607843, 0.619607843),
            (0.619607843, 0.619607843, 0.619607843),
            (0.619607843, 0.619607843, 0.619607843),
            (0.619607843, 0.619607843, 0.619607843),
            (0.619607843, 0.619607843, 0.619607843),
            (0.619607843, 0.619607843, 0.619607843),
            (0.619607843, 0.619607843, 0.619607843),
            (0.619607843, 0.619607843, 0.619607843),
            (0.619607843, 0.619607843, 0.619607843),
            (0.619607843, 0.619607843, 0.619607843),
            (0.619607843, 0.619607843, 0.619607843),
            (0.619607843, 0.619607843, 0.619607843),
            (0.619607843, 0.619607843, 0.619607843),
            (0.619607843, 0.619607843, 0.619607843),
            (0.619607843, 0.619607843, 0.619607843),
            (0.619607843, 0.619607843, 0.619607843),
            (0.619607843, 0.619607843, 0.619607843),
            (0.619607843, 0.619607843, 0.619607843),
            (0.619607843, 0.619607843, 0.619607843),
            (0.619607843, 0.619607843, 0.619607843),
            (0.619607843, 0.619607843, 0.619607843),
            (0.619607843, 0.619607843, 0.619607843),
            (0.619607843, 0.619607843, 0.619607843),
            (0.619607843, 0.619607843, 0.619607843),
            (0.619607843, 0.619607843, 0.619607843),
            (0.619607843, 0.619607843, 0.619607843),
            (0.619607843, 0.619607843, 0.619607843),
            (0.619607843, 0.619607843, 0.619607843),
            (0.619607843, 0.619607843, 0.619607843),
            (0.619607843, 0.619607843, 0.619607843),
            (0.619607843, 0.619607843, 0.619607843),
            (0.619607843, 0.619607843, 0.619607843),
            (0.619607843, 0.619607843, 0.619607843),
            (0.619607843, 0.619607843, 0.619607843),
            (0.619607843, 0.619607843, 0.619607843),
            (0.619607843, 0.619607843, 0.619607843),
            (0.619607843, 0.619607843, 0.619607843),
            (0.619607843, 0.619607843, 0.619607843),
            (0.619607843, 0.619607843, 0.619607843),
            (0.619607843, 0.619607843, 0.619607843),
            (0.619607843, 0.619607843, 0.619607843),
            (0.619607843, 0.619607843, 0.619607843),
            (0.619607843, 0.619607843, 0.619607843),
            (0.619607843, 0.619607843, 0.619607843),
            (0.619607843, 0.619607843, 0.619607843),
            (0.619607843, 0.619607843, 0.619607843),
            (0.619607843, 0.619607843, 0.619607843),
            (0.619607843, 0.619607843, 0.619607843),
            (0.619607843, 0.619607843, 0.619607843),
            (0.619607843, 0.619607843, 0.619607843),
            (0.619607843, 0.619607843, 0.619607843),
            (0.619607843, 0.619607843, 0.619607843),
            (0.619607843, 0.619607843, 0.619607843),
            (0.619607843, 0.619607843, 0.619607843),
            (0.619607843, 0.619607843, 0.619607843),
            (0.619607843, 0.619607843, 0.619607843),
            (0.619607843, 0.619607843, 0.619607843),
            (0.619607843, 0.619607843, 0.619607843),
            (0.619607843, 0.619607843, 0.619607843),
            (0.619607843, 0.619607843, 0.619607843),
            (0.619607843, 0.619607843, 0.619607843),
            (0.619607843, 0.619607843, 0.619607843),
            (0.619607843, 0.619607843, 0.619607843),
            (0.619607843, 0.619607843, 0.619607843),
            (0.619607843, 0.619607843, 0.619607843),
            (0.619607843, 0.619607843, 0.619607843),
            (0.619607843, 0.619607843, 0.619607843),
            (0.619607843, 0.619607843, 0.619607843),
            (0.619607843, 0.619607843, 0.619607843),
            (0.619607843, 0.619607843, 0.619607843),
            (0.619607843, 0.619607843, 0.619607843),
            (0.619607843, 0.619607843, 0.619607843),
            (0.619607843, 0.619607843, 0.619607843),
            (0.619607843, 0.619607843, 0.619607843),
            (0.619607843, 0.619607843, 0.619607843),
            (0.619607843, 0.619607843, 0.619607843),
            (0.619607843, 0.619607843, 0.619607843),
            (0.619607843, 0.619607843, 0.619607843),
            (0.619607843, 0.619607843, 0.619607843),
            (0.619607843, 0.619607843, 0.619607843),
            (0.619607843, 0.619607843, 0.619607843),
            (0.619607843, 0.619607843, 0.619607843),
            (0.619607843, 0.619607843, 0.619607843),
            (0.619607843, 0.619607843, 0.619607843),
            (0.619607843, 0.619607843, 0.619607843),
            (0.619607843, 0.619607843, 0.619607843),
            (0.619607843, 0.619607843, 0.619607843),
            (0.619607843, 0.619607843, 0.619607843),
            (0.619607843, 0.619607843, 0.619607843),
            (0.619607843, 0.619607843, 0.619607843),
            (0.619607843, 0.619607843, 0.619607843),
            (0.619607843, 0.619607843, 0.619607843),
            (0.619607843, 0.619607843, 0.619607843),
            (0.619607843, 0.619607843, 0.619607843),
            (0.619607843, 0.619607843, 0.619607843),
            (0.619607843, 0.619607843, 0.619607843),
            (0.619607843, 0.619607843, 0.619607843),
            (0.619607843, 0.619607843, 0.619607843),
            (0.619607843, 0.619607843, 0.619607843),
            (0.619607843, 0.619607843, 0.619607843),
            (0.619607843, 0.619607843, 0.619607843),
            (0.619607843, 0.619607843, 0.619607843),
            (0.619607843, 0.619607843, 0.619607843),
            (0.619607843, 0.619607843, 0.619607843),
            (0.619607843, 0.619607843, 0.619607843),
            (0.619607843, 0.619607843, 0.619607843),
            (0.619607843, 0.619607843, 0.619607843),
            (0.619607843, 0.619607843, 0.619607843),
            (0.619607843, 0.619607843, 0.619607843),
            (0.619607843, 0.619607843, 0.619607843),
            (0.619607843, 0.619607843, 0.619607843),
            (0.619607843, 0.619607843, 0.619607843),
            (0.619607843, 0.619607843, 0.619607843),
            (0.619607843, 0.619607843, 0.619607843),
            (0.619607843, 0.619607843, 0.619607843),
            (0.619607843, 0.619607843, 0.619607843),
            (0.619607843, 0.619607843, 0.619607843),
            (0.619607843, 0.619607843, 0.619607843),
            (0.619607843, 0.619607843, 0.619607843),
            (0.619607843, 0.619607843, 0.619607843),
            (0.619607843, 0.619607843, 0.619607843),
            (0.619607843, 0.619607843, 0.619607843),
            (0.619607843, 0.619607843, 0.619607843),
            (0.619607843, 0.619607843, 0.619607843),
            (0.619607843, 0.619607843, 0.619607843),
            (0.619607843, 0.619607843, 0.619607843),
            (0.619607843, 0.619607843, 0.619607843),
            (0.619607843, 0.619607843, 0.619607843),
            (0.619607843, 0.619607843, 0.619607843),
            (0.619607843, 0.619607843, 0.619607843),
            (0.619607843, 0.619607843, 0.619607843),
            (0.619607843, 0.619607843, 0.619607843),
            (0.619607843, 0.619607843, 0.619607843),
            (0.619607843, 0.619607843, 0.619607843),
            (0.619607843, 0.619607843, 0.619607843),
            (0.619607843, 0.619607843, 0.619607843),
            (0.619607843, 0.619607843, 0.619607843),
            (0.619607843, 0.619607843, 0.619607843),
            (0.619607843, 0.619607843, 0.619607843),
            (0.619607843, 0.619607843, 0.619607843),
            (0.619607843, 0.619607843, 0.619607843),
            (0.619607843, 0.619607843, 0.619607843),
            (0.619607843, 0.619607843, 0.619607843),
            (0.619607843, 0.619607843, 0.619607843),
            (0.619607843, 0.619607843, 0.619607843),
            (0.619607843, 0.619607843, 0.619607843),
            (0.619607843, 0.619607843, 0.619607843),
            (0.619607843, 0.619607843, 0.619607843),
            (0.619607843, 0.619607843, 0.619607843),
            (0.619607843, 0.619607843, 0.619607843),
            (0.619607843, 0.619607843, 0.619607843),
            (0.619607843, 0.619607843, 0.619607843),
            (0.619607843, 0.619607843, 0.619607843),
            (0.619607843, 0.619607843, 0.619607843),
            (0.619607843, 0.619607843, 0.619607843),
            (0.619607843, 0.619607843, 0.619607843),
            (0.619607843, 0.619607843, 0.619607843),
            (0.619607843, 0.619607843, 0.619607843),
            (0.619607843, 0.619607843, 0.619607843),
            (0.619607843, 0.619607843, 0.619607843),
            (0.619607843, 0.619607843, 0.619607843),
            (0.619607843, 0.619607843, 0.619607843),
            (0.619607843, 0.619607843, 0.619607843),
            (0.619607843, 0.619607843, 0.619607843),
            (0.619607843, 0.619607843, 0.619607843),
            (0.619607843, 0.619607843, 0.619607843),
            (0.619607843, 0.619607843, 0.619607843),
            (0.619607843, 0.619607843, 0.619607843),
            (0.619607843, 0.619607843, 0.619607843),
            (0.619607843, 0.619607843, 0.619607843),
            (0.619607843, 0.619607843, 0.619607843),
            (0.619607843, 0.619607843, 0.619607843),
            (0.619607843, 0.619607843, 0.619607843),
            (0.619607843, 0.619607843, 0.619607843),
            (0.619607843, 0.619607843, 0.619607843),
            (0.619607843, 0.619607843, 0.619607843),
            (0.619607843, 0.619607843, 0.619607843),
            (0.619607843, 0.619607843, 0.619607843),
            (0.619607843, 0.619607843, 0.619607843),
            (0.619607843, 0.619607843, 0.619607843),
            (0.619607843, 0.619607843, 0.619607843),
            (0.619607843, 0.619607843, 0.619607843),
            (0.619607843, 0.619607843, 0.619607843),
            (0.619607843, 0.619607843, 0.619607843),
            (0.619607843, 0.619607843, 0.619607843),
            (0.619607843, 0.619607843, 0.619607843),
            (0.619607843, 0.619607843, 0.619607843),
            (0.619607843, 0.619607843, 0.619607843),
            (0.619607843, 0.619607843, 0.619607843),
            (0.619607843, 0.619607843, 0.619607843),
            (0.619607843, 0.619607843, 0.619607843),
            (0.619607843, 0.619607843, 0.619607843),
            (0.619607843, 0.619607843, 0.619607843),
            (0.619607843, 0.619607843, 0.619607843),
            (0.619607843, 0.619607843, 0.619607843),
            (0.619607843, 0.619607843, 0.619607843),
            (0.619607843, 0.619607843, 0.619607843),
            (0.619607843, 0.619607843, 0.619607843),
            (0.619607843, 0.619607843, 0.619607843),
            (0.619607843, 0.619607843, 0.619607843),
            (0.619607843, 0.619607843, 0.619607843),
            (0.619607843, 0.619607843, 0.619607843),
            (0.619607843, 0.619607843, 0.619607843),
            (0.619607843, 0.619607843, 0.619607843),
            (0.619607843, 0.619607843, 0.619607843),
            (0.619607843, 0.619607843, 0.619607843),
            (0.619607843, 0.619607843, 0.619607843),
            (0.619607843, 0.619607843, 0.619607843),
            (0.619607843, 0.619607843, 0.619607843),
            (0.619607843, 0.619607843, 0.619607843),
            (0.619607843, 0.619607843, 0.619607843),
            (0.619607843, 0.619607843, 0.619607843),
            (0.619607843, 0.619607843, 0.619607843),
            (0.619607843, 0.619607843, 0.619607843),
            (0.619607843, 0.619607843, 0.619607843),
            (0.619607843, 0.619607843, 0.619607843),
            (0.619607843, 0.619607843, 0.619607843),
            (0.619607843, 0.619607843, 0.619607843),
            (0.619607843, 0.619607843, 0.619607843),
            (0.619607843, 0.619607843, 0.619607843),
            (0.619607843, 0.619607843, 0.619607843),
            (0.619607843, 0.619607843, 0.619607843),
            (0.619607843, 0.619607843, 0.619607843),
            (0.619607843, 0.619607843, 0.619607843),
            (0.619607843, 0.619607843, 0.619607843),
            (0.619607843, 0.619607843, 0.619607843),
            (0.619607843, 0.619607843, 0.619607843),
            (0.619607843, 0.619607843, 0.619607843),
            (0.619607843, 0.619607843, 0.619607843),
            (0.619607843, 0.619607843, 0.619607843),
            (0.619607843, 0.619607843, 0.619607843),
            (0.619607843, 0.619607843, 0.619607843),
            (0.619607843, 0.619607843, 0.619607843),
            (0.619607843, 0.619607843, 0.619607843),
            (0.619607843, 0.619607843, 0.619607843),
            (0.619607843, 0.619607843, 0.619607843),
            (0.619607843, 0.619607843, 0.619607843),
            (0.619607843, 0.619607843, 0.619607843),
            (0.619607843, 0.619607843, 0.619607843),
            (0.619607843, 0.619607843, 0.619607843),
            (0.619607843, 0.619607843, 0.619607843),
            (0.619607843, 0.619607843, 0.619607843),
            (0.619607843, 0.619607843, 0.619607843),
            (0.619607843, 0.619607843, 0.619607843),
            (0.619607843, 0.619607843, 0.619607843),
            (0.619607843, 0.619607843, 0.619607843),
            (0.619607843, 0.619607843, 0.619607843),
            (0.619607843, 0.619607843, 0.619607843),
            (0.619607843, 0.619607843, 0.619607843),
            (0.619607843, 0.619607843, 0.619607843),
            (0.619607843, 0.619607843, 0.619607843),
            (0.619607843, 0.619607843, 0.619607843),
            (0.619607843, 0.619607843, 0.619607843),
            (0.619607843, 0.619607843, 0.619607843),
            (0.619607843, 0.619607843, 0.619607843),
            (0.619607843, 0.619607843, 0.619607843),
            (0.619607843, 0.619607843, 0.619607843),
            (0.619607843, 0.619607843, 0.619607843),
            (0.619607843, 0.619607843, 0.619607843),
            (0.619607843, 0.619607843, 0.619607843),
            (0.619607843, 0.619607843, 0.619607843),
            (0.619607843, 0.619607843, 0.619607843),
            (0.619607843, 0.619607843, 0.619607843),
            (0.619607843, 0.619607843, 0.619607843),
            (0.619607843, 0.619607843, 0.619607843),
            (0.619607843, 0.619607843, 0.619607843),
            (0.619607843, 0.619607843, 0.619607843),
            (0.619607843, 0.619607843, 0.619607843),
            (0.619607843, 0.619607843, 0.619607843),
            (0.619607843, 0.619607843, 0.619607843),
            (0.619607843, 0.619607843, 0.619607843),
            (0.619607843, 0.619607843, 0.619607843),
            (0.619607843, 0.619607843, 0.619607843),
            (0.619607843, 0.619607843, 0.619607843),
            (0.619607843, 0.619607843, 0.619607843),
            (0.619607843, 0.619607843, 0.619607843),
            (0.619607843, 0.619607843, 0.619607843),
            (0.619607843, 0.619607843, 0.619607843),
            (0.619607843, 0.619607843, 0.619607843),
            (0.619607843, 0.619607843, 0.619607843),
            (0.619607843, 0.619607843, 0.619607843),
            (0.619607843, 0.619607843, 0.619607843),
            (0.619607843, 0.619607843, 0.619607843),
            (0.619607843, 0.619607843, 0.619607843),
            (0.619607843, 0.619607843, 0.619607843),
            (0.619607843, 0.619607843, 0.619607843),
            (0.619607843, 0.619607843, 0.619607843),
            (0.619607843, 0.619607843, 0.619607843),
            (0.619607843, 0.619607843, 0.619607843),
            (0.619607843, 0.619607843, 0.619607843),
            (0.619607843, 0.619607843, 0.619607843),
            (0.619607843, 0.619607843, 0.619607843),
            (0.619607843, 0.619607843, 0.619607843),
            (0.619607843, 0.619607843, 0.619607843),
            (0.619607843, 0.619607843, 0.619607843),
            (0.619607843, 0.619607843, 0.619607843),
            (0.619607843, 0.619607843, 0.619607843),
            (0.619607843, 0.619607843, 0.619607843),
            (0.619607843, 0.619607843, 0.619607843),
            (0.619607843, 0.619607843, 0.619607843),
            (0.619607843, 0.619607843, 0.619607843),
            (0.619607843, 0.619607843, 0.619607843),
            (0.619607843, 0.619607843, 0.619607843),
            (0.619607843, 0.619607843, 0.619607843),
            (0.619607843, 0.619607843, 0.619607843),
            (0.619607843, 0.619607843, 0.619607843),
            (0.619607843, 0.619607843, 0.619607843),
            (0.619607843, 0.619607843, 0.619607843),
            (0.619607843, 0.619607843, 0.619607843),
            (0.619607843, 0.619607843, 0.619607843),
            (0.619607843, 0.619607843, 0.619607843),
            (0.619607843, 0.619607843, 0.619607843),
            (0.619607843, 0.619607843, 0.619607843),
            (0.619607843, 0.619607843, 0.619607843),
            (0.619607843, 0.619607843, 0.619607843),
            (0.619607843, 0.619607843, 0.619607843),
            (0.619607843, 0.619607843, 0.619607843),
            (0.619607843, 0.619607843, 0.619607843),
            (0.619607843, 0.619607843, 0.619607843),
            (0.619607843, 0.619607843, 0.619607843),
            (0.619607843, 0.619607843, 0.619607843),
            (0.619607843, 0.619607843, 0.619607843),
            (0.619607843, 0.619607843, 0.619607843),
            (0.619607843, 0.619607843, 0.619607843),
            (0.619607843, 0.619607843, 0.619607843),
            (0.619607843, 0.619607843, 0.619607843),
            (0.619607843, 0.619607843, 0.619607843),
            (0.619607843, 0.619607843, 0.619607843),
            (0.619607843, 0.619607843, 0.619607843),
            (0.619607843, 0.619607843, 0.619607843),
            (0.619607843, 0.619607843, 0.619607843),
            (0.619607843, 0.619607843, 0.619607843),
            (0.619607843, 0.619607843, 0.619607843),
            (0.619607843, 0.619607843, 0.619607843),
            (0.619607843, 0.619607843, 0.619607843),
            (0.619607843, 0.619607843, 0.619607843),
            (0.619607843, 0.619607843, 0.619607843),
            (0.619607843, 0.619607843, 0.619607843),
            (0.619607843, 0.619607843, 0.619607843),
            (0.619607843, 0.619607843, 0.619607843),
            (0.619607843, 0.619607843, 0.619607843),
            (0.619607843, 0.619607843, 0.619607843),
            (0.619607843, 0.619607843, 0.619607843),
            (0.619607843, 0.619607843, 0.619607843),
            (0.619607843, 0.619607843, 0.619607843),
            (0.619607843, 0.619607843, 0.619607843),
            (0.619607843, 0.619607843, 0.619607843),
            (0.619607843, 0.619607843, 0.619607843),
            (0.619607843, 0.619607843, 0.619607843),
            (0.619607843, 0.619607843, 0.619607843),
            (0.619607843, 0.619607843, 0.619607843),
            (0.619607843, 0.619607843, 0.619607843),
            (0.619607843, 0.619607843, 0.619607843),
            (0.619607843, 0.619607843, 0.619607843),
            (0.619607843, 0.619607843, 0.619607843),
            (0.619607843, 0.619607843, 0.619607843),
            (0.619607843, 0.619607843, 0.619607843),
            (0.619607843, 0.619607843, 0.619607843),
            (0.619607843, 0.619607843, 0.619607843),
            (0.619607843, 0.619607843, 0.619607843),
            (0.619607843, 0.619607843, 0.619607843),
            (0.619607843, 0.619607843, 0.619607843),
            (0.619607843, 0.619607843, 0.619607843),
            (0.619607843, 0.619607843, 0.619607843),
            (0.619607843, 0.619607843, 0.619607843),
            (0.619607843, 0.619607843, 0.619607843),
            (0.619607843, 0.619607843, 0.619607843),
            (0.619607843, 0.619607843, 0.619607843),
            (0.619607843, 0.619607843, 0.619607843),
            (0.619607843, 0.619607843, 0.619607843),
            (0.619607843, 0.619607843, 0.619607843),
            (0.619607843, 0.619607843, 0.619607843),
            (0.619607843, 0.619607843, 0.619607843),
            (0.619607843, 0.619607843, 0.619607843),
            (0.619607843, 0.619607843, 0.619607843),
            (0.619607843, 0.619607843, 0.619607843),
            (0.619607843, 0.619607843, 0.619607843),
            (0.619607843, 0.619607843, 0.619607843),
            (0.619607843, 0.619607843, 0.619607843),
            (0.619607843, 0.619607843, 0.619607843),
            (0.619607843, 0.619607843, 0.619607843),
            (0.619607843, 0.619607843, 0.619607843),
            (0.619607843, 0.619607843, 0.619607843),
            (0.619607843, 0.619607843, 0.619607843),
            (0.619607843, 0.619607843, 0.619607843),
            (0.619607843, 0.619607843, 0.619607843),
            (0.619607843, 0.619607843, 0.619607843),
            (0.619607843, 0.619607843, 0.619607843),
            (0.619607843, 0.619607843, 0.619607843),
            (0.619607843, 0.619607843, 0.619607843),
            (0.619607843, 0.619607843, 0.619607843),
            (0.619607843, 0.619607843, 0.619607843),
            (0.619607843, 0.619607843, 0.619607843),
            (0.619607843, 0.619607843, 0.619607843),
            (0.619607843, 0.619607843, 0.619607843),
            (0.619607843, 0.619607843, 0.619607843),
            (0.619607843, 0.619607843, 0.619607843),
            (0.619607843, 0.619607843, 0.619607843),
            (0.619607843, 0.619607843, 0.619607843),
            (0.619607843, 0.619607843, 0.619607843),
            (0.619607843, 0.619607843, 0.619607843),
            (0.619607843, 0.619607843, 0.619607843),
            (0.619607843, 0.619607843, 0.619607843),
            (0.619607843, 0.619607843, 0.619607843),
            (0.619607843, 0.619607843, 0.619607843),
            (0.619607843, 0.619607843, 0.619607843),
            (0.619607843, 0.619607843, 0.619607843),
            (0.619607843, 0.619607843, 0.619607843),
            (0.619607843, 0.619607843, 0.619607843),
            (0.619607843, 0.619607843, 0.619607843),
            (0.619607843, 0.619607843, 0.619607843),
            (0.619607843, 0.619607843, 0.619607843),
            (0.619607843, 0.619607843, 0.619607843),
            (0.619607843, 0.619607843, 0.619607843),
            (0.619607843, 0.619607843, 0.619607843),
            (0.619607843, 0.619607843, 0.619607843),
            (0.619607843, 0.619607843, 0.619607843),
            (0.619607843, 0.619607843, 0.619607843),
            (0.619607843, 0.619607843, 0.619607843),
            (0.619607843, 0.619607843, 0.619607843),
            (0.619607843, 0.619607843, 0.619607843),
            (0.619607843, 0.619607843, 0.619607843),
            (0.619607843, 0.619607843, 0.619607843),
            (0.619607843, 0.619607843, 0.619607843),
            (0.619607843, 0.619607843, 0.619607843),
            (0.619607843, 0.619607843, 0.619607843),
            (0.619607843, 0.619607843, 0.619607843),
            (0.619607843, 0.619607843, 0.619607843),
            (0.619607843, 0.619607843, 0.619607843),
            (0.619607843, 0.619607843, 0.619607843),
            (0.619607843, 0.619607843, 0.619607843),
            (0.619607843, 0.619607843, 0.619607843),
            (0.619607843, 0.619607843, 0.619607843),
            (0.619607843, 0.619607843, 0.619607843),
            (0.619607843, 0.619607843, 0.619607843),
            (0.619607843, 0.619607843, 0.619607843),
            (0.619607843, 0.619607843, 0.619607843),
            (0.619607843, 0.619607843, 0.619607843),
            (0.619607843, 0.619607843, 0.619607843),
            (0.619607843, 0.619607843, 0.619607843),
            (0.619607843, 0.619607843, 0.619607843),
            (0.619607843, 0.619607843, 0.619607843),
            (0.619607843, 0.619607843, 0.619607843),
            (0.619607843, 0.619607843, 0.619607843),
            (0.619607843, 0.619607843, 0.619607843),
            (0.619607843, 0.619607843, 0.619607843),
            (0.619607843, 0.619607843, 0.619607843),
            (0.619607843, 0.619607843, 0.619607843),
            (0.619607843, 0.619607843, 0.619607843),
            (0.619607843, 0.619607843, 0.619607843),
            (0.619607843, 0.619607843, 0.619607843),
            (0.619607843, 0.619607843, 0.619607843),
            (0.619607843, 0.619607843, 0.619607843),
            (0.619607843, 0.619607843, 0.619607843),
            (0.619607843, 0.619607843, 0.619607843),
            (0.619607843, 0.619607843, 0.619607843),
            (0.619607843, 0.619607843, 0.619607843),
            (0.619607843, 0.619607843, 0.619607843),
            (0.619607843, 0.619607843, 0.619607843),
            (0.619607843, 0.619607843, 0.619607843),
            (0.619607843, 0.619607843, 0.619607843),
            (0.619607843, 0.619607843, 0.619607843),
            (0.619607843, 0.619607843, 0.619607843),
            (0.619607843, 0.619607843, 0.619607843),
            (0.619607843, 0.619607843, 0.619607843),
            (0.619607843, 0.619607843, 0.619607843),
            (0.619607843, 0.619607843, 0.619607843),
            (0.619607843, 0.619607843, 0.619607843),
            (0.619607843, 0.619607843, 0.619607843),
            (0.619607843, 0.619607843, 0.619607843),
            (0.619607843, 0.619607843, 0.619607843),
            (0.619607843, 0.619607843, 0.619607843),
            (0.619607843, 0.619607843, 0.619607843),
            (0.619607843, 0.619607843, 0.619607843),
            (0.619607843, 0.619607843, 0.619607843),
            (0.619607843, 0.619607843, 0.619607843),
            (0.619607843, 0.619607843, 0.619607843),
            (0.619607843, 0.619607843, 0.619607843),
            (0.619607843, 0.619607843, 0.619607843),
            (0.619607843, 0.619607843, 0.619607843),
            (0.619607843, 0.619607843, 0.619607843),
            (0.619607843, 0.619607843, 0.619607843),
            (0.619607843, 0.619607843, 0.619607843),
            (0.619607843, 0.619607843, 0.619607843),
            (0.619607843, 0.619607843, 0.619607843),
            (0.619607843, 0.619607843, 0.619607843),
            (0.619607843, 0.619607843, 0.619607843),
            (0.619607843, 0.619607843, 0.619607843),
            (0.619607843, 0.619607843, 0.619607843),
            (0.619607843, 0.619607843, 0.619607843),
            (0.619607843, 0.619607843, 0.619607843),
            (0.619607843, 0.619607843, 0.619607843),
            (0.619607843, 0.619607843, 0.619607843),
            (0.619607843, 0.619607843, 0.619607843),
            (0.619607843, 0.619607843, 0.619607843),
            (0.619607843, 0.619607843, 0.619607843),
            (0.619607843, 0.619607843, 0.619607843),
            (0.619607843, 0.619607843, 0.619607843),
            (0.619607843, 0.619607843, 0.619607843),
            (0.619607843, 0.619607843, 0.619607843),
            (0.619607843, 0.619607843, 0.619607843),
            (0.619607843, 0.619607843, 0.619607843),
            (0.619607843, 0.619607843, 0.619607843),
            (0.619607843, 0.619607843, 0.619607843),
            (0.619607843, 0.619607843, 0.619607843),
            (0.619607843, 0.619607843, 0.619607843),
            (0.619607843, 0.619607843, 0.619607843),
            (0.619607843, 0.619607843, 0.619607843),
            (0.619607843, 0.619607843, 0.619607843),
            (0.619607843, 0.619607843, 0.619607843),
            (0.619607843, 0.619607843, 0.619607843),
            (0.619607843, 0.619607843, 0.619607843),
            (0.619607843, 0.619607843, 0.619607843),
            (0.619607843, 0.619607843, 0.619607843),
            (0.619607843, 0.619607843, 0.619607843),
            (0.619607843, 0.619607843, 0.619607843),
            (0.619607843, 0.619607843, 0.619607843),
            (0.619607843, 0.619607843, 0.619607843),
            (0.619607843, 0.619607843, 0.619607843),
            (0.619607843, 0.619607843, 0.619607843),
            (0.619607843, 0.619607843, 0.619607843),
            (0.619607843, 0.619607843, 0.619607843),
            (0.619607843, 0.619607843, 0.619607843),
            (0.619607843, 0.619607843, 0.619607843),
            (0.619607843, 0.619607843, 0.619607843),
            (0.619607843, 0.619607843, 0.619607843),
            (0.619607843, 0.619607843, 0.619607843),
            (0.619607843, 0.619607843, 0.619607843),
            (0.619607843, 0.619607843, 0.619607843),
            (0.619607843, 0.619607843, 0.619607843),
            (0.619607843, 0.619607843, 0.619607843),
            (0.619607843, 0.619607843, 0.619607843),
            (0.619607843, 0.619607843, 0.619607843),
            (0.619607843, 0.619607843, 0.619607843),
            (0.619607843, 0.619607843, 0.619607843),
            (0.619607843, 0.619607843, 0.619607843),
            (0.619607843, 0.619607843, 0.619607843),
            (0.619607843, 0.619607843, 0.619607843),
            (0.619607843, 0.619607843, 0.619607843),
            (0.619607843, 0.619607843, 0.619607843),
            (0.619607843, 0.619607843, 0.619607843),
            (0.619607843, 0.619607843, 0.619607843),
            (0.619607843, 0.619607843, 0.619607843),
            (0.619607843, 0.619607843, 0.619607843),
            (0.619607843, 0.619607843, 0.619607843),
            (0.619607843, 0.619607843, 0.619607843),
            (0.619607843, 0.619607843, 0.619607843),
            (0.619607843, 0.619607843, 0.619607843),
            (0.619607843, 0.619607843, 0.619607843),
            (0.619607843, 0.619607843, 0.619607843),
            (0.619607843, 0.619607843, 0.619607843),
            (0.619607843, 0.619607843, 0.619607843),
            (0.619607843, 0.619607843, 0.619607843),
            (0.619607843, 0.619607843, 0.619607843),
            (0.619607843, 0.619607843, 0.619607843),
            (0.619607843, 0.619607843, 0.619607843),
            (0.619607843, 0.619607843, 0.619607843),
            (0.619607843, 0.619607843, 0.619607843),
            (0.619607843, 0.619607843, 0.619607843),
            (0.619607843, 0.619607843, 0.619607843),
            (0.619607843, 0.619607843, 0.619607843),
            (0.619607843, 0.619607843, 0.619607843),
            (0.619607843, 0.619607843, 0.619607843),
            (0.619607843, 0.619607843, 0.619607843),
            (0.619607843, 0.619607843, 0.619607843),
            (0.619607843, 0.619607843, 0.619607843),
            (0.619607843, 0.619607843, 0.619607843),
            (0.619607843, 0.619607843, 0.619607843),
            (0.619607843, 0.619607843, 0.619607843),
            (0.619607843, 0.619607843, 0.619607843),
            (0.619607843, 0.619607843, 0.619607843),
            (0.619607843, 0.619607843, 0.619607843),
            (0.619607843, 0.619607843, 0.619607843),
            (0.619607843, 0.619607843, 0.619607843),
            (0.619607843, 0.619607843, 0.619607843),
            (0.619607843, 0.619607843, 0.619607843),
            (0.619607843, 0.619607843, 0.619607843),
            (0.619607843, 0.619607843, 0.619607843),
            (0.619607843, 0.619607843, 0.619607843),
            (0.619607843, 0.619607843, 0.619607843),
            (0.619607843, 0.619607843, 0.619607843),
            (0.619607843, 0.619607843, 0.619607843),
            (0.619607843, 0.619607843, 0.619607843),
            (0.619607843, 0.619607843, 0.619607843),
            (0.619607843, 0.619607843, 0.619607843),
            (0.619607843, 0.619607843, 0.619607843),
            (0.619607843, 0.619607843, 0.619607843),
            (0.619607843, 0.619607843, 0.619607843),
            (0.619607843, 0.619607843, 0.619607843),
            (0.619607843, 0.619607843, 0.619607843),
            (0.619607843, 0.619607843, 0.619607843),
            (0.619607843, 0.619607843, 0.619607843),
            (0.619607843, 0.619607843, 0.619607843),
            (0.619607843, 0.619607843, 0.619607843),
            (0.619607843, 0.619607843, 0.619607843),
            (0.619607843, 0.619607843, 0.619607843),
            (0.619607843, 0.619607843, 0.619607843),
            (0.619607843, 0.619607843, 0.619607843),
            (0.619607843, 0.619607843, 0.619607843),
            (0.619607843, 0.619607843, 0.619607843),
            (0.619607843, 0.619607843, 0.619607843),
            (0.619607843, 0.619607843, 0.619607843),
            (0.619607843, 0.619607843, 0.619607843),
            (0.619607843, 0.619607843, 0.619607843),
            (0.619607843, 0.619607843, 0.619607843),
            (0.619607843, 0.619607843, 0.619607843),
            (0.619607843, 0.619607843, 0.619607843),
            (0.619607843, 0.619607843, 0.619607843),
            (0.619607843, 0.619607843, 0.619607843),
            (0.619607843, 0.619607843, 0.619607843),
            (0.619607843, 0.619607843, 0.619607843),
            (0.619607843, 0.619607843, 0.619607843),
            (0.619607843, 0.619607843, 0.619607843),
            (0.619607843, 0.619607843, 0.619607843),
            (0.619607843, 0.619607843, 0.619607843),
            (0.619607843, 0.619607843, 0.619607843),
            (0.619607843, 0.619607843, 0.619607843),
            (0.619607843, 0.619607843, 0.619607843),
            (0.619607843, 0.619607843, 0.619607843),
            (0.619607843, 0.619607843, 0.619607843),
            (0.619607843, 0.619607843, 0.619607843),
            (0.619607843, 0.619607843, 0.619607843),
            (0.619607843, 0.619607843, 0.619607843),
            (0.619607843, 0.619607843, 0.619607843),
            (0.619607843, 0.619607843, 0.619607843),
            (0.619607843, 0.619607843, 0.619607843),
            (0.619607843, 0.619607843, 0.619607843),
            (0.619607843, 0.619607843, 0.619607843),
            (0.619607843, 0.619607843, 0.619607843),
            (0.619607843, 0.619607843, 0.619607843),
            (0.619607843, 0.619607843, 0.619607843),
            (0.619607843, 0.619607843, 0.619607843),
            (0.619607843, 0.619607843, 0.619607843),
            (0.619607843, 0.619607843, 0.619607843),
            (0.619607843, 0.619607843, 0.619607843),
            (0.619607843, 0.619607843, 0.619607843),
            (0.619607843, 0.619607843, 0.619607843),
            (0.619607843, 0.619607843, 0.619607843),
            (0.619607843, 0.619607843, 0.619607843),
            (0.619607843, 0.619607843, 0.619607843),
            (0.619607843, 0.619607843, 0.619607843),
            (0.619607843, 0.619607843, 0.619607843),
            (0.619607843, 0.619607843, 0.619607843),
            (0.619607843, 0.619607843, 0.619607843),
            (0.619607843, 0.619607843, 0.619607843),
            (0.619607843, 0.619607843, 0.619607843),
            (0.619607843, 0.619607843, 0.619607843),
            (0.619607843, 0.619607843, 0.619607843),
            (0.619607843, 0.619607843, 0.619607843),
            (0.619607843, 0.619607843, 0.619607843),
            (0.619607843, 0.619607843, 0.619607843),
            (0.619607843, 0.619607843, 0.619607843),
            (0.619607843, 0.619607843, 0.619607843),
            (0.619607843, 0.619607843, 0.619607843),
            (0.619607843, 0.619607843, 0.619607843),
            (0.619607843, 0.619607843, 0.619607843),
            (0.619607843, 0.619607843, 0.619607843),
            (0.619607843, 0.619607843, 0.619607843),
            (0.619607843, 0.619607843, 0.619607843),
            (0.619607843, 0.619607843, 0.619607843),
            (0.619607843, 0.619607843, 0.619607843),
            (0.619607843, 0.619607843, 0.619607843),
            (0.619607843, 0.619607843, 0.619607843),
            (0.619607843, 0.619607843, 0.619607843),
            (0.619607843, 0.619607843, 0.619607843),
            (0.619607843, 0.619607843, 0.619607843),
            (0.619607843, 0.619607843, 0.619607843),
            (0.619607843, 0.619607843, 0.619607843),
            (0.619607843, 0.619607843, 0.619607843),
            (0.619607843, 0.619607843, 0.619607843),
            (0.619607843, 0.619607843, 0.619607843),
            (0.619607843, 0.619607843, 0.619607843),
            (0.619607843, 0.619607843, 0.619607843),
            (0.619607843, 0.619607843, 0.619607843),
            (0.619607843, 0.619607843, 0.619607843),
            (0.619607843, 0.619607843, 0.619607843),
            (0.619607843, 0.619607843, 0.619607843),
            (0.619607843, 0.619607843, 0.619607843),
            (0.619607843, 0.619607843, 0.619607843),
            (0.619607843, 0.619607843, 0.619607843),
            (0.619607843, 0.619607843, 0.619607843),
            (0.619607843, 0.619607843, 0.619607843),
            (0.619607843, 0.619607843, 0.619607843),
            (0.619607843, 0.619607843, 0.619607843),
            (0.619607843, 0.619607843, 0.619607843),
            (0.619607843, 0.619607843, 0.619607843),
            (0.619607843, 0.619607843, 0.619607843),
            (0.619607843, 0.619607843, 0.619607843),
            (0.619607843, 0.619607843, 0.619607843),
            (0.619607843, 0.619607843, 0.619607843),
            (0.619607843, 0.619607843, 0.619607843),
            (0.619607843, 0.619607843, 0.619607843),
            (0.619607843, 0.619607843, 0.619607843),
            (0.619607843, 0.619607843, 0.619607843),
            (0.619607843, 0.619607843, 0.619607843),
            (0.619607843, 0.619607843, 0.619607843),
            (0.619607843, 0.619607843, 0.619607843),
            (0.619607843, 0.619607843, 0.619607843),
            (0.619607843, 0.619607843, 0.619607843),
            (0.619607843, 0.619607843, 0.619607843),
            (0.619607843, 0.619607843, 0.619607843),
            (0.619607843, 0.619607843, 0.619607843),
            (0.619607843, 0.619607843, 0.619607843),
            (0.619607843, 0.619607843, 0.619607843),
            (0.619607843, 0.619607843, 0.619607843),
            (0.619607843, 0.619607843, 0.619607843),
            (0.619607843, 0.619607843, 0.619607843),
            (0.619607843, 0.619607843, 0.619607843),
            (0.619607843, 0.619607843, 0.619607843),
            (0.619607843, 0.619607843, 0.619607843),
            (0.619607843, 0.619607843, 0.619607843),
            (0.619607843, 0.619607843, 0.619607843),
            (0.619607843, 0.619607843, 0.619607843),
            (0.619607843, 0.619607843, 0.619607843),
            (0.619607843, 0.619607843, 0.619607843),
            (0.619607843, 0.619607843, 0.619607843),
            (0.619607843, 0.619607843, 0.619607843),
            (0.619607843, 0.619607843, 0.619607843),
            (0.619607843, 0.619607843, 0.619607843),
            (0.619607843, 0.619607843, 0.619607843),
            (0.619607843, 0.619607843, 0.619607843),
            (0.619607843, 0.619607843, 0.619607843),
            (0.619607843, 0.619607843, 0.619607843),
            (0.619607843, 0.619607843, 0.619607843),
            (0.619607843, 0.619607843, 0.619607843),
            (0.619607843, 0.619607843, 0.619607843),
            (0.619607843, 0.619607843, 0.619607843),
            (0.619607843, 0.619607843, 0.619607843),
            (0.619607843, 0.619607843, 0.619607843),
            (0.619607843, 0.619607843, 0.619607843),
            (0.619607843, 0.619607843, 0.619607843),
            (0.619607843, 0.619607843, 0.619607843),
            (0.619607843, 0.619607843, 0.619607843),
            (0.619607843, 0.619607843, 0.619607843),
            (0.619607843, 0.619607843, 0.619607843),
            (0.619607843, 0.619607843, 0.619607843),
            (0.619607843, 0.619607843, 0.619607843),
            (0.619607843, 0.619607843, 0.619607843),
            (0.619607843, 0.619607843, 0.619607843),
            (0.619607843, 0.619607843, 0.619607843),
            (0.619607843, 0.619607843, 0.619607843),
            (0.619607843, 0.619607843, 0.619607843),
            (0.619607843, 0.619607843, 0.619607843),
            (0.619607843, 0.619607843, 0.619607843),
            (0.619607843, 0.619607843, 0.619607843),
            (0.619607843, 0.619607843, 0.619607843),
            (0.619607843, 0.619607843, 0.619607843),
            (0.619607843, 0.619607843, 0.619607843),
            (0.619607843, 0.619607843, 0.619607843),
            (0.619607843, 0.619607843, 0.619607843),
            (0.619607843, 0.619607843, 0.619607843),
            (0.619607843, 0.619607843, 0.619607843),
            (0.619607843, 0.619607843, 0.619607843),
            (0.619607843, 0.619607843, 0.619607843),
            (0.619607843, 0.619607843, 0.619607843),
            (0.619607843, 0.619607843, 0.619607843),
            (0.619607843, 0.619607843, 0.619607843),
            (0.619607843, 0.619607843, 0.619607843),
            (0.619607843, 0.619607843, 0.619607843),
            (0.619607843, 0.619607843, 0.619607843),
            (0.619607843, 0.619607843, 0.619607843),
            (0.619607843, 0.619607843, 0.619607843),
            (0.619607843, 0.619607843, 0.619607843),
            (0.619607843, 0.619607843, 0.619607843),
            (0.619607843, 0.619607843, 0.619607843),
            (0.619607843, 0.619607843, 0.619607843),
            (0.619607843, 0.619607843, 0.619607843),
            (0.619607843, 0.619607843, 0.619607843),
            (0.619607843, 0.619607843, 0.619607843),
            (0.619607843, 0.619607843, 0.619607843),
            (0.619607843, 0.619607843, 0.619607843),
            (0.619607843, 0.619607843, 0.619607843),
            (0.619607843, 0.619607843, 0.619607843),
            (0.619607843, 0.619607843, 0.619607843),
            (0.619607843, 0.619607843, 0.619607843),
            (0.619607843, 0.619607843, 0.619607843),
            (0.619607843, 0.619607843, 0.619607843),
            (0.619607843, 0.619607843, 0.619607843),
            (0.619607843, 0.619607843, 0.619607843),
            (0.619607843, 0.619607843, 0.619607843),
            (0.619607843, 0.619607843, 0.619607843),
            (0.619607843, 0.619607843, 0.619607843),
            (0.619607843, 0.619607843, 0.619607843),
            (0.619607843, 0.619607843, 0.619607843),
            (0.619607843, 0.619607843, 0.619607843),
            (0.619607843, 0.619607843, 0.619607843),
            (0.619607843, 0.619607843, 0.619607843),
            (0.619607843, 0.619607843, 0.619607843),
            (0.619607843, 0.619607843, 0.619607843),
            (0.619607843, 0.619607843, 0.619607843),
            (0.619607843, 0.619607843, 0.619607843),
            (0.619607843, 0.619607843, 0.619607843),
            (0.619607843, 0.619607843, 0.619607843),
            (0.619607843, 0.619607843, 0.619607843),
            (0.619607843, 0.619607843, 0.619607843),
            (0.619607843, 0.619607843, 0.619607843),
            (0.619607843, 0.619607843, 0.619607843),
            (0.619607843, 0.619607843, 0.619607843),
            (0.619607843, 0.619607843, 0.619607843),
            (0.619607843, 0.619607843, 0.619607843),
            (0.619607843, 0.619607843, 0.619607843),
            (0.619607843, 0.619607843, 0.619607843),
            (0.619607843, 0.619607843, 0.619607843),
            (0.619607843, 0.619607843, 0.619607843),
            (0.619607843, 0.619607843, 0.619607843),
            (0.619607843, 0.619607843, 0.619607843),
            (0.619607843, 0.619607843, 0.619607843),
            (0.619607843, 0.619607843, 0.619607843),
            (0.619607843, 0.619607843, 0.619607843),
            (0.619607843, 0.619607843, 0.619607843),
            (0.619607843, 0.619607843, 0.619607843),
            (0.619607843, 0.619607843, 0.619607843),
            (0.619607843, 0.619607843, 0.619607843),
            (0.619607843, 0.619607843, 0.619607843),
            (0.619607843, 0.619607843, 0.619607843),
            (0.619607843, 0.619607843, 0.619607843),
            (0.619607843, 0.619607843, 0.619607843),
            (0.619607843, 0.619607843, 0.619607843),
            (0.619607843, 0.619607843, 0.619607843),
            (0.619607843, 0.619607843, 0.619607843),
            (0.619607843, 0.619607843, 0.619607843),
            (0.619607843, 0.619607843, 0.619607843),
            (0.619607843, 0.619607843, 0.619607843),
            (0.619607843, 0.619607843, 0.619607843),
            (0.619607843, 0.619607843, 0.619607843),
            (0.619607843, 0.619607843, 0.619607843),
            (0.619607843, 0.619607843, 0.619607843),
            (0.619607843, 0.619607843, 0.619607843),
            (0.619607843, 0.619607843, 0.619607843),
            (0.619607843, 0.619607843, 0.619607843),
            (0.619607843, 0.619607843, 0.619607843),
            (0.619607843, 0.619607843, 0.619607843),
            (0.619607843, 0.619607843, 0.619607843),
            (0.619607843, 0.619607843, 0.619607843),
            (0.619607843, 0.619607843, 0.619607843),
            (0.619607843, 0.619607843, 0.619607843),
            (0.619607843, 0.619607843, 0.619607843),
            (0.619607843, 0.619607843, 0.619607843),
            (0.619607843, 0.619607843, 0.619607843),
            (0.619607843, 0.619607843, 0.619607843),
            (0.619607843, 0.619607843, 0.619607843),
            (0.619607843, 0.619607843, 0.619607843),
            (0.619607843, 0.619607843, 0.619607843),
            (0.619607843, 0.619607843, 0.619607843),
            (0.619607843, 0.619607843, 0.619607843),
            (0.619607843, 0.619607843, 0.619607843),
            (0.619607843, 0.619607843, 0.619607843),
            (0.619607843, 0.619607843, 0.619607843),
            (0.619607843, 0.619607843, 0.619607843),
            (0.619607843, 0.619607843, 0.619607843),
            (0.619607843, 0.619607843, 0.619607843),
            (0.619607843, 0.619607843, 0.619607843),
            (0.619607843, 0.619607843, 0.619607843),
            (0.619607843, 0.619607843, 0.619607843),
            (0.619607843, 0.619607843, 0.619607843),
            (0.619607843, 0.619607843, 0.619607843),
            (0.619607843, 0.619607843, 0.619607843),
            (0.619607843, 0.619607843, 0.619607843),
            (0.619607843, 0.619607843, 0.619607843),
            (0.619607843, 0.619607843, 0.619607843),
            (0.619607843, 0.619607843, 0.619607843),
            (0.619607843, 0.619607843, 0.619607843),
            (0.619607843, 0.619607843, 0.619607843),
            (0.619607843, 0.619607843, 0.619607843),
            (0.619607843, 0.619607843, 0.619607843),
            (0.619607843, 0.619607843, 0.619607843),
            (0.619607843, 0.619607843, 0.619607843),
            (0.619607843, 0.619607843, 0.619607843),
            (0.619607843, 0.619607843, 0.619607843),
            (0.619607843, 0.619607843, 0.619607843),
            (0.619607843, 0.619607843, 0.619607843),
            (0.619607843, 0.619607843, 0.619607843),
            (0.619607843, 0.619607843, 0.619607843),
            (0.619607843, 0.619607843, 0.619607843),
            (0.619607843, 0.619607843, 0.619607843),
            (0.619607843, 0.619607843, 0.619607843),
            (0.619607843, 0.619607843, 0.619607843),
            (0.619607843, 0.619607843, 0.619607843),
            (0.619607843, 0.619607843, 0.619607843),
            (0.619607843, 0.619607843, 0.619607843),
            (0.619607843, 0.619607843, 0.619607843),
            (0.619607843, 0.619607843, 0.619607843),
            (0.619607843, 0.619607843, 0.619607843),
            (0.619607843, 0.619607843, 0.619607843),
            (0.619607843, 0.619607843, 0.619607843),
            (0.619607843, 0.619607843, 0.619607843),
            (0.619607843, 0.619607843, 0.619607843),
            (0.619607843, 0.619607843, 0.619607843),
            (0.619607843, 0.619607843, 0.619607843),
            (0.619607843, 0.619607843, 0.619607843),
            (0.619607843, 0.619607843, 0.619607843),
            (0.619607843, 0.619607843, 0.619607843),
            (0.619607843, 0.619607843, 0.619607843),
            (0.619607843, 0.619607843, 0.619607843),
            (0.619607843, 0.619607843, 0.619607843),
            (0.619607843, 0.619607843, 0.619607843),
            (0.619607843, 0.619607843, 0.619607843),
            (0.619607843, 0.619607843, 0.619607843),
            (0.619607843, 0.619607843, 0.619607843),
            (0.619607843, 0.619607843, 0.619607843),
            (0.619607843, 0.619607843, 0.619607843),
            (0.619607843, 0.619607843, 0.619607843),
            (0.619607843, 0.619607843, 0.619607843),
            (0.619607843, 0.619607843, 0.619607843),
            (0.619607843, 0.619607843, 0.619607843),
            (0.619607843, 0.619607843, 0.619607843),
            (0.619607843, 0.619607843, 0.619607843),
            (0.619607843, 0.619607843, 0.619607843),
            (0.619607843, 0.619607843, 0.619607843),
            (0.619607843, 0.619607843, 0.619607843),
            (0.619607843, 0.619607843, 0.619607843),
            (0.619607843, 0.619607843, 0.619607843),
            (0.619607843, 0.619607843, 0.619607843),
            (0.619607843, 0.619607843, 0.619607843),
            (0.619607843, 0.619607843, 0.619607843),
            (0.619607843, 0.619607843, 0.619607843),
            (0.619607843, 0.619607843, 0.619607843),
            (0.619607843, 0.619607843, 0.619607843),
            (0.619607843, 0.619607843, 0.619607843),
            (0.619607843, 0.619607843, 0.619607843),
            (0.619607843, 0.619607843, 0.619607843),
            (0.619607843, 0.619607843, 0.619607843),
            (0.619607843, 0.619607843, 0.619607843),
            (0.619607843, 0.619607843, 0.619607843),
            (0.619607843, 0.619607843, 0.619607843),
            (0.619607843, 0.619607843, 0.619607843),
            (0.619607843, 0.619607843, 0.619607843),
            (0.619607843, 0.619607843, 0.619607843),
            (0.619607843, 0.619607843, 0.619607843),
            (0.619607843, 0.619607843, 0.619607843),
            (0.619607843, 0.619607843, 0.619607843),
            (0.619607843, 0.619607843, 0.619607843),
            (0.619607843, 0.619607843, 0.619607843),
            (0.619607843, 0.619607843, 0.619607843),
            (0.619607843, 0.619607843, 0.619607843),
            (0.619607843, 0.619607843, 0.619607843),
            (0.619607843, 0.619607843, 0.619607843),
            (0.619607843, 0.619607843, 0.619607843),
            (0.619607843, 0.619607843, 0.619607843),
            (0.619607843, 0.619607843, 0.619607843),
            (0.619607843, 0.619607843, 0.619607843),
            (0.619607843, 0.619607843, 0.619607843),
            (0.619607843, 0.619607843, 0.619607843),
            (0.619607843, 0.619607843, 0.619607843),
            (0.619607843, 0.619607843, 0.619607843),
            (0.619607843, 0.619607843, 0.619607843),
            (0.619607843, 0.619607843, 0.619607843),
            (0.619607843, 0.619607843, 0.619607843),
            (0.619607843, 0.619607843, 0.619607843),
            (0.619607843, 0.619607843, 0.619607843),
            (0.619607843, 0.619607843, 0.619607843),
            (0.619607843, 0.619607843, 0.619607843),
            (0.619607843, 0.619607843, 0.619607843),
            (0.619607843, 0.619607843, 0.619607843),
            (0.619607843, 0.619607843, 0.619607843),
            (0.619607843, 0.619607843, 0.619607843),
            (0.619607843, 0.619607843, 0.619607843),
            (0.619607843, 0.619607843, 0.619607843),
            (0.619607843, 0.619607843, 0.619607843),
            (0.619607843, 0.619607843, 0.619607843),
            (0.619607843, 0.619607843, 0.619607843),
            (0.619607843, 0.619607843, 0.619607843),
            (0.619607843, 0.619607843, 0.619607843),
            (0.619607843, 0.619607843, 0.619607843),
            (0.619607843, 0.619607843, 0.619607843),
            (0.619607843, 0.619607843, 0.619607843),
            (0.619607843, 0.619607843, 0.619607843),
            (0.619607843, 0.619607843, 0.619607843),
            (0.619607843, 0.619607843, 0.619607843),
            (0.619607843, 0.619607843, 0.619607843),
            (0.619607843, 0.619607843, 0.619607843),
            (0.619607843, 0.619607843, 0.619607843),
            (0.619607843, 0.619607843, 0.619607843),
            (0.619607843, 0.619607843, 0.619607843),
            (0.619607843, 0.619607843, 0.619607843),
            (0.619607843, 0.619607843, 0.619607843),
            (0.619607843, 0.619607843, 0.619607843),
            (0.619607843, 0.619607843, 0.619607843),
            (0.619607843, 0.619607843, 0.619607843),
            (0.619607843, 0.619607843, 0.619607843),
            (0.619607843, 0.619607843, 0.619607843),
            (0.619607843, 0.619607843, 0.619607843),
            (0.619607843, 0.619607843, 0.619607843),
            (0.619607843, 0.619607843, 0.619607843),
            (0.619607843, 0.619607843, 0.619607843),
            (0.619607843, 0.619607843, 0.619607843),
            (0.619607843, 0.619607843, 0.619607843),
            (0.619607843, 0.619607843, 0.619607843),
            (0.619607843, 0.619607843, 0.619607843),
            (0.619607843, 0.619607843, 0.619607843),
            (0.619607843, 0.619607843, 0.619607843),
            (0.619607843, 0.619607843, 0.619607843),
            (0.619607843, 0.619607843, 0.619607843),
            (0.619607843, 0.619607843, 0.619607843),
            (0.619607843, 0.619607843, 0.619607843),
            (0.619607843, 0.619607843, 0.619607843),
            (0.619607843, 0.619607843, 0.619607843),
            (0.619607843, 0.619607843, 0.619607843),
            (0.619607843, 0.619607843, 0.619607843),
            (0.619607843, 0.619607843, 0.619607843),
            (0.619607843, 0.619607843, 0.619607843),
            (0.619607843, 0.619607843, 0.619607843),
            (0.619607843, 0.619607843, 0.619607843),
            (0.619607843, 0.619607843, 0.619607843),
            (0.619607843, 0.619607843, 0.619607843),
            (0.619607843, 0.619607843, 0.619607843),
            (0.619607843, 0.619607843, 0.619607843),
            (0.619607843, 0.619607843, 0.619607843),
            (0.619607843, 0.619607843, 0.619607843),
            (0.619607843, 0.619607843, 0.619607843),
            (0.619607843, 0.619607843, 0.619607843),
            (0.619607843, 0.619607843, 0.619607843),
            (0.619607843, 0.619607843, 0.619607843),
            (0.619607843, 0.619607843, 0.619607843),
            (0.619607843, 0.619607843, 0.619607843),
            (0.619607843, 0.619607843, 0.619607843),
            (0.619607843, 0.619607843, 0.619607843),
            (0.619607843, 0.619607843, 0.619607843),
            (0.619607843, 0.619607843, 0.619607843),
            (0.619607843, 0.619607843, 0.619607843),
            (0.619607843, 0.619607843, 0.619607843),
            (0.619607843, 0.619607843, 0.619607843),
            (0.619607843, 0.619607843, 0.619607843),
            (0.619607843, 0.619607843, 0.619607843),
            (0.619607843, 0.619607843, 0.619607843),
            (0.619607843, 0.619607843, 0.619607843),
            (0.619607843, 0.619607843, 0.619607843),
            (0.619607843, 0.619607843, 0.619607843),
            (0.619607843, 0.619607843, 0.619607843),
            (0.619607843, 0.619607843, 0.619607843),
            (0.619607843, 0.619607843, 0.619607843),
            (0.619607843, 0.619607843, 0.619607843),
            (0.619607843, 0.619607843, 0.619607843),
            (0.619607843, 0.619607843, 0.619607843),
            (0.619607843, 0.619607843, 0.619607843),
            (0.619607843, 0.619607843, 0.619607843),
            (0.619607843, 0.619607843, 0.619607843),
            (0.619607843, 0.619607843, 0.619607843),
            (0.619607843, 0.619607843, 0.619607843),
            (0.619607843, 0.619607843, 0.619607843),
            (0.619607843, 0.619607843, 0.619607843),
            (0.619607843, 0.619607843, 0.619607843),
            (0.619607843, 0.619607843, 0.619607843),
            (0.619607843, 0.619607843, 0.619607843),
            (0.619607843, 0.619607843, 0.619607843),
            (0.619607843, 0.619607843, 0.619607843),
            (0.619607843, 0.619607843, 0.619607843),
            (0.619607843, 0.619607843, 0.619607843),
            (0.619607843, 0.619607843, 0.619607843),
            (0.619607843, 0.619607843, 0.619607843),
            (0.619607843, 0.619607843, 0.619607843),
            (0.619607843, 0.619607843, 0.619607843),
            (0.619607843, 0.619607843, 0.619607843),
            (0.619607843, 0.619607843, 0.619607843),
            (0.619607843, 0.619607843, 0.619607843),
            (0.619607843, 0.619607843, 0.619607843),
            (0.619607843, 0.619607843, 0.619607843),
            (0.619607843, 0.619607843, 0.619607843),
            (0.619607843, 0.619607843, 0.619607843),
            (0.619607843, 0.619607843, 0.619607843),
            (0.619607843, 0.619607843, 0.619607843),
            (0.619607843, 0.619607843, 0.619607843),
            (0.619607843, 0.619607843, 0.619607843),
            (0.619607843, 0.619607843, 0.619607843),
            (0.619607843, 0.619607843, 0.619607843),
            (0.619607843, 0.619607843, 0.619607843),
            (0.619607843, 0.619607843, 0.619607843),
            (0.619607843, 0.619607843, 0.619607843),
            (0.619607843, 0.619607843, 0.619607843),
            (0.619607843, 0.619607843, 0.619607843),
            (0.619607843, 0.619607843, 0.619607843),
            (0.619607843, 0.619607843, 0.619607843),
            (0.619607843, 0.619607843, 0.619607843),
            (0.619607843, 0.619607843, 0.619607843),
            (0.619607843, 0.619607843, 0.619607843),
            (0.619607843, 0.619607843, 0.619607843),
            (0.619607843, 0.619607843, 0.619607843),
            (0.619607843, 0.619607843, 0.619607843),
            (0.619607843, 0.619607843, 0.619607843),
            (0.619607843, 0.619607843, 0.619607843),
            (0.619607843, 0.619607843, 0.619607843),
            (0.619607843, 0.619607843, 0.619607843),
            (0.619607843, 0.619607843, 0.619607843),
            (0.619607843, 0.619607843, 0.619607843),
            (0.619607843, 0.619607843, 0.619607843),
            (0.619607843, 0.619607843, 0.619607843),
            (0.619607843, 0.619607843, 0.619607843),
            (0.619607843, 0.619607843, 0.619607843),
            (0.619607843, 0.619607843, 0.619607843),
            (0.619607843, 0.619607843, 0.619607843),
            (0.619607843, 0.619607843, 0.619607843),
            (0.619607843, 0.619607843, 0.619607843),
            (0.619607843, 0.619607843, 0.619607843),
            (0.619607843, 0.619607843, 0.619607843),
            (0.619607843, 0.619607843, 0.619607843),
            (0.619607843, 0.619607843, 0.619607843),
            (0.619607843, 0.619607843, 0.619607843),
            (0.619607843, 0.619607843, 0.619607843),
            (0.619607843, 0.619607843, 0.619607843),
            (0.619607843, 0.619607843, 0.619607843),
            (0.619607843, 0.619607843, 0.619607843),
            (0.619607843, 0.619607843, 0.619607843),
            (0.619607843, 0.619607843, 0.619607843),
            (0.619607843, 0.619607843, 0.619607843),
            (0.619607843, 0.619607843, 0.619607843),
            (0.619607843, 0.619607843, 0.619607843),
            (0.619607843, 0.619607843, 0.619607843),
            (0.619607843, 0.619607843, 0.619607843),
            (0.619607843, 0.619607843, 0.619607843),
            (0.619607843, 0.619607843, 0.619607843),
            (0.619607843, 0.619607843, 0.619607843),
            (0.619607843, 0.619607843, 0.619607843),
            (0.619607843, 0.619607843, 0.619607843),
            (0.619607843, 0.619607843, 0.619607843),
            (0.619607843, 0.619607843, 0.619607843),
            (0.619607843, 0.619607843, 0.619607843),
            (0.619607843, 0.619607843, 0.619607843),
            (0.619607843, 0.619607843, 0.619607843),
            (0.619607843, 0.619607843, 0.619607843),
            (0.619607843, 0.619607843, 0.619607843),
            (0.619607843, 0.619607843, 0.619607843),
            (0.619607843, 0.619607843, 0.619607843),
            (0.619607843, 0.619607843, 0.619607843),
            (0.619607843, 0.619607843, 0.619607843),
            (0.619607843, 0.619607843, 0.619607843),
            (0.619607843, 0.619607843, 0.619607843),
            (0.619607843, 0.619607843, 0.619607843),
            (0.619607843, 0.619607843, 0.619607843),
            (0.619607843, 0.619607843, 0.619607843),
            (0.619607843, 0.619607843, 0.619607843),
            (0.619607843, 0.619607843, 0.619607843),
            (0.619607843, 0.619607843, 0.619607843),
            (0.619607843, 0.619607843, 0.619607843),
            (0.619607843, 0.619607843, 0.619607843),
            (0.619607843, 0.619607843, 0.619607843),
            (0.619607843, 0.619607843, 0.619607843),
            (0.619607843, 0.619607843, 0.619607843),
            (0.619607843, 0.619607843, 0.619607843),
            (0.619607843, 0.619607843, 0.619607843),
            (0.619607843, 0.619607843, 0.619607843),
            (0.619607843, 0.619607843, 0.619607843),
            (0.619607843, 0.619607843, 0.619607843),
            (0.619607843, 0.619607843, 0.619607843),
            (0.619607843, 0.619607843, 0.619607843),
            (0.619607843, 0.619607843, 0.619607843),
            (0.619607843, 0.619607843, 0.619607843),
            (0.619607843, 0.619607843, 0.619607843),
            (0.619607843, 0.619607843, 0.619607843),
            (0.619607843, 0.619607843, 0.619607843),
            (0.619607843, 0.619607843, 0.619607843),
            (0.619607843, 0.619607843, 0.619607843),
            (0.619607843, 0.619607843, 0.619607843),
            (0.619607843, 0.619607843, 0.619607843),
            (0.933333333, 0.933333333, 0.933333333),
            (0.933333333, 0.933333333, 0.933333333),
            (0.933333333, 0.933333333, 0.933333333),
            (0.933333333, 0.933333333, 0.933333333),
            (0.933333333, 0.933333333, 0.933333333),
            (0.933333333, 0.933333333, 0.933333333),
            (0.933333333, 0.933333333, 0.933333333),
            (0.933333333, 0.933333333, 0.933333333),
            (0.933333333, 0.933333333, 0.933333333),
            (0.933333333, 0.933333333, 0.933333333),
            (0.933333333, 0.933333333, 0.933333333),
            (0.933333333, 0.933333333, 0.933333333),
            (0.933333333, 0.933333333, 0.933333333),
            (0.933333333, 0.933333333, 0.933333333),
            (0.933333333, 0.933333333, 0.933333333),
            (0.933333333, 0.933333333, 0.933333333),
            (0.933333333, 0.933333333, 0.933333333),
            (0.933333333, 0.933333333, 0.933333333),
            (0.933333333, 0.933333333, 0.933333333),
            (0.933333333, 0.933333333, 0.933333333),
            (0.933333333, 0.933333333, 0.933333333),
            (0.933333333, 0.933333333, 0.933333333),
            (0.933333333, 0.933333333, 0.933333333),
            (0.933333333, 0.933333333, 0.933333333),
            (0.933333333, 0.933333333, 0.933333333),
            (0.933333333, 0.933333333, 0.933333333),
            (0.933333333, 0.933333333, 0.933333333),
            (0.933333333, 0.933333333, 0.933333333),
            (0.933333333, 0.933333333, 0.933333333),
            (0.933333333, 0.933333333, 0.933333333),
            (0.933333333, 0.933333333, 0.933333333),
            (0.933333333, 0.933333333, 0.933333333),
            (0.933333333, 0.933333333, 0.933333333),
            (0.933333333, 0.933333333, 0.933333333),
            (0.933333333, 0.933333333, 0.933333333),
            (0.933333333, 0.933333333, 0.933333333),
            (0.933333333, 0.933333333, 0.933333333),
            (0.933333333, 0.933333333, 0.933333333),
            (0.933333333, 0.933333333, 0.933333333),
            (0.933333333, 0.933333333, 0.933333333),
            (0.933333333, 0.933333333, 0.933333333),
            (0.933333333, 0.933333333, 0.933333333),
            (0.933333333, 0.933333333, 0.933333333),
            (0.933333333, 0.933333333, 0.933333333),
            (0.933333333, 0.933333333, 0.933333333),
            (0.933333333, 0.933333333, 0.933333333),
            (0.933333333, 0.933333333, 0.933333333),
            (0.933333333, 0.933333333, 0.933333333),
            (0.933333333, 0.933333333, 0.933333333),
            (0.933333333, 0.933333333, 0.933333333),
            (0.933333333, 0.933333333, 0.933333333),
            (0.933333333, 0.933333333, 0.933333333),
            (0.933333333, 0.933333333, 0.933333333),
            (0.933333333, 0.933333333, 0.933333333),
            (0.933333333, 0.933333333, 0.933333333),
            (0.933333333, 0.933333333, 0.933333333),
            (0.933333333, 0.933333333, 0.933333333),
            (0.933333333, 0.933333333, 0.933333333),
            (0.933333333, 0.933333333, 0.933333333),
            (0.933333333, 0.933333333, 0.933333333),
            (0.933333333, 0.933333333, 0.933333333),
            (0.933333333, 0.933333333, 0.933333333),
            (0.933333333, 0.933333333, 0.933333333),
            (0.933333333, 0.933333333, 0.933333333),
            (0.933333333, 0.933333333, 0.933333333),
            (0.933333333, 0.933333333, 0.933333333),
            (0.933333333, 0.933333333, 0.933333333),
            (0.933333333, 0.933333333, 0.933333333),
            (0.933333333, 0.933333333, 0.933333333),
            (0.933333333, 0.933333333, 0.933333333),
            (0.933333333, 0.933333333, 0.933333333),
            (0.933333333, 0.933333333, 0.933333333),
            (0.933333333, 0.933333333, 0.933333333),
            (0.933333333, 0.933333333, 0.933333333),
            (0.933333333, 0.933333333, 0.933333333),
            (0.933333333, 0.933333333, 0.933333333),
            (0.933333333, 0.933333333, 0.933333333),
            (0.933333333, 0.933333333, 0.933333333),
            (0.933333333, 0.933333333, 0.933333333),
            (0.933333333, 0.933333333, 0.933333333),
            (0.933333333, 0.933333333, 0.933333333),
            (0.933333333, 0.933333333, 0.933333333),
            (0.933333333, 0.933333333, 0.933333333),
            (0.933333333, 0.933333333, 0.933333333),
            (0.933333333, 0.933333333, 0.933333333),
            (0.933333333, 0.933333333, 0.933333333),
            (0.933333333, 0.933333333, 0.933333333),
            (0.933333333, 0.933333333, 0.933333333),
            (0.933333333, 0.933333333, 0.933333333),
            (0.933333333, 0.933333333, 0.933333333),
            (0.933333333, 0.933333333, 0.933333333),
            (0.933333333, 0.933333333, 0.933333333),
            (0.933333333, 0.933333333, 0.933333333),
            (0.933333333, 0.933333333, 0.933333333),
            (0.933333333, 0.933333333, 0.933333333),
            (0.933333333, 0.933333333, 0.933333333),
            (0.933333333, 0.933333333, 0.933333333),
            (0.933333333, 0.933333333, 0.933333333),
            (0.933333333, 0.933333333, 0.933333333),
            (0.933333333, 0.933333333, 0.933333333),
            (0.933333333, 0.933333333, 0.933333333),
            (0.933333333, 0.933333333, 0.933333333),
            (0.933333333, 0.933333333, 0.933333333),
            (0.933333333, 0.933333333, 0.933333333),
            (0.933333333, 0.933333333, 0.933333333),
            (0.933333333, 0.933333333, 0.933333333),
            (0.933333333, 0.933333333, 0.933333333),
            (0.933333333, 0.933333333, 0.933333333),
            (0.933333333, 0.933333333, 0.933333333),
            (0.933333333, 0.933333333, 0.933333333),
            (0.933333333, 0.933333333, 0.933333333),
            (0.933333333, 0.933333333, 0.933333333),
            (0.933333333, 0.933333333, 0.933333333),
            (0.933333333, 0.933333333, 0.933333333),
            (0.933333333, 0.933333333, 0.933333333),
            (0.933333333, 0.933333333, 0.933333333),
            (0.933333333, 0.933333333, 0.933333333),
            (0.933333333, 0.933333333, 0.933333333),
            (0.933333333, 0.933333333, 0.933333333),
            (0.933333333, 0.933333333, 0.933333333),
            (0.933333333, 0.933333333, 0.933333333),
            (0.933333333, 0.933333333, 0.933333333),
            (0.933333333, 0.933333333, 0.933333333),
            (0.933333333, 0.933333333, 0.933333333),
            (0.933333333, 0.933333333, 0.933333333),
            (0.933333333, 0.933333333, 0.933333333),
            (0.933333333, 0.933333333, 0.933333333),
            (0.933333333, 0.933333333, 0.933333333),
            (0.933333333, 0.933333333, 0.933333333),
            (0.933333333, 0.933333333, 0.933333333),
            (0.933333333, 0.933333333, 0.933333333),
            (0.933333333, 0.933333333, 0.933333333),
            (0.933333333, 0.933333333, 0.933333333),
            (0.933333333, 0.933333333, 0.933333333),
            (0.933333333, 0.933333333, 0.933333333),
            (0.933333333, 0.933333333, 0.933333333),
            (0.933333333, 0.933333333, 0.933333333),
            (0.933333333, 0.933333333, 0.933333333),
            (0.933333333, 0.933333333, 0.933333333),
            (0.933333333, 0.933333333, 0.933333333),
            (0.933333333, 0.933333333, 0.933333333),
            (0.933333333, 0.933333333, 0.933333333),
            (0.933333333, 0.933333333, 0.933333333),
            (0.933333333, 0.933333333, 0.933333333),
            (0.933333333, 0.933333333, 0.933333333),
            (0.933333333, 0.933333333, 0.933333333),
            (0.933333333, 0.933333333, 0.933333333),
            (0.933333333, 0.933333333, 0.933333333),
            (0.933333333, 0.933333333, 0.933333333),
            (0.933333333, 0.933333333, 0.933333333),
            (0.933333333, 0.933333333, 0.933333333),
            (0.933333333, 0.933333333, 0.933333333),
            (0.933333333, 0.933333333, 0.933333333),
            (0.933333333, 0.933333333, 0.933333333),
            (0.933333333, 0.933333333, 0.933333333),
            (0.933333333, 0.933333333, 0.933333333),
            (0.933333333, 0.933333333, 0.933333333),
            (0.933333333, 0.933333333, 0.933333333),
            (0.933333333, 0.933333333, 0.933333333),
            (0.933333333, 0.933333333, 0.933333333),
            (0.933333333, 0.933333333, 0.933333333),
            (0.933333333, 0.933333333, 0.933333333),
            (0.933333333, 0.933333333, 0.933333333),
            (0.933333333, 0.933333333, 0.933333333),
            (0.933333333, 0.933333333, 0.933333333),
            (0.933333333, 0.933333333, 0.933333333),
            (0.933333333, 0.933333333, 0.933333333),
            (0.933333333, 0.933333333, 0.933333333),
            (0.933333333, 0.933333333, 0.933333333),
            (0.933333333, 0.933333333, 0.933333333),
            (0.933333333, 0.933333333, 0.933333333),
            (0.933333333, 0.933333333, 0.933333333),
            (0.933333333, 0.933333333, 0.933333333),
            (0.933333333, 0.933333333, 0.933333333),
            (0.933333333, 0.933333333, 0.933333333),
            (0.933333333, 0.933333333, 0.933333333),
            (0.933333333, 0.933333333, 0.933333333),
            (0.933333333, 0.933333333, 0.933333333),
            (0.933333333, 0.933333333, 0.933333333),
            (0.933333333, 0.933333333, 0.933333333),
            (0.933333333, 0.933333333, 0.933333333),
            (0.933333333, 0.933333333, 0.933333333),
            (0.933333333, 0.933333333, 0.933333333),
            (0.933333333, 0.933333333, 0.933333333),
            (0.933333333, 0.933333333, 0.933333333),
            (0.933333333, 0.933333333, 0.933333333),
            (0.933333333, 0.933333333, 0.933333333),
            (0.933333333, 0.933333333, 0.933333333),
            (0.933333333, 0.933333333, 0.933333333),
            (0.933333333, 0.933333333, 0.933333333),
            (0.933333333, 0.933333333, 0.933333333),
            (0.933333333, 0.933333333, 0.933333333),
            (0.933333333, 0.933333333, 0.933333333),
            (0.933333333, 0.933333333, 0.933333333),
            (0.933333333, 0.933333333, 0.933333333),
            (0.933333333, 0.933333333, 0.933333333),
            (0.933333333, 0.933333333, 0.933333333),
            (0.933333333, 0.933333333, 0.933333333),
            (0.933333333, 0.933333333, 0.933333333),
            (0.933333333, 0.933333333, 0.933333333),
            (0.933333333, 0.933333333, 0.933333333),
            (0.933333333, 0.933333333, 0.933333333),
            (0.933333333, 0.933333333, 0.933333333),
            (0.933333333, 0.933333333, 0.933333333),
            (0.933333333, 0.933333333, 0.933333333),
            (0.933333333, 0.933333333, 0.933333333),
            (0.933333333, 0.933333333, 0.933333333),
            (0.933333333, 0.933333333, 0.933333333),
            (0.933333333, 0.933333333, 0.933333333),
            (0.933333333, 0.933333333, 0.933333333),
            (0.933333333, 0.933333333, 0.933333333),
            (0.933333333, 0.933333333, 0.933333333),
            (0.933333333, 0.933333333, 0.933333333),
            (0.933333333, 0.933333333, 0.933333333),
            (0.933333333, 0.933333333, 0.933333333),
            (0.933333333, 0.933333333, 0.933333333),
            (0.933333333, 0.933333333, 0.933333333),
            (0.933333333, 0.933333333, 0.933333333),
            (0.933333333, 0.933333333, 0.933333333),
            (0.933333333, 0.933333333, 0.933333333),
            (0.933333333, 0.933333333, 0.933333333),
            (0.933333333, 0.933333333, 0.933333333),
            (0.933333333, 0.933333333, 0.933333333),
            (0.933333333, 0.933333333, 0.933333333),
            (0.933333333, 0.933333333, 0.933333333),
            (0.933333333, 0.933333333, 0.933333333),
            (0.933333333, 0.933333333, 0.933333333),
            (0.933333333, 0.933333333, 0.933333333),
            (0.933333333, 0.933333333, 0.933333333),
            (0.933333333, 0.933333333, 0.933333333),
            (0.933333333, 0.933333333, 0.933333333),
            (0.933333333, 0.933333333, 0.933333333),
            (0.933333333, 0.933333333, 0.933333333),
            (0.933333333, 0.933333333, 0.933333333),
            (0.933333333, 0.933333333, 0.933333333),
            (0.933333333, 0.933333333, 0.933333333),
            (0.933333333, 0.933333333, 0.933333333),
            (0.933333333, 0.933333333, 0.933333333),
            (0.933333333, 0.933333333, 0.933333333),
            (0.933333333, 0.933333333, 0.933333333),
            (0.933333333, 0.933333333, 0.933333333),
            (0.933333333, 0.933333333, 0.933333333),
            (0.933333333, 0.933333333, 0.933333333),
            (0.933333333, 0.933333333, 0.933333333),
            (0.933333333, 0.933333333, 0.933333333),
            (0.933333333, 0.933333333, 0.933333333),
            (0.933333333, 0.933333333, 0.933333333),
            (0.933333333, 0.933333333, 0.933333333),
            (0.933333333, 0.933333333, 0.933333333),
            (0.933333333, 0.933333333, 0.933333333),
            (0.933333333, 0.933333333, 0.933333333),
            (0.933333333, 0.933333333, 0.933333333),
            (0.933333333, 0.933333333, 0.933333333),
            (0.933333333, 0.933333333, 0.933333333),
            (0.933333333, 0.933333333, 0.933333333),
            (0.933333333, 0.933333333, 0.933333333),
            (0.933333333, 0.933333333, 0.933333333),
            (0.933333333, 0.933333333, 0.933333333),
            (0.933333333, 0.933333333, 0.933333333),
            (0.933333333, 0.933333333, 0.933333333),
            (0.933333333, 0.933333333, 0.933333333),
            (0.933333333, 0.933333333, 0.933333333),
            (0.933333333, 0.933333333, 0.933333333),
            (0.933333333, 0.933333333, 0.933333333),
            (0.933333333, 0.933333333, 0.933333333),
            (0.933333333, 0.933333333, 0.933333333),
            (0.933333333, 0.933333333, 0.933333333),
            (0.933333333, 0.933333333, 0.933333333),
            (0.933333333, 0.933333333, 0.933333333),
            (0.933333333, 0.933333333, 0.933333333),
            (0.933333333, 0.933333333, 0.933333333),
            (0.933333333, 0.933333333, 0.933333333),
            (0.933333333, 0.933333333, 0.933333333),
            (0.933333333, 0.933333333, 0.933333333),
            (0.933333333, 0.933333333, 0.933333333),
            (0.933333333, 0.933333333, 0.933333333),
            (0.933333333, 0.933333333, 0.933333333),
            (0.933333333, 0.933333333, 0.933333333),
            (0.933333333, 0.933333333, 0.933333333),
            (0.933333333, 0.933333333, 0.933333333),
            (0.933333333, 0.933333333, 0.933333333),
            (0.933333333, 0.933333333, 0.933333333),
            (0.933333333, 0.933333333, 0.933333333),
            (0.933333333, 0.933333333, 0.933333333),
            (0.933333333, 0.933333333, 0.933333333),
            (0.933333333, 0.933333333, 0.933333333),
            (0.933333333, 0.933333333, 0.933333333),
            (0.933333333, 0.933333333, 0.933333333),
            (0.933333333, 0.933333333, 0.933333333),
            (0.933333333, 0.933333333, 0.933333333),
            (0.933333333, 0.933333333, 0.933333333),
            (0.933333333, 0.933333333, 0.933333333),
            (0.933333333, 0.933333333, 0.933333333),
            (0.933333333, 0.933333333, 0.933333333),
            (0.933333333, 0.933333333, 0.933333333),
            (0.933333333, 0.933333333, 0.933333333),
            (0.933333333, 0.933333333, 0.933333333),
            (0.933333333, 0.933333333, 0.933333333),
            (0.933333333, 0.933333333, 0.933333333),
            (0.933333333, 0.933333333, 0.933333333),
            (0.933333333, 0.933333333, 0.933333333),
            (0.933333333, 0.933333333, 0.933333333),
            (0.933333333, 0.933333333, 0.933333333),
            (0.933333333, 0.933333333, 0.933333333),
            (0.933333333, 0.933333333, 0.933333333),
            (0.933333333, 0.933333333, 0.933333333),
            (0.933333333, 0.933333333, 0.933333333),
            (0.933333333, 0.933333333, 0.933333333),
            (0.933333333, 0.933333333, 0.933333333),
            (0.933333333, 0.933333333, 0.933333333),
            (0.933333333, 0.933333333, 0.933333333),
            (0.933333333, 0.933333333, 0.933333333),
            (0.933333333, 0.933333333, 0.933333333),
            (0.933333333, 0.933333333, 0.933333333),
            (0.933333333, 0.933333333, 0.933333333),
            (0.933333333, 0.933333333, 0.933333333),
            (0.933333333, 0.933333333, 0.933333333),
            (0.933333333, 0.933333333, 0.933333333),
            (0.933333333, 0.933333333, 0.933333333),
            (0.933333333, 0.933333333, 0.933333333),
            (0.933333333, 0.933333333, 0.933333333),
            (0.933333333, 0.933333333, 0.933333333),
            (0.933333333, 0.933333333, 0.933333333),
            (0.933333333, 0.933333333, 0.933333333),
            (0.933333333, 0.933333333, 0.933333333),
            (0.933333333, 0.933333333, 0.933333333),
            (0.933333333, 0.933333333, 0.933333333),
            (0.933333333, 0.933333333, 0.933333333),
            (0.933333333, 0.933333333, 0.933333333),
            (0.933333333, 0.933333333, 0.933333333),
            (0.933333333, 0.933333333, 0.933333333),
            (0.933333333, 0.933333333, 0.933333333),
            (0.933333333, 0.933333333, 0.933333333),
            (0.933333333, 0.933333333, 0.933333333),
            (0.933333333, 0.933333333, 0.933333333),
            (0.933333333, 0.933333333, 0.933333333),
            (0.933333333, 0.933333333, 0.933333333),
            (0.933333333, 0.933333333, 0.933333333),
            (0.933333333, 0.933333333, 0.933333333),
            (0.933333333, 0.933333333, 0.933333333),
            (0.933333333, 0.933333333, 0.933333333),
            (0.933333333, 0.933333333, 0.933333333),
            (0.933333333, 0.933333333, 0.933333333),
            (0.933333333, 0.933333333, 0.933333333),
            (0.933333333, 0.933333333, 0.933333333),
            (0.933333333, 0.933333333, 0.933333333),
            (0.933333333, 0.933333333, 0.933333333),
            (0.933333333, 0.933333333, 0.933333333),
            (0.933333333, 0.933333333, 0.933333333),
            (0.933333333, 0.933333333, 0.933333333),
            (0.933333333, 0.933333333, 0.933333333),
            (0.933333333, 0.933333333, 0.933333333),
            (0.933333333, 0.933333333, 0.933333333),
            (0.933333333, 0.933333333, 0.933333333),
            (0.933333333, 0.933333333, 0.933333333),
            (0.933333333, 0.933333333, 0.933333333),
            (0.933333333, 0.933333333, 0.933333333),
            (0.933333333, 0.933333333, 0.933333333),
            (0.933333333, 0.933333333, 0.933333333),
            (0.933333333, 0.933333333, 0.933333333),
            (0.933333333, 0.933333333, 0.933333333),
            (0.933333333, 0.933333333, 0.933333333),
            (0.933333333, 0.933333333, 0.933333333),
            (0.933333333, 0.933333333, 0.933333333),
            (0.933333333, 0.933333333, 0.933333333),
            (0.933333333, 0.933333333, 0.933333333),
            (0.933333333, 0.933333333, 0.933333333),
            (0.933333333, 0.933333333, 0.933333333),
            (0.933333333, 0.933333333, 0.933333333),
            (0.933333333, 0.933333333, 0.933333333),
            (0.933333333, 0.933333333, 0.933333333),
            (0.933333333, 0.933333333, 0.933333333),
            (0.933333333, 0.933333333, 0.933333333),
            (0.933333333, 0.933333333, 0.933333333),
            (0.933333333, 0.933333333, 0.933333333),
            (0.933333333, 0.933333333, 0.933333333),
            (0.933333333, 0.933333333, 0.933333333),
            (0.933333333, 0.933333333, 0.933333333),
            (0.933333333, 0.933333333, 0.933333333),
            (0.933333333, 0.933333333, 0.933333333),
            (0.933333333, 0.933333333, 0.933333333),
            (0.933333333, 0.933333333, 0.933333333),
            (0.933333333, 0.933333333, 0.933333333),
            (0.933333333, 0.933333333, 0.933333333),
            (0.933333333, 0.933333333, 0.933333333),
            (0.933333333, 0.933333333, 0.933333333),
            (0.933333333, 0.933333333, 0.933333333),
            (0.933333333, 0.933333333, 0.933333333),
            (0.933333333, 0.933333333, 0.933333333),
            (0.933333333, 0.933333333, 0.933333333),
            (0.933333333, 0.933333333, 0.933333333),
            (0.933333333, 0.933333333, 0.933333333),
            (0.933333333, 0.933333333, 0.933333333),
            (0.933333333, 0.933333333, 0.933333333),
            (0.933333333, 0.933333333, 0.933333333),
            (0.933333333, 0.933333333, 0.933333333),
            (0.933333333, 0.933333333, 0.933333333),
            (0.933333333, 0.933333333, 0.933333333),
            (0.933333333, 0.933333333, 0.933333333),
            (0.933333333, 0.933333333, 0.933333333),
            (0.933333333, 0.933333333, 0.933333333),
            (0.933333333, 0.933333333, 0.933333333),
            (0.933333333, 0.933333333, 0.933333333),
            (0.933333333, 0.933333333, 0.933333333),
            (0.933333333, 0.933333333, 0.933333333),
            (0.933333333, 0.933333333, 0.933333333),
            (0.933333333, 0.933333333, 0.933333333),
            (0.933333333, 0.933333333, 0.933333333),
            (0.933333333, 0.933333333, 0.933333333),
            (0.933333333, 0.933333333, 0.933333333),
            (0.933333333, 0.933333333, 0.933333333),
            (0.933333333, 0.933333333, 0.933333333),
            (0.933333333, 0.933333333, 0.933333333),
            (0.933333333, 0.933333333, 0.933333333),
            (0.933333333, 0.933333333, 0.933333333),
            (0.933333333, 0.933333333, 0.933333333),
            (0.933333333, 0.933333333, 0.933333333),
            (0.933333333, 0.933333333, 0.933333333),
            (0.933333333, 0.933333333, 0.933333333),
            (0.933333333, 0.933333333, 0.933333333),
            (0.933333333, 0.933333333, 0.933333333),
            (0.933333333, 0.933333333, 0.933333333),
            (0.933333333, 0.933333333, 0.933333333),
            (0.933333333, 0.933333333, 0.933333333),
            (0.933333333, 0.933333333, 0.933333333),
            (0.933333333, 0.933333333, 0.933333333),
            (0.933333333, 0.933333333, 0.933333333),
            (0.933333333, 0.933333333, 0.933333333),
            (0.933333333, 0.933333333, 0.933333333),
            (0.933333333, 0.933333333, 0.933333333),
            (0.933333333, 0.933333333, 0.933333333),
            (0.933333333, 0.933333333, 0.933333333),
            (0.933333333, 0.933333333, 0.933333333),
            (0.933333333, 0.933333333, 0.933333333),
            (0.933333333, 0.933333333, 0.933333333),
            (0.933333333, 0.933333333, 0.933333333),
            (0.933333333, 0.933333333, 0.933333333),
            (0.933333333, 0.933333333, 0.933333333),
            (0.933333333, 0.933333333, 0.933333333),
            (0.933333333, 0.933333333, 0.933333333),
            (0.933333333, 0.933333333, 0.933333333),
            (0.933333333, 0.933333333, 0.933333333),
            (0.933333333, 0.933333333, 0.933333333),
            (0.933333333, 0.933333333, 0.933333333),
            (0.933333333, 0.933333333, 0.933333333),
            (0.933333333, 0.933333333, 0.933333333),
            (0.933333333, 0.933333333, 0.933333333),
            (0.933333333, 0.933333333, 0.933333333),
            (0.933333333, 0.933333333, 0.933333333),
            (0.933333333, 0.933333333, 0.933333333),
            (0.933333333, 0.933333333, 0.933333333),
            (0.933333333, 0.933333333, 0.933333333),
            (0.933333333, 0.933333333, 0.933333333),
            (0.933333333, 0.933333333, 0.933333333),
            (0.933333333, 0.933333333, 0.933333333),
            (0.933333333, 0.933333333, 0.933333333),
            (0.933333333, 0.933333333, 0.933333333),
            (0.933333333, 0.933333333, 0.933333333),
            (0.933333333, 0.933333333, 0.933333333),
            (0.933333333, 0.933333333, 0.933333333),
            (0.933333333, 0.933333333, 0.933333333),
            (0.933333333, 0.933333333, 0.933333333),
            (0.933333333, 0.933333333, 0.933333333),
            (0.933333333, 0.933333333, 0.933333333),
            (0.933333333, 0.933333333, 0.933333333),
            (0.933333333, 0.933333333, 0.933333333),
            (0.933333333, 0.933333333, 0.933333333),
            (0.933333333, 0.933333333, 0.933333333),
            (0.933333333, 0.933333333, 0.933333333),
            (0.933333333, 0.933333333, 0.933333333),
            (0.933333333, 0.933333333, 0.933333333),
            (0.933333333, 0.933333333, 0.933333333),
            (0.933333333, 0.933333333, 0.933333333),
            (0.933333333, 0.933333333, 0.933333333),
            (0.933333333, 0.933333333, 0.933333333),
            (0.933333333, 0.933333333, 0.933333333),
            (0.933333333, 0.933333333, 0.933333333),
            (0.933333333, 0.933333333, 0.933333333),
            (0.933333333, 0.933333333, 0.933333333),
            (0.933333333, 0.933333333, 0.933333333),
            (0.933333333, 0.933333333, 0.933333333),
            (0.933333333, 0.933333333, 0.933333333),
            (0.933333333, 0.933333333, 0.933333333),
            (0.933333333, 0.933333333, 0.933333333),
            (0.933333333, 0.933333333, 0.933333333),
            (0.933333333, 0.933333333, 0.933333333),
            (0.933333333, 0.933333333, 0.933333333),
            (0.933333333, 0.933333333, 0.933333333),
            (0.933333333, 0.933333333, 0.933333333),
            (0.933333333, 0.933333333, 0.933333333),
            (0.933333333, 0.933333333, 0.933333333),
            (0.933333333, 0.933333333, 0.933333333),
            (0.933333333, 0.933333333, 0.933333333),
            (0.933333333, 0.933333333, 0.933333333),
            (0.933333333, 0.933333333, 0.933333333),
            (0.933333333, 0.933333333, 0.933333333),
            (0.933333333, 0.933333333, 0.933333333),
            (0.933333333, 0.933333333, 0.933333333),
            (0.933333333, 0.933333333, 0.933333333),
            (0.933333333, 0.933333333, 0.933333333),
            (0.933333333, 0.933333333, 0.933333333),
            (0.933333333, 0.933333333, 0.933333333),
            (0.933333333, 0.933333333, 0.933333333),
            (0.933333333, 0.933333333, 0.933333333),
            (0.933333333, 0.933333333, 0.933333333),
            (0.933333333, 0.933333333, 0.933333333),
            (0.933333333, 0.933333333, 0.933333333),
            (0.933333333, 0.933333333, 0.933333333),
            (0.933333333, 0.933333333, 0.933333333),
            (0.933333333, 0.933333333, 0.933333333),
            (0.933333333, 0.933333333, 0.933333333),
            (0.933333333, 0.933333333, 0.933333333),
            (0.933333333, 0.933333333, 0.933333333),
            (0.933333333, 0.933333333, 0.933333333),
            (0.933333333, 0.933333333, 0.933333333),
            (0.933333333, 0.933333333, 0.933333333),
            (0.933333333, 0.933333333, 0.933333333),
            (0.933333333, 0.933333333, 0.933333333),
            (0.933333333, 0.933333333, 0.933333333),
            (0.933333333, 0.933333333, 0.933333333),
            (0.933333333, 0.933333333, 0.933333333),
            (0.933333333, 0.933333333, 0.933333333),
            (0.933333333, 0.933333333, 0.933333333),
            (0.933333333, 0.933333333, 0.933333333),
            (0.933333333, 0.933333333, 0.933333333),
            (0.933333333, 0.933333333, 0.933333333),
            (0.933333333, 0.933333333, 0.933333333),
            (0.97254902, 0.97254902, 0.97254902),
            (0.97254902, 0.97254902, 0.97254902),
            (0.97254902, 0.97254902, 0.97254902),
            (0.97254902, 0.97254902, 0.97254902),
            (0.97254902, 0.97254902, 0.97254902),
            (0.97254902, 0.97254902, 0.97254902),
            (0.97254902, 0.97254902, 0.97254902),
            (0.97254902, 0.97254902, 0.97254902),
            (0.97254902, 0.97254902, 0.97254902),
            (0.97254902, 0.97254902, 0.97254902),
            (0.97254902, 0.97254902, 0.97254902),
            (0.97254902, 0.97254902, 0.97254902),
            (0.97254902, 0.97254902, 0.97254902),
            (0.97254902, 0.97254902, 0.97254902),
            (0.97254902, 0.97254902, 0.97254902),
            (0.97254902, 0.97254902, 0.97254902),
            (0.97254902, 0.97254902, 0.97254902),
            (0.97254902, 0.97254902, 0.97254902),
            (0.97254902, 0.97254902, 0.97254902),
            (0.97254902, 0.97254902, 0.97254902),
            (0.97254902, 0.97254902, 0.97254902),
            (0.97254902, 0.97254902, 0.97254902),
            (0.97254902, 0.97254902, 0.97254902),
            (0.97254902, 0.97254902, 0.97254902),
            (0.97254902, 0.97254902, 0.97254902),
            (0.97254902, 0.97254902, 0.97254902),
            (0.97254902, 0.97254902, 0.97254902),
            (0.97254902, 0.97254902, 0.97254902),
            (0.97254902, 0.97254902, 0.97254902),
            (0.97254902, 0.97254902, 0.97254902),
            (0.97254902, 0.97254902, 0.97254902),
            (0.97254902, 0.97254902, 0.97254902),
            (0.97254902, 0.97254902, 0.97254902),
            (0.97254902, 0.97254902, 0.97254902),
            (0.97254902, 0.97254902, 0.97254902),
            (0.97254902, 0.97254902, 0.97254902),
            (0.97254902, 0.97254902, 0.97254902),
            (0.97254902, 0.97254902, 0.97254902),
            (0.97254902, 0.97254902, 0.97254902),
            (0.97254902, 0.97254902, 0.97254902),
            (0.97254902, 0.97254902, 0.97254902),
            (0.97254902, 0.97254902, 0.97254902),
            (0.97254902, 0.97254902, 0.97254902),
            (0.97254902, 0.97254902, 0.97254902),
            (0.97254902, 0.97254902, 0.97254902),
            (0.97254902, 0.97254902, 0.97254902),
            (0.97254902, 0.97254902, 0.97254902),
            (0.97254902, 0.97254902, 0.97254902),
            (0.97254902, 0.97254902, 0.97254902),
            (0.97254902, 0.97254902, 0.97254902),
            (0.97254902, 0.97254902, 0.97254902),
            (0.97254902, 0.97254902, 0.97254902),
            (0.97254902, 0.97254902, 0.97254902),
            (0.97254902, 0.97254902, 0.97254902),
            (0.97254902, 0.97254902, 0.97254902),
            (0.97254902, 0.97254902, 0.97254902),
            (0.97254902, 0.97254902, 0.97254902),
            (0.97254902, 0.97254902, 0.97254902),
            (0.97254902, 0.97254902, 0.97254902),
            (0.97254902, 0.97254902, 0.97254902),
            (0.97254902, 0.97254902, 0.97254902),
            (0.97254902, 0.97254902, 0.97254902),
            (0.97254902, 0.97254902, 0.97254902),
            (0.97254902, 0.97254902, 0.97254902),
            (0.97254902, 0.97254902, 0.97254902),
            (0.97254902, 0.97254902, 0.97254902),
            (0.97254902, 0.97254902, 0.97254902),
            (0.97254902, 0.97254902, 0.97254902),
            (0.97254902, 0.97254902, 0.97254902),
            (0.97254902, 0.97254902, 0.97254902),
            (0.97254902, 0.97254902, 0.97254902),
            (0.97254902, 0.97254902, 0.97254902),
            (0.97254902, 0.97254902, 0.97254902),
            (0.97254902, 0.97254902, 0.97254902),
            (0.97254902, 0.97254902, 0.97254902),
            (0.97254902, 0.97254902, 0.97254902),
            (0.97254902, 0.97254902, 0.97254902),
            (0.97254902, 0.97254902, 0.97254902),
            (0.97254902, 0.97254902, 0.97254902),
            (0.97254902, 0.97254902, 0.97254902),
            (0.97254902, 0.97254902, 0.97254902),
            (0.97254902, 0.97254902, 0.97254902),
            (0.97254902, 0.97254902, 0.97254902),
            (0.97254902, 0.97254902, 0.97254902),
            (0.97254902, 0.97254902, 0.97254902),
            (0.97254902, 0.97254902, 0.97254902),
            (0.97254902, 0.97254902, 0.97254902),
            (0.97254902, 0.97254902, 0.97254902),
            (0.97254902, 0.97254902, 0.97254902),
            (0.97254902, 0.97254902, 0.97254902),
            (0.97254902, 0.97254902, 0.97254902),
            (0.97254902, 0.97254902, 0.97254902),
            (0.97254902, 0.97254902, 0.97254902),
            (0.97254902, 0.97254902, 0.97254902),
            (0.97254902, 0.97254902, 0.97254902),
            (0.97254902, 0.97254902, 0.97254902),
            (0.97254902, 0.97254902, 0.97254902),
            (0.97254902, 0.97254902, 0.97254902),
            (0.97254902, 0.97254902, 0.97254902),
            (0.97254902, 0.97254902, 0.97254902),
            (0.97254902, 0.97254902, 0.97254902),
            (0.97254902, 0.97254902, 0.97254902),
            (0.97254902, 0.97254902, 0.97254902),
            (0.97254902, 0.97254902, 0.97254902),
            (0.97254902, 0.97254902, 0.97254902),
            (0.97254902, 0.97254902, 0.97254902),
            (0.97254902, 0.97254902, 0.97254902),
            (0.97254902, 0.97254902, 0.97254902),
            (0.97254902, 0.97254902, 0.97254902),
            (0.97254902, 0.97254902, 0.97254902),
            (0.97254902, 0.97254902, 0.97254902),
            (0.97254902, 0.97254902, 0.97254902),
            (0.97254902, 0.97254902, 0.97254902),
            (0.97254902, 0.97254902, 0.97254902),
            (0.97254902, 0.97254902, 0.97254902),
            (0.97254902, 0.97254902, 0.97254902),
            (0.97254902, 0.97254902, 0.97254902),
            (0.97254902, 0.97254902, 0.97254902),
            (0.97254902, 0.97254902, 0.97254902),
            (0.97254902, 0.97254902, 0.97254902),
            (0.97254902, 0.97254902, 0.97254902),
            (0.97254902, 0.97254902, 0.97254902),
            (0.97254902, 0.97254902, 0.97254902),
            (0.97254902, 0.97254902, 0.97254902),
            (0.97254902, 0.97254902, 0.97254902),
            (0.97254902, 0.97254902, 0.97254902),
            (0.97254902, 0.97254902, 0.97254902),
            (0.97254902, 0.97254902, 0.97254902),
            (0.97254902, 0.97254902, 0.97254902),
            (0.97254902, 0.97254902, 0.97254902),
            (0.97254902, 0.97254902, 0.97254902),
            (0.97254902, 0.97254902, 0.97254902),
            (0.97254902, 0.97254902, 0.97254902),
            (0.97254902, 0.97254902, 0.97254902),
            (0.97254902, 0.97254902, 0.97254902),
            (0.97254902, 0.97254902, 0.97254902),
            (0.97254902, 0.97254902, 0.97254902),
            (0.97254902, 0.97254902, 0.97254902),
            (0.97254902, 0.97254902, 0.97254902),
            (0.97254902, 0.97254902, 0.97254902),
            (0.97254902, 0.97254902, 0.97254902),
            (0.97254902, 0.97254902, 0.97254902),
            (0.97254902, 0.97254902, 0.97254902),
            (0.97254902, 0.97254902, 0.97254902),
            (0.97254902, 0.97254902, 0.97254902),
            (0.97254902, 0.97254902, 0.97254902),
            (0.97254902, 0.97254902, 0.97254902),
            (0.97254902, 0.97254902, 0.97254902),
            (0.97254902, 0.97254902, 0.97254902),
            (0.97254902, 0.97254902, 0.97254902),
            (0.97254902, 0.97254902, 0.97254902),
            (0.97254902, 0.97254902, 0.97254902),
            (0.97254902, 0.97254902, 0.97254902),
            (0.97254902, 0.97254902, 0.97254902),
            (0.97254902, 0.97254902, 0.97254902),
            (0.97254902, 0.97254902, 0.97254902),
            (0.97254902, 0.97254902, 0.97254902),
            (0.97254902, 0.97254902, 0.97254902),
            (0.97254902, 0.97254902, 0.97254902),
            (0.97254902, 0.97254902, 0.97254902),
            (0.97254902, 0.97254902, 0.97254902),
            (0.97254902, 0.97254902, 0.97254902),
            (0.97254902, 0.97254902, 0.97254902),
            (0.97254902, 0.97254902, 0.97254902),
            (0.97254902, 0.97254902, 0.97254902),
            (0.97254902, 0.97254902, 0.97254902),
            (0.97254902, 0.97254902, 0.97254902),
            (0.97254902, 0.97254902, 0.97254902),
            (0.97254902, 0.97254902, 0.97254902),
            (0.97254902, 0.97254902, 0.97254902),
            (0.97254902, 0.97254902, 0.97254902),
            (0.97254902, 0.97254902, 0.97254902),
            (0.97254902, 0.97254902, 0.97254902),
            (0.97254902, 0.97254902, 0.97254902),
            (0.97254902, 0.97254902, 0.97254902),
            (0.97254902, 0.97254902, 0.97254902),
            (0.97254902, 0.97254902, 0.97254902),
            (0.97254902, 0.97254902, 0.97254902),
            (0.97254902, 0.97254902, 0.97254902),
            (0.97254902, 0.97254902, 0.97254902),
            (0.97254902, 0.97254902, 0.97254902),
            (0.97254902, 0.97254902, 0.97254902),
            (0.97254902, 0.97254902, 0.97254902),
            (0.97254902, 0.97254902, 0.97254902),
            (0.97254902, 0.97254902, 0.97254902),
            (0.97254902, 0.97254902, 0.97254902),
            (0.97254902, 0.97254902, 0.97254902),
            (0.97254902, 0.97254902, 0.97254902),
            (0.97254902, 0.97254902, 0.97254902),
            (0.97254902, 0.97254902, 0.97254902),
            (0.97254902, 0.97254902, 0.97254902),
            (0.97254902, 0.97254902, 0.97254902),
            (0.97254902, 0.97254902, 0.97254902),
            (0.97254902, 0.97254902, 0.97254902),
            (0.97254902, 0.97254902, 0.97254902),
            (0.97254902, 0.97254902, 0.97254902),
            (0.97254902, 0.97254902, 0.97254902),
            (0.97254902, 0.97254902, 0.97254902),
            (0.619607843, 0.619607843, 0.619607843),
            (0.619607843, 0.619607843, 0.619607843),
            (0.619607843, 0.619607843, 0.619607843),
            (0.619607843, 0.619607843, 0.619607843),
            (0.619607843, 0.619607843, 0.619607843),
            (0.619607843, 0.619607843, 0.619607843),
            (0.619607843, 0.619607843, 0.619607843),
            (0.619607843, 0.619607843, 0.619607843),
            (0.619607843, 0.619607843, 0.619607843),
            (0.619607843, 0.619607843, 0.619607843),
            (0.619607843, 0.619607843, 0.619607843),
            (0.619607843, 0.619607843, 0.619607843),
            (0.619607843, 0.619607843, 0.619607843),
            (0.619607843, 0.619607843, 0.619607843),
            (0.619607843, 0.619607843, 0.619607843),
            (0.619607843, 0.619607843, 0.619607843),
            (0.619607843, 0.619607843, 0.619607843),
            (0.619607843, 0.619607843, 0.619607843),
            (0.619607843, 0.619607843, 0.619607843),
            (0.619607843, 0.619607843, 0.619607843),
            (0.619607843, 0.619607843, 0.619607843),
            (0.619607843, 0.619607843, 0.619607843),
            (0.619607843, 0.619607843, 0.619607843),
            (0.619607843, 0.619607843, 0.619607843),
            (0.619607843, 0.619607843, 0.619607843),
            (0.619607843, 0.619607843, 0.619607843),
            (0.619607843, 0.619607843, 0.619607843),
            (0.619607843, 0.619607843, 0.619607843),
            (0.619607843, 0.619607843, 0.619607843),
            (0.619607843, 0.619607843, 0.619607843),
            (0.619607843, 0.619607843, 0.619607843),
            (0.619607843, 0.619607843, 0.619607843),
            (0.619607843, 0.619607843, 0.619607843),
            (0.619607843, 0.619607843, 0.619607843),
            (0.619607843, 0.619607843, 0.619607843),
            (0.619607843, 0.619607843, 0.619607843),
            (0.619607843, 0.619607843, 0.619607843),
            (0.619607843, 0.619607843, 0.619607843),
            (0.619607843, 0.619607843, 0.619607843),
            (0.619607843, 0.619607843, 0.619607843),
            (0.619607843, 0.619607843, 0.619607843),
            (0.619607843, 0.619607843, 0.619607843),
            (0.619607843, 0.619607843, 0.619607843),
            (0.619607843, 0.619607843, 0.619607843),
            (0.619607843, 0.619607843, 0.619607843),
            (0.619607843, 0.619607843, 0.619607843),
            (0.619607843, 0.619607843, 0.619607843),
            (0.619607843, 0.619607843, 0.619607843),
            (0.619607843, 0.619607843, 0.619607843),
            (0.619607843, 0.619607843, 0.619607843),
            (0.619607843, 0.619607843, 0.619607843),
            (0.619607843, 0.619607843, 0.619607843),
            (0.619607843, 0.619607843, 0.619607843),
            (0.619607843, 0.619607843, 0.619607843),
            (0.619607843, 0.619607843, 0.619607843),
            (0.619607843, 0.619607843, 0.619607843),
            (0.619607843, 0.619607843, 0.619607843),
            (0.619607843, 0.619607843, 0.619607843),
            (0.619607843, 0.619607843, 0.619607843),
            (0.619607843, 0.619607843, 0.619607843),
            (0.619607843, 0.619607843, 0.619607843),
            (0.619607843, 0.619607843, 0.619607843),
            (0.619607843, 0.619607843, 0.619607843),
            (0.619607843, 0.619607843, 0.619607843),
            (0.619607843, 0.619607843, 0.619607843),
            (0.619607843, 0.619607843, 0.619607843),
            (0.619607843, 0.619607843, 0.619607843),
            (0.619607843, 0.619607843, 0.619607843),
            (0.619607843, 0.619607843, 0.619607843),
            (0.619607843, 0.619607843, 0.619607843),
            (0.619607843, 0.619607843, 0.619607843),
            (0.619607843, 0.619607843, 0.619607843),
            (0.619607843, 0.619607843, 0.619607843),
            (0.619607843, 0.619607843, 0.619607843),
            (0.619607843, 0.619607843, 0.619607843),
            (0.619607843, 0.619607843, 0.619607843),
            (0.619607843, 0.619607843, 0.619607843),
            (0.619607843, 0.619607843, 0.619607843),
            (0.619607843, 0.619607843, 0.619607843),
            (0.619607843, 0.619607843, 0.619607843),
            (0.619607843, 0.619607843, 0.619607843),
            (0.619607843, 0.619607843, 0.619607843),
            (0.619607843, 0.619607843, 0.619607843),
            (0.619607843, 0.619607843, 0.619607843),
            (0.619607843, 0.619607843, 0.619607843),
            (0.619607843, 0.619607843, 0.619607843),
            (0.619607843, 0.619607843, 0.619607843),
            (0.619607843, 0.619607843, 0.619607843),
            (0.619607843, 0.619607843, 0.619607843),
            (0.619607843, 0.619607843, 0.619607843),
            (0.619607843, 0.619607843, 0.619607843),
            (0.619607843, 0.619607843, 0.619607843),
            (0.619607843, 0.619607843, 0.619607843),
            (0.619607843, 0.619607843, 0.619607843),
            (0.619607843, 0.619607843, 0.619607843),
            (0.619607843, 0.619607843, 0.619607843),
            (0.619607843, 0.619607843, 0.619607843),
            (0.619607843, 0.619607843, 0.619607843)
        ] (
            interpolation = "vertex"
        )
        float[] primvars:displayOpacity = [
            1, 1, 1, 1, 1, 1, 1, 1, 1, 1, 1, 1, 1, 1, 1, 1, 1, 1, 1, 1, 1, 1, 1, 1, 1, 1, 1, 1, 1, 1, 1, 1, 1, 1, 1, 1, 1, 1, 1, 1, 1, 1, 1, 1, 1, 1, 1, 1, 1, 1, 1, 1, 1, 1, 1, 1, 1, 1, 1, 1, 1, 1, 1, 1, 1, 1, 1, 1, 1, 1, 1, 1, 1, 1, 1, 1, 1, 1, 1, 1, 1, 1, 1, 1, 1, 1, 1, 1, 1, 1, 1, 1, 1, 1, 1, 1, 1, 1, 1, 1, 1, 1, 1, 1, 1, 1, 1, 1, 1, 1, 1, 1, 1, 1, 1, 1, 1, 1, 1, 1, 1, 1, 1, 1, 1, 1, 1, 1, 1, 1, 1, 1, 1, 1, 1, 1, 1, 1, 1, 1, 1, 1, 1, 1, 1, 1, 1, 1, 1, 1, 1, 1, 1, 1, 1, 1, 1, 1, 1, 1, 1, 1, 1, 1, 1, 1, 1, 1, 1, 1, 1, 1, 1, 1, 1, 1, 1, 1, 1, 1, 1, 1, 1, 1, 1, 1, 1, 1, 1, 1, 1, 1, 1, 1, 1, 1, 1, 1, 1, 1, 1, 1, 1, 1, 1, 1, 1, 1, 1, 1, 1, 1, 1, 1, 1, 1, 1, 1, 1, 1, 1, 1, 1, 1, 1, 1, 1, 1, 1, 1, 1, 1, 1, 1, 1, 1, 1, 1, 1, 1, 1, 1, 1, 1, 1, 1, 1, 1, 1, 1, 1, 1, 1, 1, 1, 1, 1, 1, 1, 1, 1, 1, 1, 1, 1, 1, 1, 1, 1, 1, 1, 1, 1, 1, 1, 1, 1, 1, 1, 1, 1, 1, 1, 1, 1, 1, 1, 1, 1, 1, 1, 1, 1, 1, 1, 1, 1, 1, 1, 1, 1, 1, 1, 1, 1, 1, 1, 1, 1, 1, 1, 1, 1, 1, 1, 1, 1, 1, 1, 1, 1, 1, 1, 1, 1, 1, 1, 1, 1, 1, 1, 1, 1, 1, 1, 1, 1, 1, 1, 1, 1, 1, 1, 1, 1, 1, 1, 1, 1, 1, 1, 1, 1, 1, 1, 1, 1, 1, 1, 1, 1, 1, 1, 1, 1, 1, 1, 1, 1, 1, 1, 1, 1, 1, 1, 1, 1, 1, 1, 1, 1, 1, 1, 1, 1, 1, 1, 1, 1, 1, 1, 1, 1, 1, 1, 1, 1, 1, 1, 1, 1, 1, 1, 1, 1, 1, 1, 1, 1, 1, 1, 1, 1, 1, 1, 1, 1, 1, 1, 1, 1, 1, 1, 1, 1, 1, 1, 1, 1, 1, 1, 1, 1, 1, 1, 1, 1, 1, 1, 1, 1, 1, 1, 1, 1, 1, 1, 1, 1, 1, 1, 1, 1, 1, 1, 1, 1, 1, 1, 1, 1, 1, 1, 1, 1, 1, 1, 1, 1, 1, 1, 1, 1, 1, 1, 1, 1, 1, 1, 1, 1, 1, 1, 1, 1, 1, 1, 1, 1, 1, 1, 1, 1, 1, 1, 1, 1, 1, 1, 1, 1, 1, 1, 1, 1, 1, 1, 1, 1, 1, 1, 1, 1, 1, 1, 1, 1, 1, 1, 1, 1, 1, 1, 1, 1, 1, 1, 1, 1, 1, 1, 1, 1, 1, 1, 1, 1, 1, 1, 1, 1, 1, 1, 1, 1, 1, 1, 1, 1, 1, 1, 1, 1, 1, 1, 1, 1, 1, 1, 1, 1, 1, 1, 1, 1, 1, 1, 1, 1, 1, 1, 1, 1, 1, 1, 1, 1, 1, 1, 1, 1, 1, 1, 1, 1, 1, 1, 1, 1, 1, 1, 1, 1, 1, 1, 1, 1, 1, 1, 1, 1, 1, 1, 1, 1, 1, 1, 1, 1, 1, 1, 1, 1, 1, 1, 1, 1, 1, 1, 1, 1, 1, 1, 1, 1, 1, 1, 1, 1, 1, 1, 1, 1, 1, 1, 1, 1, 1, 1, 1, 1, 1, 1, 1, 1, 1, 1, 1, 1, 1, 1, 1, 1, 1, 1, 1, 1, 1, 1, 1, 1, 1, 1, 1, 1, 1, 1, 1, 1, 1, 1, 1, 1, 1, 1, 1, 1, 1, 1, 1, 1, 1, 1, 1, 1, 1, 1, 1, 1, 1, 1, 1, 1, 1, 1, 1, 1, 1, 1, 1, 1, 1, 1, 1, 1, 1, 1, 1, 1, 1, 1, 1, 1, 1, 1, 1, 1, 1, 1, 1, 1, 1, 1, 1, 1, 1, 1, 1, 1, 1, 1, 1, 1, 1, 1, 1, 1, 1, 1, 1, 1, 1, 1, 1, 1, 1, 1, 1, 1, 1, 1, 1, 1, 1, 1, 1, 1, 1, 1, 1, 1, 1, 1, 1, 1, 1, 1, 1, 1, 1, 1, 1, 1, 1, 1, 1, 1, 1, 1, 1, 1, 1, 1, 1, 1, 1, 1, 1, 1, 1, 1, 1, 1, 1, 1, 1, 1, 1, 1, 1, 1, 1, 1, 1, 1, 1, 1, 1, 1, 1, 1, 1, 1, 1, 1, 1, 1, 1, 1, 1, 1, 1, 1, 1, 1, 1, 1, 1, 1, 1, 1, 1, 1, 1, 1, 1, 1, 1, 1, 1, 1, 1, 1, 1, 1, 1, 1, 1, 1, 1, 1, 1, 1, 1, 1, 1, 1, 1, 1, 1, 1, 1, 1, 1, 1, 1, 1, 1, 1, 1, 1, 1, 1, 1, 1, 1, 1, 1, 1, 1, 1, 1, 1, 1, 1, 1, 1, 1, 1, 1, 1, 1, 1, 1, 1, 1, 1, 1, 1, 1, 1, 1, 1, 1, 1, 1, 1, 1, 1, 1, 1, 1, 1, 1, 1, 1, 1, 1, 1, 1, 1, 1, 1, 1, 1, 1, 1, 1, 1, 1, 1, 1, 1, 1, 1, 1, 1, 1, 1, 1, 1, 1, 1, 1, 1, 1, 1, 1, 1, 1, 1, 1, 1, 1, 1, 1, 1, 1, 1, 1, 1, 1, 1, 1, 1, 1, 1, 1, 1, 1, 1, 1, 1, 1, 1, 1, 1, 1, 1, 1, 1, 1, 1, 1, 1, 1, 1, 1, 1, 1, 1, 1, 1, 1, 1, 1, 1, 1, 1, 1, 1, 1, 1, 1, 1, 1, 1, 1, 1, 1, 1, 1, 1, 1, 1, 1, 1, 1, 1, 1, 1, 1, 1, 1, 1, 1, 1, 1, 1, 1, 1, 1, 1, 1, 1, 1, 1, 1, 1, 1, 1, 1, 1, 1, 1, 1, 1, 1, 1, 1, 1, 1, 1, 1, 1, 1, 1, 1, 1, 1, 1, 1, 1, 1, 1, 1, 1, 1, 1, 1, 1, 1, 1, 1, 1, 1, 1, 1, 1, 1, 1, 1, 1, 1, 1, 1, 1, 1, 1, 1, 1, 1, 1, 1, 1, 1, 1, 1, 1, 1, 1, 1, 1, 1, 1, 1, 1, 1, 1, 1, 1, 1, 1, 1, 1, 1, 1, 1, 1, 1, 1, 1, 1, 1, 1, 1, 1, 1, 1, 1, 1, 1, 1, 1, 1, 1, 1, 1, 1, 1, 1, 1, 1, 1, 1, 1, 1, 1, 1, 1, 1, 1, 1, 1, 1, 1, 1, 1, 1, 1, 1, 1, 1, 1, 1, 1, 1, 1, 1, 1, 1, 1, 1, 1, 1, 1, 1, 1, 1, 1, 1, 1, 1, 1, 1, 1, 1, 1, 1, 1, 1, 1, 1, 1, 1, 1, 1, 1, 1, 1, 1, 1, 1, 1, 1, 1, 1, 1, 1, 1, 1, 1, 1, 1, 1, 1, 1, 1, 1, 1, 1, 1, 1, 1, 1, 1, 1, 1, 1, 1, 1, 1, 1, 1, 1, 1, 1, 1, 1, 1, 1, 1, 1, 1, 1, 1, 1, 1, 1, 1, 1, 1, 1, 1, 1, 1, 1, 1, 1, 1, 1, 1, 1, 1, 1, 1, 1, 1, 1, 1, 1, 1, 1, 1, 1, 1, 1, 1, 1, 1, 1, 1, 1, 1, 1, 1, 1, 1, 1, 1, 1, 1, 1, 1, 1, 1, 1, 1, 1, 1, 1, 1, 1, 1, 1, 1, 1, 1, 1, 1, 1, 1, 1, 1, 1, 1, 1, 1, 1, 1, 1, 1, 1, 1, 1, 1, 1, 1, 1, 1, 1, 1, 1, 1, 1, 1, 1, 1, 1, 1, 1, 1, 1, 1, 1, 1, 1, 1, 1, 1, 1, 1, 1, 1, 1, 1, 1, 1, 1, 1, 1, 1, 1, 1, 1, 1, 1, 1, 1, 1, 1, 1, 1, 1, 1, 1, 1, 1, 1, 1, 1, 1, 1, 1, 1, 1, 1, 1, 1, 1, 1, 1, 1, 1, 1, 1, 1, 1, 1, 1, 1, 1, 1, 1, 1, 1, 1, 1, 1, 1, 1, 1, 1, 1, 1, 1, 1, 1, 1, 1, 1, 1, 1, 1, 1, 1, 1, 1, 1, 1, 1, 1, 1, 1, 1, 1, 1, 1, 1, 1, 1, 1, 1, 1, 1, 1, 1, 1, 1, 1, 1, 1, 1, 1, 1, 1, 1, 1, 1, 1, 1, 1, 1, 1, 1, 1, 1, 1, 1, 1, 1, 1, 1, 1, 1, 1, 1, 1, 1, 1, 1, 1, 1, 1, 1, 1, 1, 1, 1, 1, 1, 1, 1, 1, 1, 1, 1, 1, 1, 1, 1, 1, 1, 1, 1, 1, 1, 1, 1, 1, 1, 1, 1, 1, 1, 1, 1, 1, 1, 1, 1, 1, 1, 1, 1, 1, 1, 1, 1, 1, 1, 1, 1, 1, 1, 1, 1, 1, 1, 1, 1, 1, 1, 1, 1, 1, 1, 1, 1, 1, 1, 1, 1, 1, 1, 1, 1, 1, 1, 1, 1, 1, 1, 1, 1, 1, 1, 1, 1, 1, 1, 1, 1, 1, 1, 1, 1, 1, 1, 1, 1, 1, 1, 1, 1, 1, 1, 1, 1, 1, 1, 1, 1, 1, 1, 1, 1, 1, 1, 1, 1, 1, 1, 1, 1, 1, 1, 1, 1, 1, 1, 1, 1, 1, 1, 1, 1, 1, 1, 1, 1, 1, 1, 1, 1, 1, 1, 1, 1, 1, 1, 1, 1, 1, 1, 1, 1, 1, 1, 1, 1, 1, 1, 1, 1, 1, 1, 1, 1, 1, 1, 1, 1, 1, 1, 1, 1, 1, 1, 1, 1, 1, 1, 1, 1, 1, 1, 1, 1, 1, 1, 1, 1, 1, 1, 1, 1, 1, 1, 1, 1, 1, 1, 1, 1, 1, 1, 1, 1, 1, 1, 1, 1, 1, 1, 1, 1, 1, 1, 1, 1, 1, 1, 1, 1, 1, 1, 1, 1, 1, 1, 1, 1, 1, 1, 1, 1, 1, 1, 1, 1, 1, 1, 1, 1, 1, 1, 1, 1, 1, 1, 1, 1, 1, 1, 1, 1, 1, 1, 1, 1, 1, 1, 1, 1, 1, 1, 1, 1, 1, 1, 1, 1, 1, 1, 1, 1, 1, 1, 1, 1, 1, 1, 1, 1, 1, 1, 1, 1, 1, 1, 1, 1, 1, 1, 1, 1, 1, 1, 1, 1, 1, 1, 1, 1, 1, 1, 1, 1, 1, 1, 1, 1, 1, 1, 1, 1, 1, 1, 1, 1, 1, 1, 1, 1, 1, 1, 1, 1, 1, 1, 1, 1, 1, 1, 1, 1, 1, 1, 1, 1, 1, 1, 1, 1, 1, 1, 1, 1, 1, 1, 1, 1, 1, 1, 1, 1, 1, 1, 1, 1, 1, 1, 1, 1, 1, 1, 1, 1, 1, 1, 1, 1, 1, 1, 1, 1, 1, 1, 1, 1, 1, 1, 1, 1, 1, 1, 1, 1, 1, 1, 1, 1, 1, 1, 1, 1, 1, 1, 1, 1, 1, 1, 1, 1, 1, 1, 1, 1, 1, 1, 1, 1, 1, 1, 1, 1, 1, 1, 1, 1, 1, 1, 1, 1, 1, 1, 1, 1, 1, 1, 1, 1, 1, 1, 1, 1, 1, 1, 1, 1, 1, 1, 1, 1, 1, 1, 1, 1, 1, 1, 1, 1, 1, 1, 1, 1, 1, 1, 1, 1, 1, 1, 1, 1, 1, 1, 1, 1, 1, 1, 1, 1, 1, 1, 1, 1, 1, 1, 1, 1, 1, 1, 1, 1, 1, 1, 1, 1, 1, 1, 1, 1, 1, 1, 1, 1, 1, 1, 1, 1, 1, 1, 1, 1, 1, 1, 1, 1, 1, 1, 1, 1, 1, 1, 1, 1, 1, 1, 1, 1, 1, 1, 1, 1, 1, 1, 1, 1, 1, 1, 1, 1, 1, 1, 1, 1, 1, 1, 1, 1, 1, 1, 1, 1, 1, 1, 1, 1, 1, 1, 1, 1, 1, 1, 1, 1, 1, 1, 1, 1, 1, 1, 1, 1, 1, 1, 1, 1, 1, 1, 1, 1, 1, 1, 1, 1, 1, 1, 1, 1, 1, 1, 1, 1, 1, 1, 1, 1, 1, 1, 1, 1, 1, 1, 1, 1, 1, 1, 1, 1, 1, 1, 1, 1, 1, 1, 1, 1, 1, 1, 1, 1, 1, 1, 1, 1, 1, 1, 1, 1, 1, 1, 1, 1, 1, 1, 1, 1, 1, 1, 1, 1, 1, 1, 1, 1, 1, 1, 1, 1, 1, 1, 1, 1, 1, 1, 1, 1, 1, 1, 1, 1, 1, 1, 1, 1, 1, 1, 1, 1, 1, 1, 1, 1, 1, 1, 1, 1, 1, 1, 1, 1, 1, 1, 1, 1, 1, 1, 1, 1, 1, 1, 1, 1, 1, 1, 1, 1, 1, 1, 1, 1, 1, 1, 1, 1, 1, 1, 1, 1, 1, 1, 1, 1, 1, 1, 1, 1, 1, 1, 1, 1, 1, 1, 1, 1, 1, 1, 1, 1, 1, 1, 1, 1, 1, 1, 1, 1, 1, 1, 1, 1, 1, 1, 1, 1, 1, 1, 1, 1, 1, 1, 1, 1, 1, 1, 1, 1, 1, 1, 1, 1, 1, 1, 1, 1, 1, 1, 1, 1, 1, 1, 1, 1, 1, 1, 1, 1, 1, 1, 1, 1, 1, 1, 1, 1, 1, 1, 1, 1, 1, 1, 1, 1, 1, 1, 1, 1, 1, 1, 1, 1, 1, 1, 1, 1, 1, 1, 1, 1, 1, 1, 1, 1, 1, 1, 1, 1, 1, 1, 1, 1, 1, 1, 1, 1, 1, 1, 1, 1, 1, 1, 1, 1, 1, 1, 1, 1, 1, 1, 1, 1, 1, 1, 1, 1, 1, 1, 1, 1, 1, 1, 1, 1, 1, 1, 1, 1, 1, 1, 1, 1, 1, 1, 1, 1, 1, 1, 1, 1, 1, 1, 1, 1, 1, 1, 1, 1, 1, 1, 1, 1, 1, 1, 1, 1, 1, 1, 1, 1, 1, 1, 1, 1, 1, 1, 1, 1, 1, 1, 1, 1, 1, 1, 1, 1, 1, 1, 1, 1, 1, 1, 1, 1, 1, 1, 1, 1, 1, 1, 1, 1, 1, 1, 1, 1, 1, 1, 1, 1, 1, 1, 1, 1, 1, 1, 1, 1, 1, 1, 1, 1, 1, 1, 1, 1, 1, 1, 1, 1, 1, 1, 1, 1, 1, 1, 1, 1, 1, 1, 1, 1, 1, 1, 1, 1, 1, 1, 1, 1, 1, 1, 1, 1, 1, 1, 1, 1, 1
        ] (
            interpolation = "vertex"
        )
    }

    def Mesh "collision_0" (
        prepend apiSchemas = ["PhysicsCollisionAPI", "PhysicsMeshCollisionAPI"]
    )
    {
        uniform bool doubleSided = 0
        uniform token subdivisionScheme = "none"
        uniform token visibility = "invisible"
        bool physics:collisionEnabled = 1
        uniform token physics:approximation = "convexHull"
        point3f[] points = [
            (-0.00668229023, 0.0104672229, -0.0312940065),
            (-0.00668229023, 0.010467222, -0.0349762697),
            (-0.00782399811, 0.00963772368, -0.0312940065),
            (-0.000705614453, -0.0122704087, -0.0312940028),
            (-0.000705614453, -0.0122704096, -0.034976266),
            (0.000705614453, -0.0122704087, -0.0312940028),
            (0.0060777911, -0.010692995, -0.0312940028),
            (0.0060777911, -0.010692996, -0.035005476),
            (0.00726499269, -0.00993002765, -0.0312940028),
            (0.00140892749, 0.0123487543, -0.0312940065),
            (0.00140892749, 0.0123487543, -0.0350054797),
            (0, 0.0124293203, -0.0312940065),
            (-2.23363539e-18, 0.00918888208, -0.0542248852),
            (-0.00103954575, 0.00912943948, -0.0542248852),
            (-0.00104626175, 0.00918797217, -0.0541664675),
            (-0.00493037887, 0.00774119189, -0.0542248852),
            (-0.00577276293, 0.00712916441, -0.0542248852),
            (-0.0057914108, 0.00715196971, -0.0541956761),
            (-0.00052062195, -0.00903526321, -0.0542248824),
            (0.00052062195, -0.00903526321, -0.0542248824),
            (0.000522303686, -0.00906467345, -0.0541956738),
            (0.00536031323, -0.00730846496, -0.0542248828),
            (0.00616638316, -0.00664934469, -0.0542248828),
            (0.00620622141, -0.00669275085, -0.0541664652),
            (-0.0054534683, 0.01116117, -0.0312940065),
            (-0.0054534683, 0.01116117, -0.035034686),
            (-0.00415355153, 0.0117105199, -0.0312940065),
            (-0.00415355153, 0.011710519, -0.0350931041),
            (-0.00279948744, 0.012108109, -0.0312940065),
            (-0.00279948744, 0.012108109, -0.0351515222),
            (-0.00140892749, 0.0123487543, -0.0312940065),
            (-0.00140892749, 0.0123487543, -0.0352099404),
            (-3.02731312e-18, 0.0124293193, -0.0352683567),
            (-0.00210764469, -0.0121095413, -0.0312940028),
            (-0.00210764469, -0.0121095423, -0.0350346822),
            (-0.00348219858, -0.0117899021, -0.0312940028),
            (-0.00348219858, -0.0117899021, -0.0350931004),
            (-0.00481135678, -0.0113156596, -0.0312940028),
            (-0.00481135678, -0.0113156596, -0.0351515185),
            (-0.0060777911, -0.010692995, -0.0312940028),
            (-0.0060777911, -0.010692996, -0.0352099367),
            (-0.00726499269, -0.00993002765, -0.0312940028),
            (-0.00726499269, -0.00993002858, -0.0352683529),
            (-0.00835748389, -0.0090367021, -0.0312940028),
            (-0.00835748389, -0.00903670304, -0.0353267711),
            (-0.009341022, -0.0080246646, -0.0312940028),
            (-0.009341022, -0.00802466553, -0.0353851892),
            (-0.010202786, -0.00690710917, -0.0312940028),
            (-0.010202786, -0.0069071101, -0.0354436074),
            (-0.0109315412, -0.00569860497, -0.0312940028),
            (-0.0109315412, -0.00569860591, -0.0355020255),
            (-0.0115177864, -0.00441490579, -0.0312940028),
            (-0.0115177864, -0.00441490673, -0.0355604455),
            (-0.0119538801, -0.0030727475, -0.0312940028),
            (-0.0119538801, -0.00307274819, -0.0356188618),
            (-0.0122341365, -0.00168962649, -0.0312940046),
            (-0.0122341365, -0.0016896273, -0.0356772799),
            (-0.0123549029, -0.000283574365, -0.0312940046),
            (-0.0123549029, -0.000283575093, -0.0357356981),
            (-0.0123146046, 0.00112707913, -0.0312940046),
            (-0.0123146046, 0.00112707843, -0.0357941162),
            (-0.0121137658, 0.00252394378, -0.0312940046),
            (-0.0121137658, 0.00252394285, -0.0358525343),
            (-0.0117550045, 0.00388880935, -0.0312940046),
            (-0.0117550045, 0.00388880866, -0.0359109506),
            (-0.0112430006, 0.00520388316, -0.0312940046),
            (-0.0112430006, 0.00520388223, -0.0359693688),
            (-0.0105844261, 0.00645202072, -0.0312940046),
            (-0.0105844261, 0.00645201979, -0.0360277869),
            (-0.00978786778, 0.0076169502, -0.0312940046),
            (-0.00978786778, 0.00761694927, -0.0360862032),
            (-0.00886370894, 0.00868348591, -0.0312940065),
            (-0.00886370894, 0.00868348498, -0.0361446232),
            (-0.00782399811, 0.00963772275, -0.0362030413),
            (-0.00668229023, 0.010467222, -0.0362614576),
            (-0.0054534683, 0.01116117, -0.0363198757),
            (-0.00415355153, 0.011710519, -0.0363782939),
            (-0.00279948744, 0.012108108, -0.036436712),
            (-0.00140892749, 0.0123487534, -0.0364951283),
            (-3.02731312e-18, 0.0124293193, -0.0365535464),
            (0.00481135678, -0.0113156596, -0.0312940028),
            (0.00481135678, -0.0113156596, -0.0350638922),
            (0.00348219858, -0.0117899021, -0.0312940028),
            (0.00348219858, -0.011789903, -0.0351223104),
            (0.00210764469, -0.0121095413, -0.0312940028),
            (0.00210764469, -0.0121095423, -0.0351807285),
            (0.000705614453, -0.0122704096, -0.0352391448),
            (-0.000705614453, -0.0122704096, -0.0352975629),
            (-0.00210764469, -0.0121095423, -0.0353559811),
            (-0.00348219858, -0.011789903, -0.0354143992),
            (-0.00481135678, -0.0113156596, -0.0354728155),
            (-0.0060777911, -0.010692996, -0.0355312336),
            (-0.00726499269, -0.00993002858, -0.0355896518),
            (-0.00835748389, -0.00903670304, -0.0356480699),
            (-0.009341022, -0.00802466553, -0.0357064862),
            (-0.010202786, -0.0069071101, -0.0357649043),
            (-0.0109315412, -0.00569860591, -0.0358233225),
            (-0.0115177864, -0.00441490673, -0.0358817406),
            (-0.0119538801, -0.00307274819, -0.0359401588),
            (-0.0122341365, -0.0016896273, -0.0359985769),
            (-0.0123549029, -0.000283575151, -0.0360569932),
            (-0.0123146046, 0.00112707831, -0.0361154113),
            (-0.0121137658, 0.00252394285, -0.0361738313),
            (-0.0117550045, 0.00388880866, -0.0362322476),
            (-0.0112430006, 0.00520388223, -0.0362906657),
            (-0.0105844261, 0.00645201979, -0.0363490839),
            (-0.00978786778, 0.00761694927, -0.036407502),
            (-0.00886370894, 0.00868348498, -0.0364659202),
            (-0.00782399811, 0.00963772275, -0.0365243364),
            (-0.00668229023, 0.010467222, -0.0365827546),
            (-0.0054534683, 0.01116117, -0.0366411727),
            (-0.00415355153, 0.011710519, -0.0366995908),
            (-0.00279948744, 0.012108108, -0.036758009),
            (-0.00140892749, 0.0123487534, -0.0368164253),
            (-3.02731312e-18, 0.0124293193, -0.0368748434),
            (0.00279948744, 0.012108109, -0.0312940065),
            (0.00279948744, 0.012108109, -0.035063896),
            (0.00415355153, 0.0117105199, -0.0312940065),
            (0.00415355153, 0.011710519, -0.0351223141),
            (0.0054534683, 0.01116117, -0.0312940065),
            (0.0054534683, 0.01116117, -0.0351807323),
            (0.00668229023, 0.0104672229, -0.0312940065),
            (0.00668229023, 0.010467222, -0.0352391485),
            (0.00782399811, 0.00963772368, -0.0312940065),
            (0.00782399811, 0.00963772275, -0.0352975667),
            (0.00886370894, 0.00868348591, -0.0312940065),
            (0.00886370894, 0.00868348498, -0.0353559848),
            (0.00978786778, 0.0076169502, -0.0312940046),
            (0.00978786778, 0.00761694927, -0.0354144011),
            (0.0105844261, 0.00645202072, -0.0312940046),
            (0.0105844261, 0.00645201979, -0.0354728192),
            (0.0112430006, 0.00520388316, -0.0312940046),
            (0.0112430006, 0.00520388223, -0.0355312355),
            (0.0117550045, 0.00388880935, -0.0312940046),
            (0.0117550045, 0.00388880866, -0.0355896536),
            (0.0121137658, 0.00252394378, -0.0312940046),
            (0.0121137658, 0.00252394308, -0.0356480718),
            (0.0123146046, 0.00112707913, -0.0312940046),
            (0.0123146046, 0.00112707843, -0.0357064881),
            (0.0123549029, -0.000283574365, -0.0312940046),
            (0.0123549029, -0.000283575093, -0.0357649062),
            (0.0122341365, -0.00168962649, -0.0312940046),
            (0.0122341365, -0.0016896273, -0.0358233225),
            (0.0119538801, -0.0030727475, -0.0312940028),
            (0.0119538801, -0.00307274819, -0.0358817406),
            (0.0115177864, -0.00441490579, -0.0312940028),
            (0.0115177864, -0.00441490673, -0.0359401588),
            (0.0109315412, -0.00569860497, -0.0312940028),
            (0.0109315412, -0.00569860591, -0.035998575),
            (0.010202786, -0.00690710917, -0.0312940028),
            (0.010202786, -0.0069071101, -0.0360569932),
            (0.009341022, -0.0080246646, -0.0312940028),
            (0.009341022, -0.00802466553, -0.0361154094),
            (0.00835748389, -0.0090367021, -0.0312940028),
            (0.00835748389, -0.00903670304, -0.0361738295),
            (0.00726499269, -0.00993002858, -0.0362322457),
            (0.0060777911, -0.010692996, -0.0362906639),
            (0.00481135678, -0.0113156606, -0.036349082),
            (0.00348219858, -0.011789903, -0.0364074983),
            (0.00210764469, -0.0121095423, -0.0364659164),
            (0.000705614453, -0.0122704096, -0.0365243346),
            (-0.000705614453, -0.0122704096, -0.0365827508),
            (-0.00210764469, -0.0121095423, -0.036641169),
            (-0.00348219858, -0.011789903, -0.0366995871),
            (-0.00481135678, -0.0113156606, -0.0367580034),
            (-0.0060777911, -0.010692996, -0.0368164215),
            (-0.00726499269, -0.00993002858, -0.0368748397),
            (-0.00835748389, -0.00903670304, -0.0369332578),
            (-0.009341022, -0.00802466553, -0.036991676),
            (-0.010202786, -0.0069071101, -0.0370500922),
            (-0.0109315412, -0.00569860637, -0.0371085104),
            (-0.0115177864, -0.00441490673, -0.0371669285),
            (-0.0119538801, -0.00307274843, -0.0372253467),
            (-0.0122341365, -0.00168962753, -0.0372837648),
            (-0.0123549029, -0.000283575355, -0.0373421829),
            (-0.0123146046, 0.00112707808, -0.0374006011),
            (-0.0121137658, 0.00252394262, -0.0374590192),
            (-0.0117550045, 0.00388880842, -0.0375174374),
            (-0.0112430006, 0.00520388223, -0.0375758536),
            (-0.0105844261, 0.00645201933, -0.0376342718),
            (-0.00978786778, 0.0076169488, -0.0376926899),
            (-0.00886370894, 0.00868348498, -0.0377511081),
            (-0.00782399811, 0.00963772275, -0.0378095262),
            (-0.00668229023, 0.010467222, -0.0378679425),
            (-0.0054534683, 0.011161169, -0.0379263606),
            (-0.00415355153, 0.011710519, -0.0379847787),
            (-0.00279948744, 0.012108108, -0.0380431969),
            (-0.00140892749, 0.0123487534, -0.0381016132),
            (-3.02731312e-18, 0.0124293193, -0.0381600313),
            (0.00140892749, 0.0123487543, -0.0353267748),
            (0.00279948744, 0.012108109, -0.0353851929),
            (0.00415355153, 0.011710519, -0.0354436092),
            (0.0054534683, 0.01116117, -0.0355020274),
            (0.00668229023, 0.010467222, -0.0355604474),
            (0.00782399811, 0.00963772275, -0.0356188636),
            (0.00886370894, 0.00868348498, -0.0356772818),
            (0.00978786778, 0.00761694927, -0.0357356999),
            (0.0105844261, 0.00645201979, -0.0357941162),
            (0.0112430006, 0.00520388223, -0.0358525343),
            (0.0117550045, 0.00388880866, -0.0359109506),
            (0.0121137658, 0.00252394285, -0.0359693688),
            (0.0123146046, 0.00112707831, -0.036027785),
            (0.0123549029, -0.000283575151, -0.0360862032),
            (0.0122341365, -0.0016896273, -0.0361446213),
            (0.0119538801, -0.00307274819, -0.0362030376),
            (0.0115177864, -0.00441490673, -0.0362614557),
            (0.0109315412, -0.00569860591, -0.0363198739),
            (0.010202786, -0.0069071101, -0.0363782901),
            (0.009341022, -0.00802466553, -0.0364367083),
            (0.00835748389, -0.00903670304, -0.0364951246),
            (0.00726499269, -0.00993002858, -0.0365535427),
            (0.0060777911, -0.010692996, -0.0366119608),
            (0.00481135678, -0.0113156606, -0.0366703771),
            (0.00348219858, -0.011789903, -0.0367287953),
            (0.00210764469, -0.0121095423, -0.0367872134),
            (0.000705614453, -0.0122704096, -0.0368456297),
            (-0.000705614453, -0.0122704096, -0.0369040478),
            (-0.00210764469, -0.0121095423, -0.036962466),
            (-0.00348219858, -0.011789903, -0.0370208841),
            (-0.00481135678, -0.0113156606, -0.0370793004),
            (-0.0060777911, -0.010692996, -0.0371377185),
            (-0.00726499269, -0.00993002858, -0.0371961367),
            (-0.00835748389, -0.00903670304, -0.0372545548),
            (-0.009341022, -0.00802466553, -0.0373129729),
            (-0.010202786, -0.0069071101, -0.0373713911),
            (-0.0109315412, -0.00569860637, -0.0374298092),
            (-0.0115177864, -0.00441490673, -0.0374882274),
            (-0.0119538801, -0.00307274843, -0.0375466436),
            (-0.0122341365, -0.00168962753, -0.0376050618),
            (-0.0123549029, -0.000283575413, -0.0376634799),
            (-0.0123146046, 0.00112707808, -0.037721898),
            (-0.0121137658, 0.00252394262, -0.0377803162),
            (-0.0117550045, 0.00388880842, -0.0378387325),
            (-0.0112430006, 0.00520388223, -0.0378971506),
            (-0.0105844261, 0.00645201933, -0.0379555687),
            (-0.00978786778, 0.0076169488, -0.0380139869),
            (-0.00886370894, 0.00868348498, -0.038072405),
            (-0.00782399811, 0.00963772275, -0.0381308232),
            (-0.00668229023, 0.010467222, -0.0381892394),
            (-0.0054534683, 0.011161169, -0.0382476576),
            (-0.00415355153, 0.011710519, -0.0383060757),
            (-0.00279948744, 0.012108108, -0.0383644939),
            (-0.00140892749, 0.0123487534, -0.0384229101),
            (-3.02731312e-18, 0.0124293193, -0.0384813301),
            (0.00140596391, 0.012322925, -0.0366119646),
            (0.00278771017, 0.0120574636, -0.0366703808),
            (0.00412734179, 0.0116370609, -0.036728799),
            (0.00540758483, 0.0110678477, -0.0367872171),
            (0.0066120117, 0.0103578679, -0.0368456334),
            (0.00772525556, 0.0095169656, -0.0369040515),
            (0.00873319991, 0.00855665188, -0.0369624697),
            (0.00962316338, 0.00748994341, -0.037020886),
            (0.0103840558, 0.0063311914, -0.0370793041),
            (0.0110065127, 0.00509588234, -0.0371377222),
            (0.0114830229, 0.00380043616, -0.0371961385),
            (0.0118080014, 0.00246198708, -0.0372545567),
            (0.0119778691, 0.00109815598, -0.0373129748),
            (0.011991079, -0.000273181708, -0.0373713911),
            (0.0118481359, -0.00163412886, -0.0374298092),
            (0.0115515767, -0.00296700164, -0.0374882274),
            (0.0111059342, -0.00425455766, -0.0375466436),
            (0.0105176577, -0.00548022147, -0.0376050618),
            (0.00979503244, -0.00662829634, -0.037663478),
            (0.00894806162, -0.00768416328, -0.0377218962),
            (0.00798831973, -0.00863447227, -0.0377803143),
            (0.00692880433, -0.00946730562, -0.0378387306),
            (0.00578375673, -0.0101723298, -0.0378971487),
            (0.00456847018, -0.0107409218, -0.0379555669),
            (0.00329908612, -0.0111662792, -0.0380139832),
            (0.00199238025, -0.011443493, -0.0380724013),
            (0.000665541098, -0.0115696071, -0.0381308194),
            (-0.000664056919, -0.0115436511, -0.0381892357),
            (-0.00197908049, -0.0113666411, -0.0382476539),
            (-0.00326246349, -0.0110415546, -0.038306072),
            (-0.00449762819, -0.0105732894, -0.0383644901),
            (-0.00566870021, -0.00996858906, -0.0384229064),
            (-0.00676071038, -0.0092359446, -0.0384813264),
            (-0.00775978947, -0.008385472, -0.0385397446),
            (-0.00865334086, -0.00742878718, -0.0385981608),
            (-0.00943020172, -0.00637883088, -0.038656579),
            (-0.0100807799, -0.00524970563, -0.0387149971),
            (-0.0105971741, -0.00405647978, -0.0387734153),
            (-0.0109732663, -0.00281499047, -0.0388318334),
            (-0.0112047987, -0.0015416313, -0.0388902497),
            (-0.0112894177, -0.000253137114, -0.0389486678),
            (-0.0112266904, 0.00103363686, -0.0390070859),
            (-0.0110181142, 0.00230193487, -0.0390655041),
            (-0.0106670773, 0.00353531889, -0.0391239222),
            (-0.01017881, 0.00471788226, -0.0391823385),
            (-0.00956030842, 0.00583445327, -0.0392407566),
            (-0.00882023387, 0.00687079225, -0.0392991748),
            (-0.00796879455, 0.00781377126, -0.0393575929),
            (-0.00701760035, 0.00865153875, -0.0394160111),
            (-0.00597950909, 0.00937367324, -0.0394744273),
            (-0.00486845197, 0.00997130759, -0.0395328455),
            (-0.00369924656, 0.0104372399, -0.0395912636),
            (-0.00248739799, 0.0107660191, -0.0396496818),
            (-0.00124889531, 0.0109540084, -0.0397080999),
            (-2.67709002e-18, 0.0109994253, -0.039766518),
            (0.00140596391, 0.012322925, -0.0369332615),
            (0.00278771017, 0.0120574636, -0.0369916778),
            (0.00412734179, 0.0116370609, -0.037050096),
            (0.00540758483, 0.0110678477, -0.0371085141),
            (0.0066120117, 0.010357867, -0.0371669304),
            (0.00772525556, 0.00951696467, -0.0372253485),
            (0.00873319991, 0.00855665188, -0.0372837667),
            (0.00962316338, 0.00748994341, -0.0373421848),
            (0.0103840558, 0.0063311914, -0.0374006011),
            (0.0110065127, 0.00509588188, -0.0374590192),
            (0.0114830229, 0.00380043592, -0.0375174374),
            (0.0118080014, 0.00246198708, -0.0375758536),
            (0.0119778691, 0.00109815586, -0.0376342718),
            (0.011991079, -0.000273181766, -0.037692688),
            (0.0118481359, -0.00163412886, -0.0377511062),
            (0.0115515767, -0.00296700164, -0.0378095243),
            (0.0111059342, -0.00425455766, -0.0378679406),
            (0.0105176577, -0.00548022194, -0.0379263587),
            (0.00979503244, -0.00662829634, -0.037984775),
            (0.00894806162, -0.00768416328, -0.0380431932),
            (0.00798831973, -0.00863447227, -0.0381016113),
            (0.00692880433, -0.00946730562, -0.0381600276),
            (0.00578375673, -0.0101723298, -0.0382184457),
            (0.00456847018, -0.0107409218, -0.0382768639),
            (0.00329908612, -0.0111662792, -0.0383352801),
            (0.00199238025, -0.011443493, -0.0383936983),
            (0.000665541098, -0.0115696071, -0.0384521164),
            (-0.000664056919, -0.0115436511, -0.0385105346),
            (-0.00197908049, -0.0113666411, -0.0385689527),
            (-0.00326246349, -0.0110415546, -0.038627369),
            (-0.00449762819, -0.0105732894, -0.0386857871),
            (-0.00566870021, -0.00996858906, -0.0387442053),
            (-0.00676071038, -0.0092359446, -0.0388026234),
            (-0.00775978947, -0.008385472, -0.0388610397),
            (-0.00865334086, -0.00742878718, -0.0389194578),
            (-0.00943020172, -0.00637883088, -0.0389778759),
            (-0.0100807799, -0.00524970563, -0.0390362941),
            (-0.0105971741, -0.00405647978, -0.0390947122),
            (-0.0109732663, -0.00281499047, -0.0391531285),
            (-0.0112047987, -0.0015416313, -0.0392115466),
            (-0.0112894177, -0.000253137172, -0.0392699648),
            (-0.0112266904, 0.00103363674, -0.0393283829),
            (-0.0110181142, 0.00230193487, -0.0393868011),
            (-0.0106670773, 0.00353531889, -0.0394452192),
            (-0.01017881, 0.00471788226, -0.0395036355),
            (-0.00956030842, 0.00583445327, -0.0395620536),
            (-0.00882023387, 0.00687079225, -0.0396204736),
            (-0.00796879455, 0.00781377126, -0.0396788899),
            (-0.00701760035, 0.00865153875, -0.039737308),
            (-0.00597950909, 0.00937367324, -0.0397957262),
            (-0.00486845197, 0.00997130759, -0.0398541443),
            (-0.00369924656, 0.0104372399, -0.0399125606),
            (-0.00248739799, 0.0107660191, -0.0399709787),
            (-0.00124889531, 0.0109540084, -0.0400293969),
            (-2.67709002e-18, 0.0109994253, -0.040087815),
            (0.00140892749, 0.0123487534, -0.0382184494),
            (0.00279948744, 0.012108108, -0.0382768676),
            (0.00415355153, 0.011710519, -0.0383352839),
            (0.0054534683, 0.011161169, -0.038393702),
            (0.00668229023, 0.010467222, -0.0384521183),
            (0.00782399811, 0.00963772275, -0.0385105383),
            (0.00886370894, 0.00868348498, -0.0385689546),
            (0.00978786778, 0.0076169488, -0.0386273727),
            (0.0105844261, 0.00645201933, -0.0386857908),
            (0.0112430006, 0.00520388177, -0.0387442071),
            (0.0117550045, 0.00388880819, -0.0388026253),
            (0.0121137658, 0.00252394238, -0.0388610415),
            (0.0123146046, 0.00112707785, -0.0389194597),
            (0.0123549029, -0.000283575617, -0.0389778778),
            (0.0122341365, -0.00168962777, -0.0390362941),
            (0.0119538801, -0.00307274866, -0.0390947122),
            (0.0115177864, -0.00441490719, -0.0391531285),
            (0.0109315412, -0.00569860637, -0.0392115466),
            (0.010202786, -0.00690711057, -0.0392699629),
            (0.009341022, -0.00802466646, -0.0393283811),
            (0.00835748389, -0.00903670397, -0.0393867992),
            (0.00726499269, -0.00993002858, -0.0394452155),
            (0.0060777911, -0.0106929969, -0.0395036336),
            (0.00481135678, -0.0113156606, -0.0395620518),
            (0.00348219858, -0.011789903, -0.0396204699),
            (0.00210764469, -0.0121095432, -0.039678888),
            (0.000705614453, -0.0122704105, -0.0397373043),
            (-0.000705614453, -0.0122704105, -0.0397957225),
            (-0.00210764469, -0.0121095432, -0.0398541406),
            (-0.00348219858, -0.011789903, -0.0399125569),
            (-0.00481135678, -0.0113156606, -0.039970975),
            (-0.0060777911, -0.0106929969, -0.0400293932),
            (-0.00726499269, -0.00993002858, -0.0400878113),
            (-0.00835748389, -0.00903670397, -0.0401462294),
            (-0.009341022, -0.00802466646, -0.0402046457),
            (-0.010202786, -0.00690711057, -0.0402630638),
            (-0.0109315412, -0.00569860684, -0.040321482),
            (-0.0115177864, -0.00441490719, -0.0403799001),
            (-0.0119538801, -0.00307274889, -0.0404383183),
            (-0.0122341365, -0.001689628, -0.0404967345),
            (-0.0123549029, -0.000283575879, -0.0405551527),
            (-0.0123146046, 0.00112707762, -0.0406135708),
            (-0.0121137658, 0.00252394215, -0.040671989),
            (-0.0117550045, 0.00388880796, -0.0407304071),
            (-0.0112430006, 0.00520388177, -0.0407888252),
            (-0.0105844261, 0.00645201886, -0.0408472434),
            (-0.00978786778, 0.00761694834, -0.0409056615),
            (-0.00886370894, 0.00868348405, -0.0409640797),
            (-0.00782399811, 0.00963772181, -0.0410224959),
            (-0.00668229023, 0.010467221, -0.0410809141),
            (-0.0054534683, 0.011161169, -0.0411393322),
            (-0.00415355153, 0.011710518, -0.0411977504),
            (-0.00279948744, 0.012108108, -0.0412561666),
            (-0.00140892749, 0.0123487534, -0.0413145848),
            (-3.02731312e-18, 0.0124293184, -0.0413730029),
            (0.00140892749, 0.0123487534, -0.0385397464),
            (0.00279948744, 0.012108108, -0.0385981646),
            (0.00415355153, 0.011710519, -0.0386565827),
            (0.0054534683, 0.011161169, -0.038714999),
            (0.00668229023, 0.010467221, -0.0387734171),
            (0.00782399811, 0.00963772275, -0.0388318353),
            (0.00886370894, 0.00868348498, -0.0388902515),
            (0.00978786778, 0.0076169488, -0.0389486697),
            (0.0105844261, 0.00645201933, -0.0390070859),
            (0.0112430006, 0.00520388177, -0.0390655041),
            (0.0117550045, 0.00388880819, -0.0391239222),
            (0.0121137658, 0.00252394238, -0.0391823385),
            (0.0123146046, 0.00112707785, -0.0392407566),
            (0.0123549029, -0.000283575675, -0.0392991729),
            (0.0122341365, -0.00168962788, -0.0393575911),
            (0.0119538801, -0.00307274889, -0.0394160092),
            (0.0115177864, -0.00441490719, -0.0394744255),
            (0.0109315412, -0.00569860637, -0.0395328436),
            (0.010202786, -0.00690711057, -0.0395912599),
            (0.009341022, -0.00802466646, -0.0396496799),
            (0.00835748389, -0.00903670397, -0.0397080962),
            (0.00726499269, -0.00993002858, -0.0397665143),
            (0.0060777911, -0.0106929969, -0.0398249306),
            (0.00481135678, -0.0113156606, -0.0398833487),
            (0.00348219858, -0.011789903, -0.0399417669),
            (0.00210764469, -0.0121095432, -0.0400001832),
            (0.000705614453, -0.0122704105, -0.0400586013),
            (-0.000705614453, -0.0122704105, -0.0401170194),
            (-0.00210764469, -0.0121095432, -0.0401754376),
            (-0.00348219858, -0.011789903, -0.0402338538),
            (-0.00481135678, -0.0113156606, -0.040292272),
            (-0.0060777911, -0.0106929969, -0.0403506901),
            (-0.00726499269, -0.00993002951, -0.0404091083),
            (-0.00835748389, -0.00903670397, -0.0404675245),
            (-0.009341022, -0.00802466646, -0.0405259427),
            (-0.010202786, -0.00690711103, -0.0405843608),
            (-0.0109315412, -0.00569860684, -0.040642779),
            (-0.0115177864, -0.00441490766, -0.0407011971),
            (-0.0119538801, -0.00307274889, -0.0407596134),
            (-0.0122341365, -0.00168962812, -0.0408180334),
            (-0.0123549029, -0.000283575937, -0.0408764515),
            (-0.0123146046, 0.0011270775, -0.0409348697),
            (-0.0121137658, 0.00252394215, -0.0409932859),
            (-0.0117550045, 0.00388880773, -0.0410517041),
            (-0.0112430006, 0.00520388177, -0.0411101222),
            (-0.0105844261, 0.00645201886, -0.0411685404),
            (-0.00978786778, 0.00761694834, -0.0412269585),
            (-0.00886370894, 0.00868348405, -0.0412853748),
            (-0.00782399811, 0.00963772181, -0.0413437929),
            (-0.00668229023, 0.010467221, -0.0414022111),
            (-0.0054534683, 0.011161169, -0.0414606292),
            (-0.00415355153, 0.011710518, -0.0415190473),
            (-0.00279948744, 0.012108108, -0.0415774636),
            (-0.00140892749, 0.0123487534, -0.0416358818),
            (-3.02731312e-18, 0.0124293184, -0.0416942999),
            (0.00124593172, 0.0109281801, -0.0398249343),
            (0.00247562071, 0.0107153738, -0.0398833525),
            (0.00367303658, 0.0103637809, -0.0399417706),
            (0.0048225685, 0.00987798441, -0.0400001869),
            (0.00590923103, 0.00926431827, -0.040058605),
            (0.00691885781, 0.0085307816, -0.0401170232),
            (0.00783828646, 0.00768693769, -0.0401754394),
            (0.00865553133, 0.00674378732, -0.0402338576),
            (0.00935993809, 0.00571362535, -0.0402922757),
            (0.00994232297, 0.0046098819, -0.040350692),
            (0.0103950948, 0.00344694639, -0.0404091101),
            (0.0107123507, 0.00223997887, -0.0404675264),
            (0.0108899549, 0.0010047144, -0.0405259445),
            (0.0109255919, -0.000242743772, -0.0405843627),
            (0.0108187972, -0.00148613285, -0.040642779),
            (0.0105709638, -0.00270924391, -0.0407011971),
            (0.0101853199, -0.00389613095, -0.0407596134),
            (0.00966689643, -0.00503132166, -0.0408180334),
            (0.00902244821, -0.00610001711, -0.0408764497),
            (0.00826038048, -0.00708828541, -0.0409348678),
            (0.00739062531, -0.00798324216, -0.0409932841),
            (0.00642452203, -0.0087732207, -0.0410517022),
            (0.00537466537, -0.00944792293, -0.0411101204),
            (0.00425474159, -0.00999855157, -0.0411685366),
            (0.0030793508, -0.0104179308, -0.0412269548),
            (0.00186381605, -0.0107005918, -0.0412853729),
            (0.000623983564, -0.0108428486, -0.0413437892),
            (-0.000623983564, -0.0108428486, -0.0414022073),
            (-0.00186381605, -0.0107005918, -0.0414606255),
            (-0.0030793508, -0.0104179308, -0.0415190436),
            (-0.00425474159, -0.00999855157, -0.0415774599),
            (-0.00537466537, -0.00944792293, -0.041635878),
            (-0.00642452203, -0.0087732207, -0.0416942962),
            (-0.00739062531, -0.00798324216, -0.0417527143),
            (-0.00826038048, -0.00708828541, -0.0418111306),
            (-0.00902244821, -0.00610001711, -0.0418695487),
            (-0.00966689643, -0.00503132213, -0.0419279669),
            (-0.0101853199, -0.00389613118, -0.041986385),
            (-0.0105709638, -0.00270924415, -0.0420448031),
            (-0.0108187972, -0.00148613309, -0.0421032213),
            (-0.0109255919, -0.000242744034, -0.0421616394),
            (-0.0108899549, 0.00100471405, -0.0422200576),
            (-0.0107123507, 0.00223997864, -0.0422784757),
            (-0.0103950948, 0.00344694592, -0.042336892),
            (-0.00994232297, 0.0046098819, -0.0423953101),
            (-0.00935993809, 0.00571362488, -0.0424537283),
            (-0.00865553133, 0.00674378686, -0.0425121464),
            (-0.00783828646, 0.00768693723, -0.0425705645),
            (-0.00691885781, 0.00853078067, -0.0426289808),
            (-0.00590923103, 0.00926431827, -0.042687399),
            (-0.0048225685, 0.00987798441, -0.0427458171),
            (-0.00367303658, 0.01036378, -0.0428042352),
            (-0.00247562071, 0.0107153738, -0.0428626515),
            (-0.00124593172, 0.0109281791, -0.0429210697),
            (-2.67709002e-18, 0.0109994244, -0.0429794878),
            (0.00124593172, 0.0109281801, -0.0401462313),
            (0.00247562071, 0.0107153738, -0.0402046494),
            (0.00367303658, 0.0103637809, -0.0402630676),
            (0.0048225685, 0.00987798441, -0.0403214839),
            (0.00590923103, 0.00926431827, -0.040379902),
            (0.00691885781, 0.0085307816, -0.0404383201),
            (0.00783828646, 0.00768693769, -0.0404967364),
            (0.00865553133, 0.00674378732, -0.0405551545),
            (0.00935993809, 0.00571362535, -0.0406135708),
            (0.00994232297, 0.0046098819, -0.040671989),
            (0.0103950948, 0.00344694639, -0.0407304071),
            (0.0107123507, 0.00223997887, -0.0407888234),
            (0.0108899549, 0.00100471429, -0.0408472415),
            (0.0109255919, -0.00024274383, -0.0409056597),
            (0.0108187972, -0.00148613297, -0.0409640778),
            (0.0105709638, -0.00270924391, -0.0410224941),
            (0.0101853199, -0.00389613095, -0.0410809122),
            (0.00966689643, -0.00503132213, -0.0411393285),
            (0.00902244821, -0.00610001711, -0.0411977466),
            (0.00826038048, -0.00708828541, -0.0412561648),
            (0.00739062531, -0.00798324216, -0.0413145811),
            (0.00642452203, -0.0087732207, -0.0413729992),
            (0.00537466537, -0.00944792293, -0.0414314173),
            (0.00425474159, -0.00999855157, -0.0414898336),
            (0.0030793508, -0.0104179308, -0.0415482517),
            (0.00186381605, -0.0107005918, -0.0416066699),
            (0.000623983564, -0.0108428486, -0.0416650862),
            (-0.000623983564, -0.0108428486, -0.0417235043),
            (-0.00186381605, -0.0107005918, -0.0417819224),
            (-0.0030793508, -0.0104179308, -0.0418403406),
            (-0.00425474159, -0.00999855157, -0.0418987569),
            (-0.00537466537, -0.00944792293, -0.0419571769),
            (-0.00642452203, -0.0087732207, -0.0420155931),
            (-0.00739062531, -0.00798324216, -0.0420740113),
            (-0.00826038048, -0.00708828541, -0.0421324294),
            (-0.00902244821, -0.00610001758, -0.0421908476),
            (-0.00966689643, -0.00503132213, -0.0422492657),
            (-0.0101853199, -0.00389613118, -0.042307682),
            (-0.0105709638, -0.00270924415, -0.0423661001),
            (-0.0108187972, -0.0014861332, -0.0424245183),
            (-0.0109255919, -0.000242744078, -0.0424829364),
            (-0.0108899549, 0.00100471405, -0.0425413545),
            (-0.0107123507, 0.00223997864, -0.0425997708),
            (-0.0103950948, 0.00344694592, -0.042658189),
            (-0.00994232297, 0.00460988143, -0.0427166071),
            (-0.00935993809, 0.00571362488, -0.0427750252),
            (-0.00865553133, 0.00674378686, -0.0428334434),
            (-0.00783828646, 0.00768693723, -0.0428918597),
            (-0.00691885781, 0.00853078067, -0.0429502778),
            (-0.00590923103, 0.00926431827, -0.0430086959),
            (-0.0048225685, 0.00987798441, -0.0430671141),
            (-0.00367303658, 0.01036378, -0.0431255303),
            (-0.00247562071, 0.0107153738, -0.0431839503),
            (-0.00124593172, 0.0109281791, -0.0432423685),
            (-2.67709002e-18, 0.0109994244, -0.0433007848),
            (0.00140892749, 0.0123487534, -0.0414314211),
            (0.00279948744, 0.012108108, -0.0414898373),
            (0.00415355153, 0.011710518, -0.0415482555),
            (0.0054534683, 0.011161169, -0.0416066736),
            (0.00668229023, 0.010467221, -0.0416650899),
            (0.00782399811, 0.00963772181, -0.041723508),
            (0.00886370894, 0.00868348405, -0.0417819243),
            (0.00978786778, 0.00761694834, -0.0418403424),
            (0.0105844261, 0.00645201886, -0.0418987606),
            (0.0112430006, 0.0052038813, -0.0419571787),
            (0.0117550045, 0.00388880773, -0.042015595),
            (0.0121137658, 0.00252394192, -0.0420740131),
            (0.0123146046, 0.00112707738, -0.0421324313),
            (0.0123549029, -0.000283576141, -0.0421908476),
            (0.0122341365, -0.00168962835, -0.0422492657),
            (0.0119538801, -0.00307274936, -0.042307682),
            (0.0115177864, -0.00441490766, -0.0423661001),
            (0.0109315412, -0.00569860684, -0.0424245183),
            (0.010202786, -0.00690711103, -0.0424829345),
            (0.009341022, -0.00802466646, -0.0425413527),
            (0.00835748389, -0.00903670397, -0.042599769),
            (0.00726499269, -0.00993002951, -0.0426581871),
            (0.0060777911, -0.0106929969, -0.0427166052),
            (0.00481135678, -0.0113156615, -0.0427750215),
            (0.00348219858, -0.011789904, -0.0428334396),
            (0.00210764469, -0.0121095432, -0.0428918578),
            (0.000705614453, -0.0122704105, -0.0429502741),
            (-0.000705614453, -0.0122704105, -0.0430086922),
            (-0.00210764469, -0.0121095432, -0.0430671103),
            (-0.00348219858, -0.011789904, -0.0431255285),
            (-0.00481135678, -0.0113156615, -0.0431839466),
            (-0.0060777911, -0.0106929969, -0.0432423648),
            (-0.00726499269, -0.00993002951, -0.043300781),
            (-0.00835748389, -0.00903670397, -0.0433591992),
            (-0.009341022, -0.00802466646, -0.0434176173),
            (-0.010202786, -0.0069071115, -0.0434760355),
            (-0.0109315412, -0.0056986073, -0.0435344527),
            (-0.0115177864, -0.00441490812, -0.0435928708),
            (-0.0119538801, -0.00307274959, -0.0436512889),
            (-0.0122341365, -0.00168962858, -0.0437097062),
            (-0.0123549029, -0.000283576403, -0.0437681243),
            (-0.0123146046, 0.00112707703, -0.0438265424),
            (-0.0121137658, 0.00252394169, -0.0438849596),
            (-0.0117550045, 0.00388880726, -0.0439433778),
            (-0.0112430006, 0.00520388084, -0.0440017959),
            (-0.0105844261, 0.0064520184, -0.0440602131),
            (-0.00978786778, 0.00761694787, -0.0441186313),
            (-0.00886370894, 0.00868348405, -0.0441770485),
            (-0.00782399811, 0.00963772181, -0.0442354666),
            (-0.00668229023, 0.0104672201, -0.0442938857),
            (-0.0054534683, 0.0111611681, -0.0443523029),
            (-0.00415355153, 0.011710518, -0.044410721),
            (-0.00279948744, 0.0121081071, -0.0444691382),
            (-0.00140892749, 0.0123487525, -0.0445275564),
            (-3.02731312e-18, 0.0124293184, -0.0445859736),
            (0.00140892749, 0.0123487534, -0.0417527162),
            (0.00279948744, 0.012108108, -0.0418111343),
            (0.00415355153, 0.011710518, -0.0418695524),
            (0.0054534683, 0.011161169, -0.0419279687),
            (0.00668229023, 0.010467221, -0.0419863887),
            (0.00782399811, 0.00963772181, -0.042044805),
            (0.00886370894, 0.00868348405, -0.0421032231),
            (0.00978786778, 0.00761694834, -0.0421616413),
            (0.0105844261, 0.00645201886, -0.0422200576),
            (0.0112430006, 0.0052038813, -0.0422784757),
            (0.0117550045, 0.00388880749, -0.042336892),
            (0.0121137658, 0.00252394192, -0.0423953101),
            (0.0123146046, 0.00112707727, -0.0424537283),
            (0.0123549029, -0.000283576199, -0.0425121445),
            (0.0122341365, -0.00168962835, -0.0425705627),
            (0.0119538801, -0.00307274936, -0.042628979),
            (0.0115177864, -0.00441490766, -0.0426873971),
            (0.0109315412, -0.0056986073, -0.0427458152),
            (0.010202786, -0.00690711103, -0.0428042315),
            (0.009341022, -0.00802466646, -0.0428626496),
            (0.00835748389, -0.00903670397, -0.0429210659),
            (0.00726499269, -0.00993002951, -0.0429794841),
            (0.0060777911, -0.0106929969, -0.0430379022),
            (0.00481135678, -0.0113156615, -0.0430963185),
            (0.00348219858, -0.011789904, -0.0431547385),
            (0.00210764469, -0.0121095432, -0.0432131548),
            (0.000705614453, -0.0122704115, -0.0432715729),
            (-0.000705614453, -0.0122704115, -0.043329991),
            (-0.00210764469, -0.0121095432, -0.0433884083),
            (-0.00348219858, -0.011789904, -0.0434468255),
            (-0.00481135678, -0.0113156615, -0.0435052436),
            (-0.0060777911, -0.0106929978, -0.0435636608),
            (-0.00726499269, -0.00993002951, -0.0436220789),
            (-0.00835748389, -0.00903670397, -0.0436804962),
            (-0.009341022, -0.00802466646, -0.0437389143),
            (-0.010202786, -0.0069071115, -0.0437973315),
            (-0.0109315412, -0.0056986073, -0.0438557496),
            (-0.0115177864, -0.00441490812, -0.0439141678),
            (-0.0119538801, -0.00307274959, -0.043972585),
            (-0.0122341365, -0.00168962858, -0.0440310031),
            (-0.0123549029, -0.000283576461, -0.0440894213),
            (-0.0123146046, 0.00112707703, -0.0441478385),
            (-0.0121137658, 0.00252394169, -0.0442062566),
            (-0.0117550045, 0.00388880726, -0.0442646748),
            (-0.0112430006, 0.00520388084, -0.0443230929),
            (-0.0105844261, 0.0064520184, -0.044381511),
            (-0.00978786778, 0.00761694787, -0.0444399292),
            (-0.00886370894, 0.00868348405, -0.0444983464),
            (-0.00782399811, 0.00963772181, -0.0445567645),
            (-0.00668229023, 0.0104672201, -0.0446151817),
            (-0.0054534683, 0.0111611681, -0.0446735999),
            (-0.00415355153, 0.011710518, -0.044732018),
            (-0.00279948744, 0.0121081071, -0.0447904352),
            (-0.00140892749, 0.0123487525, -0.0448488524),
            (-3.02731312e-18, 0.0124293184, -0.0449072706),
            (0.00124593172, 0.0109281791, -0.0430379041),
            (0.00247562071, 0.0107153738, -0.0430963222),
            (0.00367303658, 0.01036378, -0.0431547403),
            (0.0048225685, 0.00987798441, -0.0432131585),
            (0.00590923103, 0.00926431827, -0.0432715766),
            (0.00691885781, 0.00853078067, -0.0433299929),
            (0.00783828646, 0.00768693723, -0.043388411),
            (0.00865553133, 0.00674378686, -0.0434468283),
            (0.00935993809, 0.00571362488, -0.0435052464),
            (0.00994232297, 0.00460988143, -0.0435636636),
            (0.0103950948, 0.00344694569, -0.0436220808),
            (0.0107123507, 0.00223997841, -0.043680498),
            (0.0108899549, 0.00100471382, -0.0437389152),
            (0.0109255919, -0.000242744296, -0.0437973334),
            (0.0108187972, -0.00148613343, -0.0438557506),
            (0.0105709638, -0.00270924438, -0.0439141678),
            (0.0101853199, -0.00389613141, -0.043972585),
            (0.00966689643, -0.00503132259, -0.0440310022),
            (0.00902244821, -0.00610001758, -0.0440894203),
            (0.00826038048, -0.00708828587, -0.0441478375),
            (0.00739062531, -0.00798324216, -0.0442062548),
            (0.00642452203, -0.0087732207, -0.044264672),
            (0.00537466537, -0.00944792293, -0.044323091),
            (0.00425474159, -0.00999855157, -0.0443815082),
            (0.0030793508, -0.0104179317, -0.0444399264),
            (0.00186381605, -0.0107005918, -0.0444983436),
            (0.000623983564, -0.0108428495, -0.0445567608),
            (-0.000623983564, -0.0108428495, -0.0446151789),
            (-0.00186381605, -0.0107005918, -0.0446735962),
            (-0.0030793508, -0.0104179317, -0.0447320143),
            (-0.00425474159, -0.0099985525, -0.0447904315),
            (-0.00537466537, -0.00944792386, -0.0448488496),
            (-0.00642452203, -0.00877322163, -0.0449072668),
            (-0.00739062531, -0.00798324216, -0.044965685),
            (-0.00826038048, -0.00708828587, -0.0450241022),
            (-0.00902244821, -0.00610001804, -0.0450825203),
            (-0.00966689643, -0.00503132259, -0.0451409385),
            (-0.0101853199, -0.00389613165, -0.0451993566),
            (-0.0105709638, -0.00270924461, -0.0452577738),
            (-0.0108187972, -0.00148613367, -0.045316192),
            (-0.0109255919, -0.000242744558, -0.0453746101),
            (-0.0108899549, 0.00100471359, -0.0454330273),
            (-0.0107123507, 0.00223997817, -0.0454914455),
            (-0.0103950948, 0.00344694545, -0.0455498636),
            (-0.00994232297, 0.00460988097, -0.0456082808),
            (-0.00935993809, 0.00571362441, -0.0456666989),
            (-0.00865553133, 0.00674378639, -0.0457251161),
            (-0.00783828646, 0.00768693676, -0.0457835352),
            (-0.00691885781, 0.00853078067, -0.0458419524),
            (-0.00590923103, 0.00926431734, -0.0459003706),
            (-0.0048225685, 0.00987798348, -0.0459587878),
            (-0.00367303658, 0.01036378, -0.0460172059),
            (-0.00247562071, 0.0107153729, -0.0460756231),
            (-0.00124593172, 0.0109281791, -0.0461340413),
            (-2.67709002e-18, 0.0109994244, -0.0461924585),
            (0.00124593172, 0.0109281791, -0.0433592029),
            (0.00247562071, 0.0107153729, -0.0434176201),
            (0.00367303658, 0.01036378, -0.0434760383),
            (0.0048225685, 0.00987798441, -0.0435344555),
            (0.00590923103, 0.00926431734, -0.0435928727),
            (0.00691885781, 0.00853078067, -0.0436512908),
            (0.00783828646, 0.00768693723, -0.043709708),
            (0.00865553133, 0.00674378639, -0.0437681252),
            (0.00935993809, 0.00571362488, -0.0438265424),
            (0.00994232297, 0.00460988143, -0.0438849606),
            (0.0103950948, 0.00344694569, -0.0439433778),
            (0.0107123507, 0.00223997841, -0.044001795),
            (0.0108899549, 0.00100471382, -0.0440602122),
            (0.0109255919, -0.000242744354, -0.0441186294),
            (0.0108187972, -0.00148613343, -0.0441770476),
            (0.0105709638, -0.00270924438, -0.0442354648),
            (0.0101853199, -0.00389613141, -0.0442938829),
            (0.00966689643, -0.00503132259, -0.0443523001),
            (0.00902244821, -0.00610001758, -0.0444107182),
            (0.00826038048, -0.00708828587, -0.0444691355),
            (0.00739062531, -0.00798324216, -0.0445275527),
            (0.00642452203, -0.0087732207, -0.0445859699),
            (0.00537466537, -0.00944792293, -0.044644388),
            (0.00425474159, -0.0099985525, -0.0447028052),
            (0.0030793508, -0.0104179317, -0.0447612224),
            (0.00186381605, -0.0107005918, -0.0448196406),
            (0.000623983564, -0.0108428495, -0.0448780578),
            (-0.000623983564, -0.0108428495, -0.0449364759),
            (-0.00186381605, -0.0107005918, -0.0449948931),
            (-0.0030793508, -0.0104179317, -0.0450533103),
            (-0.00425474159, -0.0099985525, -0.0451117285),
            (-0.00537466537, -0.00944792386, -0.0451701457),
            (-0.00642452203, -0.00877322163, -0.0452285648),
            (-0.00739062531, -0.00798324216, -0.045286982),
            (-0.00826038048, -0.00708828587, -0.0453454001),
            (-0.00902244821, -0.00610001804, -0.0454038173),
            (-0.00966689643, -0.00503132259, -0.0454622355),
            (-0.0101853199, -0.00389613165, -0.0455206536),
            (-0.0105709638, -0.00270924461, -0.0455790708),
            (-0.0108187972, -0.00148613367, -0.0456374889),
            (-0.0109255919, -0.000242744616, -0.0456959061),
            (-0.0108899549, 0.00100471347, -0.0457543252),
            (-0.0107123507, 0.00223997817, -0.0458127424),
            (-0.0103950948, 0.00344694545, -0.0458711606),
            (-0.00994232297, 0.00460988097, -0.0459295787),
            (-0.00935993809, 0.00571362441, -0.0459879959),
            (-0.00865553133, 0.00674378639, -0.0460464141),
            (-0.00783828646, 0.00768693676, -0.0461048313),
            (-0.00691885781, 0.00853078067, -0.0461632494),
            (-0.00590923103, 0.00926431734, -0.0462216666),
            (-0.0048225685, 0.00987798348, -0.0462800848),
            (-0.00367303658, 0.010363779, -0.046338502),
            (-0.00247562071, 0.0107153729, -0.0463969201),
            (-0.00124593172, 0.0109281791, -0.0464553382),
            (-2.67709002e-18, 0.0109994235, -0.0465137554),
            (0.00140892749, 0.0123487525, -0.0446443917),
            (0.00279948744, 0.0121081071, -0.0447028089),
            (0.00415355153, 0.011710518, -0.0447612262),
            (0.0054534683, 0.0111611681, -0.0448196443),
            (0.00668229023, 0.0104672201, -0.0448780615),
            (0.00782399811, 0.00963772181, -0.0449364787),
            (0.00886370894, 0.00868348405, -0.0449948959),
            (0.00978786778, 0.00761694787, -0.0450533141),
            (0.0105844261, 0.0064520184, -0.0451117313),
            (0.0112430006, 0.00520388084, -0.0451701485),
            (0.0117550045, 0.00388880703, -0.0452285666),
            (0.0121137658, 0.00252394145, -0.0452869838),
            (0.0123146046, 0.0011270768, -0.045345401),
            (0.0123549029, -0.000283576694, -0.0454038182),
            (0.0122341365, -0.00168962881, -0.0454622364),
            (0.0119538801, -0.00307274982, -0.0455206536),
            (0.0115177864, -0.00441490812, -0.0455790708),
            (0.0109315412, -0.00569860777, -0.045637488),
            (0.010202786, -0.0069071115, -0.0456959052),
            (0.009341022, -0.00802466739, -0.0457543234),
            (0.00835748389, -0.0090367049, -0.0458127406),
            (0.00726499269, -0.00993002951, -0.0458711587),
            (0.0060777911, -0.0106929978, -0.0459295759),
            (0.00481135678, -0.0113156615, -0.0459879931),
            (0.00348219858, -0.011789904, -0.0460464113),
            (0.00210764469, -0.0121095441, -0.0461048285),
            (0.000705614453, -0.0122704115, -0.0461632457),
            (-0.000705614453, -0.0122704115, -0.0462216638),
            (-0.00210764469, -0.0121095441, -0.046280081),
            (-0.00348219858, -0.011789904, -0.0463384992),
            (-0.00481135678, -0.0113156615, -0.0463969173),
            (-0.0060777911, -0.0106929978, -0.0464553345),
            (-0.00726499269, -0.00993003044, -0.0465137527),
            (-0.00835748389, -0.0090367049, -0.0465721699),
            (-0.009341022, -0.00802466739, -0.046630588),
            (-0.010202786, -0.00690711197, -0.0466890061),
            (-0.0109315412, -0.00569860777, -0.0467474234),
            (-0.0115177864, -0.00441490859, -0.0468058415),
            (-0.0119538801, -0.00307275006, -0.0468642587),
            (-0.0122341365, -0.00168962905, -0.0469226778),
            (-0.0123549029, -0.000283576926, -0.046981095),
            (-0.0123146046, 0.00112707657, -0.0470395131),
            (-0.0121137658, 0.00252394122, -0.0470979313),
            (-0.0117550045, 0.00388880679, -0.0471563485),
            (-0.0112430006, 0.00520388037, -0.0472147666),
            (-0.0105844261, 0.00645201793, -0.0472731847),
            (-0.00978786778, 0.00761694741, -0.047331602),
            (-0.00886370894, 0.00868348312, -0.0473900201),
            (-0.00782399811, 0.00963772088, -0.0474484373),
            (-0.00668229023, 0.0104672201, -0.0475068554),
            (-0.0054534683, 0.0111611681, -0.0475652736),
            (-0.00415355153, 0.0117105171, -0.0476236917),
            (-0.00279948744, 0.0121081071, -0.0476821089),
            (-0.00140892749, 0.0123487515, -0.0477405271),
            (-3.02731312e-18, 0.0124293175, -0.0477989443),
            (0.00140892749, 0.0123487525, -0.0449656878),
            (0.00279948744, 0.0121081071, -0.0450241059),
            (0.00415355153, 0.011710518, -0.0450825231),
            (0.0054534683, 0.0111611681, -0.0451409403),
            (0.00668229023, 0.0104672201, -0.0451993585),
            (0.00782399811, 0.00963772088, -0.0452577766),
            (0.00886370894, 0.00868348405, -0.0453161938),
            (0.00978786778, 0.00761694787, -0.045374611),
            (0.0105844261, 0.0064520184, -0.0454330282),
            (0.0112430006, 0.00520388084, -0.0454914455),
            (0.0117550045, 0.00388880703, -0.0455498636),
            (0.0121137658, 0.00252394145, -0.0456082808),
            (0.0123146046, 0.0011270768, -0.045666698),
            (0.0123549029, -0.000283576723, -0.0457251152),
            (0.0122341365, -0.00168962893, -0.0457835334),
            (0.0119538801, -0.00307274982, -0.0458419506),
            (0.0115177864, -0.00441490812, -0.0459003678),
            (0.0109315412, -0.00569860777, -0.045958785),
            (0.010202786, -0.0069071115, -0.0460172031),
            (0.009341022, -0.00802466739, -0.0460756203),
            (0.00835748389, -0.0090367049, -0.0461340375),
            (0.00726499269, -0.00993003044, -0.0461924547),
            (0.0060777911, -0.0106929978, -0.0462508729),
            (0.00481135678, -0.0113156615, -0.0463092901),
            (0.00348219858, -0.011789904, -0.0463677082),
            (0.00210764469, -0.0121095441, -0.0464261254),
            (0.000705614453, -0.0122704115, -0.0464845436),
            (-0.000705614453, -0.0122704115, -0.0465429608),
            (-0.00210764469, -0.0121095441, -0.046601378),
            (-0.00348219858, -0.0117899049, -0.0466597961),
            (-0.00481135678, -0.0113156615, -0.0467182133),
            (-0.0060777911, -0.0106929978, -0.0467766315),
            (-0.00726499269, -0.00993003044, -0.0468350496),
            (-0.00835748389, -0.0090367049, -0.0468934668),
            (-0.009341022, -0.00802466739, -0.046951885),
            (-0.010202786, -0.00690711197, -0.0470103031),
            (-0.0109315412, -0.00569860777, -0.0470687213),
            (-0.0115177864, -0.00441490859, -0.0471271385),
            (-0.0119538801, -0.00307275006, -0.0471855566),
            (-0.0122341365, -0.00168962916, -0.0472439738),
            (-0.0123549029, -0.000283576985, -0.047302392),
            (-0.0123146046, 0.00112707645, -0.0473608101),
            (-0.0121137658, 0.00252394099, -0.0474192273),
            (-0.0117550045, 0.00388880679, -0.0474776454),
            (-0.0112430006, 0.00520388037, -0.0475360636),
            (-0.0105844261, 0.00645201793, -0.0475944817),
            (-0.00978786778, 0.00761694741, -0.0476528999),
            (-0.00886370894, 0.00868348312, -0.0477113171),
            (-0.00782399811, 0.00963772088, -0.0477697352),
            (-0.00668229023, 0.0104672201, -0.0478281524),
            (-0.0054534683, 0.0111611681, -0.0478865706),
            (-0.00415355153, 0.0117105171, -0.0479449878),
            (-0.00279948744, 0.0121081062, -0.0480034059),
            (-0.00140892749, 0.0123487515, -0.0480618231),
            (-3.02731312e-18, 0.0124293175, -0.0481202413),
            (0.00124593172, 0.0109281791, -0.0462508757),
            (0.00247562071, 0.0107153729, -0.0463092938),
            (0.00367303658, 0.010363779, -0.046367712),
            (0.0048225685, 0.00987798348, -0.0464261292),
            (0.00590923103, 0.00926431734, -0.0464845464),
            (0.00691885781, 0.00853078067, -0.0465429645),
            (0.00783828646, 0.00768693676, -0.0466013817),
            (0.00865553133, 0.00674378593, -0.0466597989),
            (0.00935993809, 0.00571362441, -0.0467182161),
            (0.00994232297, 0.00460988097, -0.0467766343),
            (0.0103950948, 0.00344694522, -0.0468350515),
            (0.0107123507, 0.00223997794, -0.0468934687),
            (0.0108899549, 0.00100471335, -0.0469518868),
            (0.0109255919, -0.00024274482, -0.047010304),
            (0.0108187972, -0.0014861339, -0.0470687213),
            (0.0105709638, -0.00270924484, -0.0471271385),
            (0.0101853199, -0.00389613188, -0.0471855566),
            (0.00966689643, -0.00503132306, -0.0472439738),
            (0.00902244821, -0.00610001804, -0.047302391),
            (0.00826038048, -0.00708828634, -0.0473608082),
            (0.00739062531, -0.00798324309, -0.0474192264),
            (0.00642452203, -0.00877322163, -0.0474776436),
            (0.00537466537, -0.00944792386, -0.0475360617),
            (0.00425474159, -0.0099985525, -0.0475944789),
            (0.0030793508, -0.0104179317, -0.0476528961),
            (0.00186381605, -0.0107005928, -0.0477113143),
            (0.000623983564, -0.0108428495, -0.0477697315),
            (-0.000623983564, -0.0108428495, -0.0478281496),
            (-0.00186381605, -0.0107005928, -0.0478865668),
            (-0.0030793508, -0.0104179317, -0.047944985),
            (-0.00425474159, -0.0099985525, -0.0480034022),
            (-0.00537466537, -0.00944792386, -0.0480618203),
            (-0.00642452203, -0.00877322163, -0.0481202385),
            (-0.00739062531, -0.00798324309, -0.0481786557),
            (-0.00826038048, -0.00708828634, -0.0482370738),
            (-0.00902244821, -0.00610001851, -0.048295491),
            (-0.00966689643, -0.00503132306, -0.0483539092),
            (-0.0101853199, -0.00389613211, -0.0484123273),
            (-0.0105709638, -0.00270924508, -0.0484707445),
            (-0.0108187972, -0.00148613413, -0.0485291626),
            (-0.0109255919, -0.000242745082, -0.0485875799),
            (-0.0108899549, 0.00100471301, -0.048645998),
            (-0.0107123507, 0.00223997771, -0.0487044161),
            (-0.0103950948, 0.00344694499, -0.0487628343),
            (-0.00994232297, 0.0046098805, -0.0488212524),
            (-0.00935993809, 0.00571362395, -0.0488796696),
            (-0.00865553133, 0.00674378593, -0.0489380878),
            (-0.00783828646, 0.0076869363, -0.048996505),
            (-0.00691885781, 0.00853077974, -0.0490549231),
            (-0.00590923103, 0.00926431641, -0.0491133403),
            (-0.0048225685, 0.00987798348, -0.0491717585),
            (-0.00367303658, 0.010363779, -0.0492301757),
            (-0.00247562071, 0.0107153719, -0.0492885947),
            (-0.00124593172, 0.0109281782, -0.0493470119),
            (-2.67709002e-18, 0.0109994235, -0.0494054292),
            (0.00124593172, 0.0109281791, -0.0465721736),
            (0.00247562071, 0.0107153729, -0.0466305908),
            (0.00367303658, 0.010363779, -0.0466890089),
            (0.0048225685, 0.00987798348, -0.0467474261),
            (0.00590923103, 0.00926431734, -0.0468058434),
            (0.00691885781, 0.00853078067, -0.0468642606),
            (0.00783828646, 0.00768693676, -0.0469226787),
            (0.00865553133, 0.00674378593, -0.0469810968),
            (0.00935993809, 0.00571362441, -0.047039514),
            (0.00994232297, 0.00460988097, -0.0470979313),
            (0.0103950948, 0.00344694522, -0.0471563485),
            (0.0107123507, 0.00223997794, -0.0472147657),
            (0.0108899549, 0.00100471324, -0.0472731838),
            (0.0109255919, -0.000242744878, -0.047331601),
            (0.0108187972, -0.00148613402, -0.0473900182),
            (0.0105709638, -0.00270924508, -0.0474484354),
            (0.0101853199, -0.00389613211, -0.0475068526),
            (0.00966689643, -0.00503132306, -0.0475652708),
            (0.00902244821, -0.00610001851, -0.0476236889),
            (0.00826038048, -0.00708828634, -0.0476821061),
            (0.00739062531, -0.00798324309, -0.0477405233),
            (0.00642452203, -0.00877322163, -0.0477989406),
            (0.00537466537, -0.00944792386, -0.0478573587),
            (0.00425474159, -0.0099985525, -0.0479157759),
            (0.0030793508, -0.0104179317, -0.0479741931),
            (0.00186381605, -0.0107005928, -0.0480326113),
            (0.000623983564, -0.0108428495, -0.0480910294),
            (-0.000623983564, -0.0108428495, -0.0481494466),
            (-0.00186381605, -0.0107005928, -0.0482078638),
            (-0.0030793508, -0.0104179317, -0.0482662819),
            (-0.00425474159, -0.0099985525, -0.0483246992),
            (-0.00537466537, -0.00944792386, -0.0483831173),
            (-0.00642452203, -0.00877322163, -0.0484415345),
            (-0.00739062531, -0.00798324309, -0.0484999526),
            (-0.00826038048, -0.00708828634, -0.0485583708),
            (-0.00902244821, -0.00610001851, -0.048616788),
            (-0.00966689643, -0.00503132306, -0.0486752061),
            (-0.0101853199, -0.00389613211, -0.0487336243),
            (-0.0105709638, -0.00270924508, -0.0487920424),
            (-0.0108187972, -0.00148613425, -0.0488504596),
            (-0.0109255919, -0.00024274514, -0.0489088778),
            (-0.0108899549, 0.00100471301, -0.048967295),
            (-0.0107123507, 0.00223997748, -0.0490257131),
            (-0.0103950948, 0.00344694499, -0.0490841312),
            (-0.00994232297, 0.0046098805, -0.0491425485),
            (-0.00935993809, 0.00571362395, -0.0492009666),
            (-0.00865553133, 0.00674378593, -0.0492593847),
            (-0.00783828646, 0.0076869363, -0.0493178029),
            (-0.00691885781, 0.00853077974, -0.0493762201),
            (-0.00590923103, 0.00926431641, -0.0494346382),
            (-0.0048225685, 0.00987798255, -0.0494930554),
            (-0.00367303658, 0.010363779, -0.0495514736),
            (-0.00247562071, 0.0107153719, -0.0496098908),
            (-0.00124593172, 0.0109281782, -0.0496683089),
            (-2.67709002e-18, 0.0109994235, -0.0497267271),
            (0.00140892749, 0.0123487515, -0.0478573615),
            (0.00279948744, 0.0121081062, -0.0479157796),
            (0.00415355153, 0.0117105171, -0.0479741968),
            (0.0054534683, 0.0111611681, -0.048032614),
            (0.00668229023, 0.0104672201, -0.0480910322),
            (0.00782399811, 0.00963772088, -0.0481494503),
            (0.00886370894, 0.00868348312, -0.0482078675),
            (0.00978786778, 0.00761694741, -0.0482662847),
            (0.0105844261, 0.00645201793, -0.0483247019),
            (0.0112430006, 0.00520388037, -0.0483831192),
            (0.0117550045, 0.00388880656, -0.0484415373),
            (0.0121137658, 0.00252394099, -0.0484999545),
            (0.0123146046, 0.00112707634, -0.0485583717),
            (0.0123549029, -0.000283577217, -0.0486167889),
            (0.0122341365, -0.0016896294, -0.0486752061),
            (0.0119538801, -0.00307275029, -0.0487336243),
            (0.0115177864, -0.00441490859, -0.0487920415),
            (0.0109315412, -0.00569860823, -0.0488504587),
            (0.010202786, -0.00690711197, -0.0489088768),
            (0.009341022, -0.00802466739, -0.048967294),
            (0.00835748389, -0.0090367049, -0.0490257112),
            (0.00726499269, -0.00993003044, -0.0490841285),
            (0.0060777911, -0.0106929978, -0.0491425466),
            (0.00481135678, -0.0113156624, -0.0492009638),
            (0.00348219858, -0.0117899049, -0.0492593819),
            (0.00210764469, -0.0121095441, -0.0493177992),
            (0.000705614453, -0.0122704124, -0.0493762173),
            (-0.000705614453, -0.0122704124, -0.0494346345),
            (-0.00210764469, -0.0121095441, -0.0494930526),
            (-0.00348219858, -0.0117899049, -0.0495514698),
            (-0.00481135678, -0.0113156624, -0.049609888),
            (-0.0060777911, -0.0106929988, -0.0496683052),
            (-0.00726499269, -0.00993003044, -0.0497267233),
            (-0.00835748389, -0.00903670583, -0.0497851405),
            (-0.009341022, -0.00802466739, -0.0498435587),
            (-0.010202786, -0.00690711243, -0.0499019768),
            (-0.0109315412, -0.00569860823, -0.049960394),
            (-0.0115177864, -0.00441490905, -0.0500188122),
            (-0.0119538801, -0.00307275052, -0.0500772303),
            (-0.0122341365, -0.00168962963, -0.0501356485),
            (-0.0123549029, -0.000283577479, -0.0501940657),
            (-0.0123146046, 0.00112707599, -0.0502524838),
            (-0.0121137658, 0.00252394052, -0.0503109019),
            (-0.0117550045, 0.00388880633, -0.0503693191),
            (-0.0112430006, 0.0052038799, -0.0504277373),
            (-0.0105844261, 0.00645201746, -0.0504861554),
            (-0.00978786778, 0.00761694694, -0.0505445726),
            (-0.00886370894, 0.00868348312, -0.0506029908),
            (-0.00782399811, 0.00963772088, -0.0506614089),
            (-0.00668229023, 0.0104672192, -0.0507198261),
            (-0.0054534683, 0.0111611672, -0.0507782443),
            (-0.00415355153, 0.0117105171, -0.0508366615),
            (-0.00279948744, 0.0121081062, -0.0508950796),
            (-0.00140892749, 0.0123487515, -0.0509534978),
            (-3.02731312e-18, 0.0124293175, -0.051011915),
            (0.00140892749, 0.0123487515, -0.0481786594),
            (0.00279948744, 0.0121081062, -0.0482370766),
            (0.00415355153, 0.0117105171, -0.0482954938),
            (0.0054534683, 0.0111611672, -0.048353912),
            (0.00668229023, 0.0104672201, -0.0484123292),
            (0.00782399811, 0.00963772088, -0.0484707464),
            (0.00886370894, 0.00868348312, -0.0485291645),
            (0.00978786778, 0.00761694741, -0.0485875817),
            (0.0105844261, 0.00645201793, -0.0486459989),
            (0.0112430006, 0.00520388037, -0.0487044171),
            (0.0117550045, 0.00388880656, -0.0487628343),
            (0.0121137658, 0.00252394076, -0.0488212515),
            (0.0123146046, 0.00112707622, -0.0488796687),
            (0.0123549029, -0.000283577276, -0.0489380868),
            (0.0122341365, -0.0016896294, -0.048996504),
            (0.0119538801, -0.00307275029, -0.0490549212),
            (0.0115177864, -0.00441490905, -0.0491133385),
            (0.0109315412, -0.00569860823, -0.0491717557),
            (0.010202786, -0.00690711243, -0.0492301729),
            (0.009341022, -0.00802466739, -0.049288591),
            (0.00835748389, -0.0090367049, -0.0493470092),
            (0.00726499269, -0.00993003044, -0.0494054264),
            (0.0060777911, -0.0106929988, -0.0494638436),
            (0.00481135678, -0.0113156624, -0.0495222608),
            (0.00348219858, -0.0117899049, -0.0495806789),
            (0.00210764469, -0.0121095441, -0.0496390961),
            (0.000705614453, -0.0122704124, -0.0496975133),
            (-0.000705614453, -0.0122704124, -0.0497559315),
            (-0.00210764469, -0.0121095441, -0.0498143496),
            (-0.00348219858, -0.0117899049, -0.0498727668),
            (-0.00481135678, -0.0113156624, -0.049931185),
            (-0.0060777911, -0.0106929988, -0.0499896022),
            (-0.00726499269, -0.00993003044, -0.0500480203),
            (-0.00835748389, -0.00903670583, -0.0501064385),
            (-0.009341022, -0.00802466739, -0.0501648557),
            (-0.010202786, -0.00690711243, -0.0502232738),
            (-0.0109315412, -0.00569860823, -0.050281691),
            (-0.0115177864, -0.00441490905, -0.0503401091),
            (-0.0119538801, -0.00307275052, -0.0503985273),
            (-0.0122341365, -0.00168962963, -0.0504569454),
            (-0.0123549029, -0.000283577509, -0.0505153626),
            (-0.0123146046, 0.00112707599, -0.0505737808),
            (-0.0121137658, 0.00252394052, -0.0506321989),
            (-0.0117550045, 0.0038888061, -0.0506906171),
            (-0.0112430006, 0.0052038799, -0.0507490343),
            (-0.0105844261, 0.00645201746, -0.0508074524),
            (-0.00978786778, 0.00761694694, -0.0508658696),
            (-0.00886370894, 0.00868348312, -0.0509242878),
            (-0.00782399811, 0.00963771995, -0.0509827059),
            (-0.00666636368, 0.0104424376, -0.0510411231),
            (-0.00541447476, 0.0110818595, -0.0510995412),
            (-0.00410405407, 0.0115717901, -0.0511579594),
            (-0.00275278161, 0.0119072553, -0.0512163771),
            (-0.00137870526, 0.012085354, -0.0512747943),
            (-2.94794535e-18, 0.012105274, -0.0513332119),
            (0.00124593172, 0.0109281782, -0.0494638473),
            (0.00247562071, 0.0107153719, -0.0495222645),
            (0.00367303658, 0.010363779, -0.0495806826),
            (0.0048225685, 0.00987798255, -0.0496390999),
            (0.00590923103, 0.00926431641, -0.0496975171),
            (0.00691885781, 0.00853077974, -0.0497559352),
            (0.00783828646, 0.0076869363, -0.0498143524),
            (0.00865553133, 0.00674378546, -0.0498727696),
            (0.00935993809, 0.00571362395, -0.0499311878),
            (0.00994232297, 0.0046098805, -0.049989605),
            (0.0103950948, 0.00344694476, -0.0500480222),
            (0.0107123507, 0.00223997748, -0.0501064403),
            (0.0108899549, 0.00100471277, -0.0501648575),
            (0.0109255919, -0.000242745358, -0.0502232747),
            (0.0108187972, -0.00148613448, -0.0502816919),
            (0.0105709638, -0.00270924554, -0.0503401101),
            (0.0101853199, -0.00389613258, -0.0503985273),
            (0.00966689643, -0.00503132353, -0.0504569445),
            (0.00902244821, -0.00610001897, -0.0505153617),
            (0.00826038048, -0.0070882868, -0.0505737798),
            (0.00739062531, -0.00798324309, -0.0506321971),
            (0.00642452203, -0.00877322257, -0.0506906143),
            (0.00537466537, -0.00944792479, -0.0507490324),
            (0.00425474159, -0.00999855343, -0.0508074496),
            (0.0030793508, -0.0104179326, -0.0508658668),
            (0.00186381605, -0.0107005928, -0.050924285),
            (0.000623983564, -0.0108428504, -0.0509827022),
            (-0.000623983564, -0.0108428504, -0.0510411203),
            (-0.00186381605, -0.0107005928, -0.0510995375),
            (-0.0030793508, -0.0104179326, -0.0511579557),
            (-0.00425474159, -0.00999855343, -0.0512163733),
            (-0.00537466537, -0.00944792479, -0.051274791),
            (-0.00642452203, -0.00877322257, -0.0513332087),
            (-0.00739062531, -0.00798324309, -0.0513916264),
            (-0.00826038048, -0.0070882868, -0.051450044),
            (-0.00902244821, -0.00610001897, -0.0515084622),
            (-0.00966689643, -0.00503132353, -0.0515668798),
            (-0.0101853199, -0.00389613258, -0.0516252975),
            (-0.0105709638, -0.00270924577, -0.0516837157),
            (-0.0108187972, -0.00148613472, -0.0517421338),
            (-0.0109255919, -0.00024274562, -0.0518005515),
            (-0.0108899549, 0.00100471254, -0.0518589691),
            (-0.0107123507, 0.00223997701, -0.0519173868),
            (-0.0103950948, 0.00344694452, -0.051975805),
            (-0.00994232297, 0.00460988004, -0.0520342226),
            (-0.00935993809, 0.00571362348, -0.0520926403),
            (-0.00865553133, 0.00674378546, -0.0521510584),
            (-0.00783828646, 0.00768693583, -0.0522094761),
            (-0.00691885781, 0.00853077974, -0.0522678938),
            (-0.00590923103, 0.00926431641, -0.0523263119),
            (-0.0048225685, 0.00987798255, -0.0523847296),
            (-0.00366847543, 0.0103509957, -0.0524431473),
            (-0.00245920243, 0.0106447665, -0.052501565),
            (-0.00123095268, 0.0107976282, -0.0525599826),
            (-2.63047426e-18, 0.0108091002, -0.0526184003),
            (0.00124593172, 0.0109281782, -0.0497851443),
            (0.00247562071, 0.0107153719, -0.0498435615),
            (0.00367303658, 0.010363779, -0.0499019796),
            (0.0048225685, 0.00987798255, -0.0499603968),
            (0.00590923103, 0.00926431641, -0.050018815),
            (0.00691885781, 0.00853077974, -0.0500772322),
            (0.00783828646, 0.0076869363, -0.0501356494),
            (0.00865553133, 0.00674378546, -0.0501940666),
            (0.00935993809, 0.00571362395, -0.0502524847),
            (0.00994232297, 0.0046098805, -0.0503109019),
            (0.0103950948, 0.00344694476, -0.0503693191),
            (0.0107123507, 0.00223997724, -0.0504277373),
            (0.0108899549, 0.00100471277, -0.0504861545),
            (0.0109255919, -0.000242745402, -0.0505445717),
            (0.0108187972, -0.00148613448, -0.0506029889),
            (0.0105709638, -0.00270924554, -0.0506614071),
            (0.0101853199, -0.00389613258, -0.0507198243),
            (0.00966689643, -0.00503132353, -0.0507782415),
            (0.00902244821, -0.00610001897, -0.0508366587),
            (0.00826038048, -0.0070882868, -0.0508950768),
            (0.00739062531, -0.00798324309, -0.050953494),
            (0.00642452203, -0.00877322257, -0.0510119112),
            (0.00537466537, -0.00944792479, -0.0510703294),
            (0.00425474159, -0.00999855343, -0.0511287466),
            (0.0030793508, -0.0104179326, -0.0511871647),
            (0.00186381605, -0.0107005928, -0.0512455819),
            (0.000623983564, -0.0108428504, -0.0513039996),
            (-0.000623983564, -0.0108428504, -0.0513624173),
            (-0.00186381605, -0.0107005928, -0.051420835),
            (-0.0030793508, -0.0104179326, -0.0514792526),
            (-0.00425474159, -0.00999855343, -0.0515376703),
            (-0.00537466537, -0.00944792479, -0.051596088),
            (-0.00642452203, -0.00877322257, -0.0516545057),
            (-0.00739062531, -0.00798324309, -0.0517129233),
            (-0.00826038048, -0.00708828727, -0.0517713415),
            (-0.00902244821, -0.00610001897, -0.0518297591),
            (-0.00966689643, -0.00503132353, -0.0518881768),
            (-0.0101853199, -0.00389613281, -0.051946595),
            (-0.0105709638, -0.00270924577, -0.0520050126),
            (-0.0108187972, -0.00148613472, -0.0520634303),
            (-0.0109255919, -0.000242745664, -0.0521218484),
            (-0.0108899549, 0.00100471242, -0.0521802661),
            (-0.0107123507, 0.00223997701, -0.0522386843),
            (-0.0103950948, 0.00344694429, -0.0522971019),
            (-0.00994232297, 0.00460988004, -0.0523555196),
            (-0.00935993809, 0.00571362348, -0.0524139377),
            (-0.00862145517, 0.00671750819, -0.0524723554),
            (-0.00776517671, 0.0076158843, -0.0525307731),
            (-0.00681702793, 0.00840624701, -0.0525891912),
            (-0.00579040777, 0.00907942373, -0.0526476089),
            (-0.00469960086, 0.00962787867, -0.0527060266),
            (-0.003559581, 0.0100457976, -0.0527644443),
            (-0.00238580769, 0.010329145, -0.0528228619),
            (-0.00119401433, 0.010475697, -0.0528812796),
            (-2.55110649e-18, 0.0104850559, -0.0529396973),
            (0.00140221138, 0.0122902188, -0.0510703322),
            (0.0027727983, 0.0119933337, -0.0511287503),
            (0.00409415457, 0.0115440441, -0.0511871675),
            (0.00534948613, 0.0109496787, -0.0512455857),
            (0.00652302569, 0.0102193989, -0.0513040029),
            (0.00760022737, 0.00936405919, -0.0513624205),
            (0.00856794976, 0.00839605182, -0.0514208377),
            (0.00941461604, 0.00732912635, -0.0514792554),
            (0.0101303449, 0.00617819559, -0.0515376731),
            (0.010707072, 0.00495912973, -0.0515960903),
            (0.0111386376, 0.00368853635, -0.051654508),
            (0.0114208432, 0.00238353619, -0.0517129252),
            (0.0115514928, 0.00106153206, -0.0517713429),
            (0.0115304012, -0.000260023604, -0.0518297601),
            (0.0113593778, -0.00156385847, -0.0518881777),
            (0.0110421786, -0.00283310632, -0.051946595),
            (0.0105844429, -0.00405152515, -0.0520050126),
            (0.00999359507, -0.00520370482, -0.0520634298),
            (0.00927873421, -0.00627526222, -0.0521218475),
            (0.00845049229, -0.00725302007, -0.0521802647),
            (0.00752088195, -0.00812516734, -0.0522386824),
            (0.006503121, -0.008881405, -0.0522971001),
            (0.00541144889, -0.0095130587, -0.0523555173),
            (0.00426092558, -0.0100131873, -0.0524139349),
            (0.00306722778, -0.0103766453, -0.0524723526),
            (0.00184643164, -0.0106001385, -0.0525307703),
            (0.000614799967, -0.0106822476, -0.052589188),
            (-0.000611436495, -0.0106234271, -0.0526476056),
            (-0.00181629171, -0.0104259765, -0.0527060233),
            (-0.00298423367, -0.0100939926, -0.052764441),
            (-0.00410038326, -0.00963329896, -0.0528228587),
            (-0.00515070558, -0.00905134343, -0.0528812763),
            (-0.00612218492, -0.00835709088, -0.052939694),
            (-0.0070029851, -0.00756088225, -0.0529981122),
            (-0.00778259477, -0.00667428365, -0.0530565298),
            (-0.00845195074, -0.00570992287, -0.0531149475),
            (-0.0090035405, -0.00468130736, -0.0531733656),
            (-0.00943148788, -0.00360263907, -0.0532317833),
            (-0.00973160658, -0.00248861755, -0.053290201),
            (-0.00990144536, -0.00135423976, -0.0533486187),
            (-0.00994029269, -0.000214598083, -0.0534070368),
            (-0.00984916743, 0.00091531896, -0.0534654545),
            (-0.00963079464, 0.00202082493, -0.0535238722),
            (-0.00928953569, 0.00308772619, -0.0535822903),
            (-0.00883132499, 0.00410250388, -0.053640708),
            (-0.00826356467, 0.00505248597, -0.0536991256),
            (-0.00759501196, 0.00592600228, -0.0537575438),
            (-0.00683564879, 0.00671253167, -0.0538159615),
            (-0.00599653367, 0.00740282517, -0.0538743791),
            (-0.00508964388, 0.00798901264, -0.0539327968),
            (-0.00412770174, 0.00846469402, -0.0539912145),
            (-0.0031240026, 0.00882500317, -0.0540496322),
            (-0.00209222827, 0.0090666553, -0.0541080498),
            (0.00136527326, 0.0119682876, -0.0513916296),
            (0.00269940356, 0.0116777122, -0.0514500473),
            (0.00398526015, 0.0112388469, -0.051508465),
            (0.00520651136, 0.0106588835, -0.0515668826),
            (0.00634783413, 0.00994679611, -0.0516252998),
            (0.00739510357, 0.00911320467, -0.0516837175),
            (0.00833556801, 0.00817021448, -0.0517421352),
            (0.00915800408, 0.00713125011, -0.0518005524),
            (0.00985285081, 0.0060108602, -0.0518589701),
            (0.0104123121, 0.00482451729, -0.0519173873),
            (0.0108304545, 0.00358840125, -0.051975805),
            (0.0111032529, 0.00231918413, -0.0520342222),
            (0.0112286387, 0.00103380193, -0.0520926398),
            (0.0112064909, -0.000250770245, -0.052151057),
            (0.0110386321, -0.00151774241, -0.0522094747),
            (0.0107287802, -0.00275072851, -0.0522678919),
            (0.0102824774, -0.00393395964, -0.0523263096),
            (0.00970700104, -0.00505248457, -0.0523847268),
            (0.00901124533, -0.00609235838, -0.0524431445),
            (0.00820559636, -0.00704081636, -0.0525015622),
            (0.00730177155, -0.00788643118, -0.0525599794),
            (0.00631265296, -0.00861924794, -0.052618397),
            (0.00525210565, -0.00923089962, -0.0526768147),
            (0.00413478538, -0.00971470308, -0.0527352324),
            (0.00297593419, -0.0100657269, -0.0527936496),
            (0.00179117511, -0.010280841, -0.0528520673),
            (0.000596300699, -0.0103587331, -0.0529104849),
            (-0.000592937227, -0.0102999127, -0.0529689026),
            (-0.00176103518, -0.0101066781, -0.0530273203),
            (-0.00289294007, -0.00978307519, -0.053085738),
            (-0.00397424307, -0.00933481473, -0.0531441556),
            (-0.0049913628, -0.00876918435, -0.0532025738),
            (-0.00593171734, -0.00809493475, -0.0532609915),
            (-0.00678387564, -0.00732214609, -0.0533194091),
            (-0.0075376993, -0.0064620804, -0.0533778268),
            (-0.00818446185, -0.0055270181, -0.0534362445),
            (-0.00871694554, -0.00453008665, -0.0534946626),
            (-0.00912952237, -0.00348507357, -0.0535530803),
            (-0.00941820908, -0.00240623998, -0.053611498),
            (-0.00958070066, -0.00130812358, -0.0536699161),
            (-0.00961638056, -0.000205344739, -0.0537283338),
            (-0.00952631328, 0.000887588889, -0.0537867515),
            (-0.00931320433, 0.00195647287, -0.0538451696),
            (-0.00898135267, 0.00298759132, -0.0539035873),
            (-0.00853656512, 0.00396789145, -0.0539620049),
            (-0.00798607059, 0.00488515059, -0.0540204231),
            (-0.0073384014, 0.00572812557, -0.0540788408),
            (-0.00660326658, 0.0064866934, -0.0541372584),
            (-0.00402372004, 0.0082532065, -0.0542248852),
            (-0.00306460564, 0.00865853112, -0.0542248852),
            (-0.00206553936, 0.00895188376, -0.0542248852),
            (0.00121752056, 0.0106805628, -0.052676818),
            (0.00240582437, 0.0104152234, -0.0527352357),
            (0.00354968151, 0.0100180525, -0.0527936529),
            (0.00463461271, 0.00949569885, -0.0528520705),
            (0.00564707024, 0.00885638501, -0.0529104882),
            (0.00657460932, 0.00810978189, -0.0529689054),
            (0.00740604056, 0.00726686185, -0.0530273231),
            (0.0081315618, 0.0063397442, -0.0530857408),
            (0.00874287263, 0.0053415196, -0.053144158),
            (0.00923327077, 0.00428606709, -0.0532025756),
            (0.00959771965, 0.00318786129, -0.0532609933),
            (0.00983289722, 0.00206177612, -0.0533194105),
            (0.00993721839, 0.000922881707, -0.0533778282),
            (0.0099108452, -0.000213756881, -0.0534362454),
            (0.0097556524, -0.00133327791, -0.0534946631),
            (0.00947519019, -0.00242121774, -0.0535530803),
            (0.00907461997, -0.00346369832, -0.053611498),
            (0.00856062118, -0.00444760267, -0.0536699156),
            (0.00794129074, -0.0053607421, -0.0537283329),
            (0.00722601404, -0.00619200338, -0.0537867505),
            (0.00642533181, -0.00693148747, -0.0538451682),
            (0.00555078126, -0.00757062156, -0.0539035854),
            (0.00461473409, -0.00810226146, -0.0539620031),
            (0.00363022345, -0.00852076709, -0.0540204208),
            (0.00261075958, -0.00882205833, -0.0540788384),
            (0.00157014874, -0.00900365133, -0.0541372561),
            (-0.00155507878, -0.00891656987, -0.0542248824),
            (-0.00256926264, -0.00868073199, -0.0542248824),
            (-0.00354995229, -0.00833082292, -0.0542248824),
            (-0.0044843629, -0.00787140336, -0.0542248824),
            (-0.00536031323, -0.00730846496, -0.0542248828),
            (-0.00616638316, -0.00664934469, -0.0542248828),
            (-0.00689206552, -0.00590263493, -0.0542248828),
            (-0.00752789853, -0.00507807173, -0.0542248828),
            (-0.00806559436, -0.00418640394, -0.0542248833),
            (-0.00849814247, -0.00323925517, -0.0542248833),
            (-0.00881990511, -0.00224897335, -0.0542248833),
            (-0.00902668573, -0.00122846849, -0.0542248838),
            (-0.00911579002, -0.000191044106, -0.0542248838),
            (-0.00908605661, 0.000849775097, -0.0542248838),
            (-0.00893787201, 0.0018804206, -0.0542248842),
            (-0.00867316872, 0.00288745645, -0.0542248842),
            (-0.00829539727, 0.00385775394, -0.0542248847),
            (-0.00780948298, 0.00477866409, -0.0542248847),
            (-0.00722175976, 0.0056381817, -0.0542248847),
            (-0.00653989054, 0.00642510178, -0.0542248847),
            (0.00118058233, 0.0103586307, -0.052998115),
            (0.0023324294, 0.010099601, -0.0530565326),
            (0.00344078685, 0.00971285347, -0.0531149503),
            (0.00449163746, 0.00920490269, -0.0531733675),
            (0.00547187869, 0.00858378224, -0.0532317852),
            (0.00636948552, 0.00785892643, -0.0532902029),
            (0.00717365928, 0.00704102358, -0.0533486201),
            (0.00787495077, 0.00614186749, -0.0534070377),
            (0.00846537855, 0.00517418422, -0.0534654554),
            (0.0089385109, 0.0041514542, -0.0535238726),
            (0.00928953569, 0.00308772619, -0.0535822903),
            (0.00951530691, 0.00199742429, -0.0536407075),
            (0.00961436424, 0.000895151636, -0.0536991252),
            (0.009586934, -0.000204503522, -0.0537575424),
            (0.00943490677, -0.00128716172, -0.0538159601),
            (0.0091617927, -0.00233884016, -0.0538743777),
            (0.00877265632, -0.00334613258, -0.0539327949),
            (0.00827402715, -0.00429638242, -0.0539912126),
            (0.00767380139, -0.0051778378, -0.0540496303),
            (0.00698111858, -0.0059798006, -0.0541080475),
            (0.0044843629, -0.00787140336, -0.0542248824),
            (0.00354995229, -0.00833082292, -0.0542248824),
            (0.00256926264, -0.00868073199, -0.0542248824),
            (0.00155507878, -0.00891656987, -0.0542248824),
            (0.00103954575, 0.00912943948, -0.0542248852),
            (0.00206553936, 0.00895188376, -0.0542248852),
            (0.00306460564, 0.00865853112, -0.0542248852),
            (0.00402372004, 0.0082532065, -0.0542248852),
            (0.00493037887, 0.00774119189, -0.0542248852),
            (0.00577276293, 0.00712916441, -0.0542248852),
            (0.00653989054, 0.00642510178, -0.0542248847),
            (0.00722175976, 0.0056381817, -0.0542248847),
            (0.00780948298, 0.00477866409, -0.0542248847),
            (0.00829539727, 0.00385775394, -0.0542248847),
            (0.00867316872, 0.00288745645, -0.0542248842),
            (0.00893787201, 0.0018804206, -0.0542248842),
            (0.00908605661, 0.000849775097, -0.0542248838),
            (0.00911579002, -0.000191044106, -0.0542248838),
            (0.00902668573, -0.00122846849, -0.0542248838),
            (0.00881990511, -0.00224897335, -0.0542248833),
            (0.00849814247, -0.00323925517, -0.0542248833),
            (0.00806559436, -0.00418640394, -0.0542248833),
            (0.00752789853, -0.00507807173, -0.0542248828),
            (0.00689206552, -0.00590263493, -0.0542248828),
            (0.00501142675, -0.00539093651, -0.0547933463),
            (0.00560118863, -0.00478408486, -0.0547933463),
            (0.00126381416, -0.00723351259, -0.0547933458),
            (0.00208804267, -0.00704184733, -0.0547933458),
            (0.00655491743, -0.00338930171, -0.0547933468),
            (0.00690645026, -0.00261955266, -0.0547933468),
            (-0.00738424761, 0.000703606638, -0.0547933472),
            (-0.0074084131, -0.000142268371, -0.0547933472),
            (0.00716794655, -0.00181474979, -0.0547933468),
            (0.00084483996, 0.0074324985, -0.0547933482),
            (-1.04859194e-11, 0.00748080807, -0.0547933482),
            (-0.00674167881, 0.00314819417, -0.0547933477),
            (-0.00704869395, 0.00235963217, -0.0547933477),
            (0.00586913247, 0.00459515024, -0.0547933477),
            (0.00531497598, 0.00523468107, -0.0547933482),
            (-0.000423110061, -0.00732997479, -0.0547933458),
            (0.000423110032, -0.00732997479, -0.0547933458),
            (0.00288505037, -0.00675747544, -0.0547933458),
            (-0.00208804267, -0.00704184733, -0.0547933458),
            (-0.00126381416, -0.00723351259, -0.0547933458),
            (-0.00560118863, -0.00478408486, -0.0547933463),
            (-0.00501142675, -0.00539093651, -0.0547933463),
            (-0.0016786661, 0.00728819938, -0.0547933482),
            (-0.00249060825, 0.00704979151, -0.0547933482),
            (-0.00733599719, -0.00098538422, -0.0547933468),
            (0.00733599719, -0.00098538422, -0.0547933468),
            (-0.00611793157, -0.00411396148, -0.0547933463),
            (-0.00726381876, 0.00154121325, -0.0547933472),
            (-0.000844840019, 0.0074324985, -0.0547933482),
            (-0.00586913247, 0.00459515024, -0.0547933477),
            (-0.00634677522, 0.00389661896, -0.0547933477),
            (0.0016786661, 0.00728819938, -0.0547933482),
            (0.00469153048, 0.00580687355, -0.0547933482),
            (0.00400692411, 0.00630426919, -0.0547933482),
            (0.00726381876, 0.00154121325, -0.0547933472),
            (0.00704869395, 0.00235963217, -0.0547933477),
            (0.00674167881, 0.00314819417, -0.0547933477),
            (-0.00435633259, -0.00592660438, -0.0547933463),
            (-0.00364444661, -0.00638410542, -0.0547933463),
            (0.00364444661, -0.00638410542, -0.0547933463),
            (0.00435633259, -0.00592660438, -0.0547933463),
            (0.00249060825, 0.00704979151, -0.0547933482),
            (-0.00469153048, 0.00580687355, -0.0547933482),
            (-0.00531497598, 0.00523468107, -0.0547933482),
            (0.00611793157, -0.00411396148, -0.0547933463),
            (-0.00655491743, -0.00338930171, -0.0547933468),
            (-0.00716794655, -0.00181474979, -0.0547933468),
            (-0.00690645026, -0.00261955266, -0.0547933468),
            (0.00327008148, 0.00672038319, -0.0547933482),
            (-0.00327008148, 0.00672038319, -0.0547933482),
            (0.00738424761, 0.000703606638, -0.0547933472),
            (0.00634677522, 0.00389661896, -0.0547933477),
            (-0.00288505037, -0.00675747544, -0.0547933458),
            (0.0074084131, -0.000142268371, -0.0547933472),
            (-0.00400692411, 0.00630426919, -0.0547933482)
        ]
        int[] faceVertexCounts = [
            3, 3, 3, 3, 3, 3, 3, 3, 3, 3, 3, 3, 3, 3, 3, 3, 3, 3, 3, 3, 3, 3, 3, 3,
            3, 3, 3, 3, 3, 3, 3, 3, 3, 3, 3, 3, 3, 3, 3, 3, 3, 3, 3, 3, 3, 3, 3, 3,
            3, 3, 3, 3, 3, 3, 3, 3, 3, 3, 3, 3, 3, 3, 3, 3, 3, 3, 3, 3, 3, 3, 3, 3,
            3, 3, 3, 3, 3, 3, 3, 3, 3, 3, 3, 3, 3, 3, 3, 3, 3, 3, 3, 3, 3, 3, 3, 3,
            3, 3, 3, 3, 3, 3, 3, 3, 3, 3, 3, 3, 3, 3, 3, 3, 3, 3, 3, 3, 3, 3, 3, 3,
            3, 3, 3, 3, 3, 3, 3, 3, 3, 3, 3, 3, 3, 3, 3, 3, 3, 3, 3, 3, 3, 3, 3, 3,
            3, 3, 3, 3, 3, 3, 3, 3, 3, 3, 3, 3, 3, 3, 3, 3, 3, 3, 3, 3, 3, 3, 3, 3,
            3, 3, 3, 3, 3, 3, 3, 3, 3, 3, 3, 3, 3, 3, 3, 3, 3, 3, 3, 3, 3, 3, 3, 3,
            3, 3, 3, 3, 3, 3, 3, 3, 3, 3, 3, 3, 3, 3, 3, 3, 3, 3, 3, 3, 3, 3, 3, 3,
            3, 3, 3, 3, 3, 3, 3, 3, 3, 3, 3, 3, 3, 3, 3, 3, 3, 3, 3, 3, 3, 3, 3, 3,
            3, 3, 3, 3, 3, 3, 3, 3, 3, 3, 3, 3, 3, 3, 3, 3, 3, 3, 3, 3, 3, 3, 3, 3,
            3, 3, 3, 3, 3, 3, 3, 3, 3, 3, 3, 3, 3, 3, 3, 3, 3, 3, 3, 3, 3, 3, 3, 3,
            3, 3, 3, 3, 3, 3, 3, 3, 3, 3, 3, 3, 3, 3, 3, 3, 3, 3, 3, 3, 3, 3, 3, 3,
            3, 3, 3, 3, 3, 3, 3, 3, 3, 3, 3, 3, 3, 3, 3, 3, 3, 3, 3, 3, 3, 3, 3, 3,
            3, 3, 3, 3, 3, 3, 3, 3, 3, 3, 3, 3, 3, 3, 3, 3, 3, 3, 3, 3, 3, 3, 3, 3,
            3, 3, 3, 3, 3, 3, 3, 3, 3, 3, 3, 3, 3, 3, 3, 3, 3, 3, 3, 3, 3, 3, 3, 3,
            3, 3, 3, 3, 3, 3, 3, 3, 3, 3, 3, 3, 3, 3, 3, 3, 3, 3, 3, 3, 3, 3, 3, 3,
            3, 3, 3, 3, 3, 3, 3, 3, 3, 3, 3, 3, 3, 3, 3, 3, 3, 3, 3, 3, 3, 3, 3, 3,
            3, 3, 3, 3, 3, 3, 3, 3, 3, 3, 3, 3, 3, 3, 3, 3, 3, 3, 3, 3, 3, 3, 3, 3,
            3, 3, 3, 3, 3, 3, 3, 3, 3, 3, 3, 3, 3, 3, 3, 3, 3, 3, 3, 3, 3, 3, 3, 3,
            3, 3, 3, 3, 3, 3, 3, 3, 3, 3, 3, 3, 3, 3, 3, 3, 3, 3, 3, 3, 3, 3, 3, 3,
            3, 3, 3, 3, 3, 3, 3, 3, 3, 3, 3, 3, 3, 3, 3, 3, 3, 3, 3, 3, 3, 3, 3, 3,
            3, 3, 3, 3, 3, 3, 3, 3, 3, 3, 3, 3, 3, 3, 3, 3, 3, 3, 3, 3, 3, 3, 3, 3,
            3, 3, 3, 3, 3, 3, 3, 3, 3, 3, 3, 3, 3, 3, 3, 3, 3, 3, 3, 3, 3, 3, 3, 3,
            3, 3, 3, 3, 3, 3, 3, 3, 3, 3, 3, 3, 3, 3, 3, 3, 3, 3, 3, 3, 3, 3, 3, 3,
            3, 3, 3, 3, 3, 3, 3, 3, 3, 3, 3, 3, 3, 3, 3, 3, 3, 3, 3, 3, 3, 3, 3, 3,
            3, 3, 3, 3, 3, 3, 3, 3, 3, 3, 3, 3, 3, 3, 3, 3, 3, 3, 3, 3, 3, 3, 3, 3,
            3, 3, 3, 3, 3, 3, 3, 3, 3, 3, 3, 3, 3, 3, 3, 3, 3, 3, 3, 3, 3, 3, 3, 3,
            3, 3, 3, 3, 3, 3, 3, 3, 3, 3, 3, 3, 3, 3, 3, 3, 3, 3, 3, 3, 3, 3, 3, 3,
            3, 3, 3, 3, 3, 3, 3, 3, 3, 3, 3, 3, 3, 3, 3, 3, 3, 3, 3, 3, 3, 3, 3, 3,
            3, 3, 3, 3, 3, 3, 3, 3, 3, 3, 3, 3, 3, 3, 3, 3, 3, 3, 3, 3, 3, 3, 3, 3,
            3, 3, 3, 3, 3, 3, 3, 3, 3, 3, 3, 3, 3, 3, 3, 3, 3, 3, 3, 3, 3, 3, 3, 3,
            3, 3, 3, 3, 3, 3, 3, 3, 3, 3, 3, 3, 3, 3, 3, 3, 3, 3, 3, 3, 3, 3, 3, 3,
            3, 3, 3, 3, 3, 3, 3, 3, 3, 3, 3, 3, 3, 3, 3, 3, 3, 3, 3, 3, 3, 3, 3, 3,
            3, 3, 3, 3, 3, 3, 3, 3, 3, 3, 3, 3, 3, 3, 3, 3, 3, 3, 3, 3, 3, 3, 3, 3,
            3, 3, 3, 3, 3, 3, 3, 3, 3, 3, 3, 3, 3, 3, 3, 3, 3, 3, 3, 3, 3, 3, 3, 3,
            3, 3, 3, 3, 3, 3, 3, 3, 3, 3, 3, 3, 3, 3, 3, 3, 3, 3, 3, 3, 3, 3, 3, 3,
            3, 3, 3, 3, 3, 3, 3, 3, 3, 3, 3, 3, 3, 3, 3, 3, 3, 3, 3, 3, 3, 3, 3, 3,
            3, 3, 3, 3, 3, 3, 3, 3, 3, 3, 3, 3, 3, 3, 3, 3, 3, 3, 3, 3, 3, 3, 3, 3,
            3, 3, 3, 3, 3, 3, 3, 3, 3, 3, 3, 3, 3, 3, 3, 3, 3, 3, 3, 3, 3, 3, 3, 3,
            3, 3, 3, 3, 3, 3, 3, 3, 3, 3, 3, 3, 3, 3, 3, 3, 3, 3, 3, 3, 3, 3, 3, 3,
            3, 3, 3, 3, 3, 3, 3, 3, 3, 3, 3, 3, 3, 3, 3, 3, 3, 3, 3, 3, 3, 3, 3, 3,
            3, 3, 3, 3, 3, 3, 3, 3, 3, 3, 3, 3, 3, 3, 3, 3, 3, 3, 3, 3, 3, 3, 3, 3,
            3, 3, 3, 3, 3, 3, 3, 3, 3, 3, 3, 3, 3, 3, 3, 3, 3, 3, 3, 3, 3, 3, 3, 3,
            3, 3, 3, 3, 3, 3, 3, 3, 3, 3, 3, 3, 3, 3, 3, 3, 3, 3, 3, 3, 3, 3, 3, 3,
            3, 3, 3, 3, 3, 3, 3, 3, 3, 3, 3, 3, 3, 3, 3, 3, 3, 3, 3, 3, 3, 3, 3, 3,
            3, 3, 3, 3, 3, 3, 3, 3, 3, 3, 3, 3, 3, 3, 3, 3, 3, 3, 3, 3, 3, 3, 3, 3,
            3, 3, 3, 3, 3, 3, 3, 3, 3, 3, 3, 3, 3, 3, 3, 3, 3, 3, 3, 3, 3, 3, 3, 3,
            3, 3, 3, 3, 3, 3, 3, 3, 3, 3, 3, 3, 3, 3, 3, 3, 3, 3, 3, 3, 3, 3, 3, 3,
            3, 3, 3, 3, 3, 3, 3, 3, 3, 3, 3, 3, 3, 3, 3, 3, 3, 3, 3, 3, 3, 3, 3, 3,
            3, 3, 3, 3, 3, 3, 3, 3, 3, 3, 3, 3, 3, 3, 3, 3, 3, 3, 3, 3, 3, 3, 3, 3,
            3, 3, 3, 3, 3, 3, 3, 3, 3, 3, 3, 3, 3, 3, 3, 3, 3, 3, 3, 3, 3, 3, 3, 3,
            3, 3, 3, 3, 3, 3, 3, 3, 3, 3, 3, 3, 3, 3, 3, 3, 3, 3, 3, 3, 3, 3, 3, 3,
            3, 3, 3, 3, 3, 3, 3, 3, 3, 3, 3, 3, 3, 3, 3, 3, 3, 3, 3, 3, 3, 3, 3, 3,
            3, 3, 3, 3, 3, 3, 3, 3, 3, 3, 3, 3, 3, 3, 3, 3, 3, 3, 3, 3, 3, 3, 3, 3,
            3, 3, 3, 3, 3, 3, 3, 3, 3, 3, 3, 3, 3, 3, 3, 3, 3, 3, 3, 3, 3, 3, 3, 3,
            3, 3, 3, 3, 3, 3, 3, 3, 3, 3, 3, 3, 3, 3, 3, 3, 3, 3, 3, 3, 3, 3, 3, 3,
            3, 3, 3, 3, 3, 3, 3, 3, 3, 3, 3, 3, 3, 3, 3, 3, 3, 3, 3, 3, 3, 3, 3, 3,
            3, 3, 3, 3, 3, 3, 3, 3, 3, 3, 3, 3, 3, 3, 3, 3, 3, 3, 3, 3, 3, 3, 3, 3,
            3, 3, 3, 3, 3, 3, 3, 3, 3, 3, 3, 3, 3, 3, 3, 3, 3, 3, 3, 3, 3, 3, 3, 3,
            3, 3, 3, 3, 3, 3, 3, 3, 3, 3, 3, 3, 3, 3, 3, 3, 3, 3, 3, 3, 3, 3, 3, 3,
            3, 3, 3, 3, 3, 3, 3, 3, 3, 3, 3, 3, 3, 3, 3, 3, 3, 3, 3, 3, 3, 3, 3, 3,
            3, 3, 3, 3, 3, 3, 3, 3, 3, 3, 3, 3, 3, 3, 3, 3, 3, 3, 3, 3, 3, 3, 3, 3,
            3, 3, 3, 3, 3, 3, 3, 3, 3, 3, 3, 3, 3, 3, 3, 3, 3, 3, 3, 3, 3, 3, 3, 3,
            3, 3, 3, 3, 3, 3, 3, 3, 3, 3, 3, 3, 3, 3, 3, 3, 3, 3, 3, 3, 3, 3, 3, 3,
            3, 3, 3, 3, 3, 3, 3, 3, 3, 3, 3, 3, 3, 3, 3, 3, 3, 3, 3, 3, 3, 3, 3, 3,
            3, 3, 3, 3, 3, 3, 3, 3, 3, 3, 3, 3, 3, 3, 3, 3, 3, 3, 3, 3, 3, 3, 3, 3,
            3, 3, 3, 3, 3, 3, 3, 3, 3, 3, 3, 3, 3, 3, 3, 3, 3, 3, 3, 3, 3, 3, 3, 3,
            3, 3, 3, 3, 3, 3, 3, 3, 3, 3, 3, 3, 3, 3, 3, 3, 3, 3, 3, 3, 3, 3, 3, 3,
            3, 3, 3, 3, 3, 3, 3, 3, 3, 3, 3, 3, 3, 3, 3, 3, 3, 3, 3, 3, 3, 3, 3, 3,
            3, 3, 3, 3, 3, 3, 3, 3, 3, 3, 3, 3, 3, 3, 3, 3, 3, 3, 3, 3, 3, 3, 3, 3,
            3, 3, 3, 3, 3, 3, 3, 3, 3, 3, 3, 3, 3, 3, 3, 3, 3, 3, 3, 3, 3, 3, 3, 3,
            3, 3, 3, 3, 3, 3, 3, 3, 3, 3, 3, 3, 3, 3, 3, 3, 3, 3, 3, 3, 3, 3, 3, 3,
            3, 3, 3, 3, 3, 3, 3, 3, 3, 3, 3, 3, 3, 3, 3, 3, 3, 3, 3, 3, 3, 3, 3, 3,
            3, 3, 3, 3, 3, 3, 3, 3, 3, 3, 3, 3, 3, 3, 3, 3, 3, 3, 3, 3, 3, 3, 3, 3,
            3, 3, 3, 3, 3, 3, 3, 3, 3, 3, 3, 3, 3, 3, 3, 3, 3, 3, 3, 3, 3, 3, 3, 3,
            3, 3, 3, 3, 3, 3, 3, 3, 3, 3, 3, 3, 3, 3, 3, 3, 3, 3, 3, 3, 3, 3, 3, 3,
            3, 3, 3, 3, 3, 3, 3, 3, 3, 3, 3, 3, 3, 3, 3, 3, 3, 3, 3, 3, 3, 3, 3, 3,
            3, 3, 3, 3, 3, 3, 3, 3, 3, 3, 3, 3, 3, 3, 3, 3, 3, 3, 3, 3, 3, 3, 3, 3,
            3, 3, 3, 3, 3, 3, 3, 3, 3, 3, 3, 3, 3, 3, 3, 3, 3, 3, 3, 3, 3, 3, 3, 3,
            3, 3, 3, 3, 3, 3, 3, 3, 3, 3, 3, 3, 3, 3, 3, 3, 3, 3, 3, 3, 3, 3, 3, 3,
            3, 3, 3, 3, 3, 3, 3, 3, 3, 3, 3, 3, 3, 3, 3, 3, 3, 3, 3, 3, 3, 3, 3, 3,
            3, 3, 3, 3, 3, 3, 3, 3, 3, 3, 3, 3, 3, 3, 3, 3, 3, 3, 3, 3, 3, 3, 3, 3,
            3, 3, 3, 3, 3, 3, 3, 3, 3, 3, 3, 3, 3, 3, 3, 3, 3, 3, 3, 3, 3, 3, 3, 3,
            3, 3, 3, 3, 3, 3, 3, 3, 3, 3, 3, 3, 3, 3, 3, 3, 3, 3, 3, 3, 3, 3, 3, 3,
            3, 3, 3, 3, 3, 3, 3, 3, 3, 3, 3, 3, 3, 3, 3, 3, 3, 3, 3, 3, 3, 3, 3, 3,
            3, 3, 3, 3, 3, 3, 3, 3, 3, 3, 3, 3, 3, 3, 3, 3, 3, 3, 3, 3, 3, 3, 3, 3,
            3, 3, 3, 3, 3, 3, 3, 3, 3, 3, 3, 3, 3, 3, 3, 3, 3, 3, 3, 3, 3, 3, 3, 3,
            3, 3, 3, 3, 3, 3, 3, 3, 3, 3, 3, 3, 3, 3, 3, 3, 3, 3, 3, 3, 3, 3, 3, 3,
            3, 3, 3, 3, 3, 3, 3, 3, 3, 3, 3, 3, 3, 3, 3, 3, 3, 3, 3, 3, 3, 3, 3, 3,
            3, 3, 3, 3, 3, 3, 3, 3, 3, 3, 3, 3, 3, 3, 3, 3, 3, 3, 3, 3, 3, 3, 3, 3,
            3, 3, 3, 3, 3, 3, 3, 3, 3, 3, 3, 3, 3, 3, 3, 3, 3, 3, 3, 3, 3, 3, 3, 3,
            3, 3, 3, 3, 3, 3, 3, 3, 3, 3, 3, 3, 3, 3, 3, 3, 3, 3, 3, 3, 3, 3, 3, 3,
            3, 3, 3, 3, 3, 3, 3, 3, 3, 3, 3, 3, 3, 3, 3, 3, 3, 3, 3, 3, 3, 3, 3, 3,
            3, 3, 3, 3, 3, 3, 3, 3, 3, 3, 3, 3, 3, 3, 3, 3, 3, 3, 3, 3, 3, 3, 3, 3,
            3, 3, 3, 3, 3, 3, 3, 3, 3, 3, 3, 3, 3, 3, 3, 3, 3, 3, 3, 3, 3, 3, 3, 3,
            3, 3, 3, 3, 3, 3, 3, 3, 3, 3, 3, 3, 3, 3, 3, 3, 3, 3, 3, 3, 3, 3, 3, 3,
            3, 3, 3, 3, 3, 3, 3, 3, 3, 3, 3, 3, 3, 3, 3, 3, 3, 3, 3, 3, 3, 3, 3, 3,
            3, 3, 3, 3, 3, 3, 3, 3, 3, 3, 3, 3, 3, 3, 3, 3, 3, 3, 3, 3, 3, 3, 3, 3,
            3, 3, 3, 3, 3, 3, 3, 3, 3, 3, 3, 3, 3, 3, 3, 3, 3, 3, 3, 3, 3, 3, 3, 3,
            3, 3, 3, 3, 3, 3, 3, 3, 3, 3, 3, 3, 3, 3, 3, 3, 3, 3, 3, 3, 3, 3, 3, 3,
            3, 3, 3, 3, 3, 3, 3, 3, 3, 3, 3, 3, 3, 3, 3, 3, 3, 3, 3, 3, 3, 3, 3, 3,
            3, 3, 3, 3, 3, 3, 3, 3, 3, 3, 3, 3, 3, 3, 3, 3, 3, 3, 3, 3, 3, 3, 3, 3,
            3, 3, 3, 3, 3, 3, 3, 3, 3, 3, 3, 3, 3, 3, 3, 3, 3, 3, 3, 3, 3, 3, 3, 3,
            3, 3, 3, 3, 3, 3, 3, 3, 3, 3, 3, 3, 3, 3, 3, 3, 3, 3, 3, 3, 3, 3, 3, 3,
            3, 3, 3, 3, 3, 3, 3, 3, 3, 3, 3, 3, 3, 3, 3, 3, 3, 3, 3, 3, 3, 3, 3, 3,
            3, 3, 3, 3, 3, 3, 3, 3, 3, 3, 3, 3, 3, 3, 3, 3, 3, 3, 3, 3, 3, 3, 3, 3,
            3, 3, 3, 3, 3, 3, 3, 3, 3, 3, 3, 3, 3, 3, 3, 3, 3, 3, 3, 3, 3, 3, 3, 3,
            3, 3, 3, 3, 3, 3, 3, 3, 3, 3, 3, 3, 3, 3, 3, 3, 3, 3, 3, 3, 3, 3, 3, 3,
            3, 3, 3, 3, 3, 3, 3, 3, 3, 3, 3, 3, 3, 3, 3, 3, 3, 3, 3, 3, 3, 3, 3, 3,
            3, 3, 3, 3, 3, 3, 3, 3, 3, 3, 3, 3, 3, 3, 3, 3, 3, 3, 3, 3, 3, 3, 3, 3,
            3, 3, 3, 3, 3, 3, 3, 3, 3, 3, 3, 3, 3, 3, 3, 3, 3, 3, 3, 3, 3, 3, 3, 3,
            3, 3, 3, 3, 3, 3, 3, 3, 3, 3, 3, 3, 3, 3, 3, 3, 3, 3, 3, 3, 3, 3, 3, 3,
            3, 3, 3, 3, 3, 3, 3, 3, 3, 3, 3, 3, 3, 3, 3, 3, 3, 3, 3, 3, 3, 3, 3, 3,
            3, 3, 3, 3, 3, 3, 3, 3, 3, 3, 3, 3, 3, 3, 3, 3, 3, 3, 3, 3, 3, 3, 3, 3,
            3, 3, 3, 3, 3, 3, 3, 3, 3, 3, 3, 3, 3, 3, 3, 3, 3, 3, 3, 3, 3, 3, 3, 3,
            3, 3, 3, 3, 3, 3, 3, 3, 3, 3, 3, 3, 3, 3, 3, 3, 3, 3, 3, 3, 3, 3, 3, 3,
            3, 3, 3, 3, 3, 3, 3, 3, 3, 3, 3, 3, 3, 3, 3, 3, 3, 3, 3, 3, 3, 3, 3, 3,
            3, 3, 3, 3, 3, 3, 3, 3, 3, 3, 3, 3, 3, 3, 3, 3, 3, 3, 3, 3, 3, 3, 3, 3,
            3, 3, 3, 3, 3, 3, 3, 3, 3, 3, 3, 3, 3, 3, 3, 3, 3, 3, 3, 3, 3, 3, 3, 3,
            3, 3, 3, 3, 3, 3, 3, 3, 3, 3, 3, 3, 3, 3, 3, 3, 3, 3, 3, 3, 3, 3, 3, 3,
            3, 3, 3, 3, 3
        ]
        int[] faceVertexIndices = [
            982, 1036, 981, 979, 1033, 978, 980, 1035, 1034, 980, 1034, 979, 981, 1036, 1035, 981, 1035, 980, 982, 1037, 1036, 979, 1034, 1033,
            983, 1038, 1037, 986, 1040, 985, 984, 1039, 1038, 984, 1038, 983, 985, 1040, 1039, 985, 1039, 984, 986, 1041, 1040, 978, 1032, 977,
            987, 1042, 1041, 987, 1041, 986, 983, 1037, 982, 978, 1033, 1032, 974, 1029, 1028, 977, 1032, 1031, 967, 1021, 966, 968, 1023, 1022,
            968, 1022, 967, 969, 1024, 1023, 969, 1023, 968, 970, 1025, 1024, 970, 1024, 969, 971, 1026, 1025, 971, 1025, 970, 972, 1027, 1026,
            972, 1026, 971, 973, 1028, 1027, 973, 1027, 972, 988, 1043, 1042, 974, 1028, 973, 975, 1030, 1029, 975, 1029, 974, 976, 1031, 1030,
            976, 1030, 975, 977, 1031, 976, 988, 1042, 987, 992, 1047, 1046, 989, 1043, 988, 1001, 1055, 1000, 1002, 1057, 1056, 1002, 1056, 1001,
            1003, 1058, 1057, 1003, 1057, 1002, 1004, 1059, 1058, 1004, 1058, 1003, 1005, 1060, 1059, 1005, 1059, 1004, 1006, 1061, 1060, 1006, 1060, 1005,
            1007, 1062, 1061, 1007, 1061, 1006, 1008, 1063, 1062, 1008, 1062, 1007, 1009, 1064, 1063, 1009, 1063, 1008, 1010, 1065, 1064, 1010, 1064, 1009,
            1001, 1056, 1055, 989, 1044, 1043, 1000, 1054, 999, 999, 1053, 998, 990, 1045, 1044, 990, 1044, 989, 991, 1046, 1045, 991, 1045, 990,
            967, 1022, 1021, 992, 1046, 991, 993, 1048, 1047, 993, 1047, 992, 994, 1049, 1048, 994, 1048, 993, 995, 1050, 1049, 995, 1049, 994,
            996, 1051, 1050, 996, 1050, 995, 997, 1052, 1051, 997, 1051, 996, 998, 1053, 1052, 998, 1052, 997, 999, 1054, 1053, 1000, 1055, 1054,
            966, 1020, 965, 962, 1016, 961, 965, 1019, 964, 933, 988, 987, 933, 987, 932, 934, 989, 988, 934, 988, 933, 935, 990, 989,
            935, 989, 934, 936, 991, 990, 936, 990, 935, 932, 986, 931, 937, 992, 991, 938, 993, 992, 938, 992, 937, 939, 994, 993,
            939, 993, 938, 940, 995, 994, 940, 994, 939, 941, 996, 995, 941, 995, 940, 937, 991, 936, 932, 987, 986, 931, 985, 930,
            931, 986, 985, 1011, 1066, 1065, 922, 977, 976, 922, 976, 921, 923, 978, 977, 923, 977, 922, 924, 979, 978, 924, 978, 923,
            925, 980, 979, 925, 979, 924, 926, 981, 980, 926, 980, 925, 927, 982, 981, 927, 981, 926, 928, 983, 982, 928, 982, 927,
            929, 984, 983, 929, 983, 928, 930, 985, 984, 930, 984, 929, 942, 997, 996, 942, 996, 941, 943, 998, 997, 943, 997, 942,
            955, 1009, 954, 956, 1011, 1010, 956, 1010, 955, 957, 1012, 1011, 957, 1011, 956, 958, 1013, 1012, 958, 1012, 957, 959, 1014, 848,
            959, 848, 793, 960, 1015, 1014, 960, 1014, 959, 961, 1016, 1015, 961, 1015, 960, 962, 1017, 1016, 963, 1018, 1017, 963, 1017, 962,
            964, 1019, 1018, 964, 1018, 963, 965, 1020, 1019, 955, 1010, 1009, 966, 1021, 1020, 954, 1008, 953, 953, 1007, 952, 944, 999, 998,
            944, 998, 943, 945, 1000, 999, 945, 999, 944, 946, 1001, 1000, 946, 1000, 945, 947, 1002, 1001, 947, 1001, 946, 948, 1003, 1002,
            948, 1002, 947, 949, 1004, 1003, 949, 1003, 948, 950, 1005, 1004, 950, 1004, 949, 951, 1006, 1005, 951, 1005, 950, 952, 1007, 1006,
            952, 1006, 951, 953, 1008, 1007, 954, 1009, 1008, 1011, 1065, 1010, 1060, 1114, 1059, 1012, 1066, 1011, 1070, 1124, 1069, 1071, 1126, 1125,
            1071, 1125, 1070, 1072, 1127, 1126, 1072, 1126, 1071, 1073, 1128, 1127, 1073, 1127, 1072, 1074, 1129, 1128, 1070, 1125, 1124, 1074, 1128, 1073,
            1075, 1129, 1074, 1076, 1131, 1130, 1076, 1130, 1075, 1077, 1132, 1131, 1077, 1131, 1076, 1078, 1133, 1132, 1078, 1132, 1077, 1079, 1134, 1133,
            1075, 1130, 1129, 1069, 958, 903, 1069, 1124, 958, 1068, 1122, 1067, 1059, 1114, 1113, 1059, 1113, 1058, 1060, 1115, 1114, 921, 975, 920,
            1061, 1116, 1115, 1061, 1115, 1060, 1062, 1117, 1116, 1062, 1116, 1061, 1063, 1118, 1117, 1063, 1117, 1062, 1064, 1119, 1118, 1064, 1118, 1063,
            1065, 1120, 1119, 1065, 1119, 1064, 1066, 1121, 1120, 1066, 1120, 1065, 1067, 1122, 1121, 1067, 1121, 1066, 1068, 1123, 1122, 1079, 1133, 1078,
            1080, 1135, 1134, 1080, 1134, 1079, 1081, 1136, 1135, 1093, 1148, 1147, 1093, 1147, 1092, 1094, 1149, 1148, 1094, 1148, 1093, 1095, 1150, 1149,
            1095, 1149, 1094, 1096, 1151, 1150, 1096, 1150, 1095, 1097, 1152, 1151, 1097, 1151, 1096, 1098, 1153, 1152, 1098, 1152, 1097, 1099, 1154, 1153,
            1099, 1153, 1098, 1100, 1155, 1154, 1100, 1154, 1099, 1101, 1156, 1155, 1101, 1155, 1100, 1102, 1157, 1156, 1092, 1146, 1091, 1058, 1112, 1057,
            1092, 1147, 1146, 1091, 1146, 1145, 1081, 1135, 1080, 1082, 1137, 1136, 1082, 1136, 1081, 1083, 1138, 1137, 1083, 1137, 1082, 1084, 1139, 1138,
            1084, 1138, 1083, 1085, 1140, 1139, 1085, 1139, 1084, 1086, 1141, 1140, 1086, 1140, 1085, 1087, 1142, 1141, 1087, 1141, 1086, 1088, 1143, 1142,
            1088, 1142, 1087, 1089, 1144, 1143, 1089, 1143, 1088, 1090, 1145, 1144, 1090, 1144, 1089, 1091, 1145, 1090, 1012, 1067, 1066, 1058, 1113, 1112,
            1057, 1112, 1111, 1024, 1078, 1023, 1025, 1080, 1079, 1026, 1081, 1080, 1026, 1080, 1025, 1027, 1082, 1081, 1027, 1081, 1026, 1028, 1083, 1082,
            1028, 1082, 1027, 1024, 1079, 1078, 1029, 1084, 1083, 1030, 1085, 1084, 1030, 1084, 1029, 1031, 1086, 1085, 1031, 1085, 1030, 1032, 1087, 1086,
            1032, 1086, 1031, 1033, 1088, 1087, 1033, 1087, 1032, 1029, 1083, 1028, 1023, 1077, 1022, 1023, 1078, 1077, 1022, 1076, 1021, 1013, 1068, 1067,
            1013, 1067, 1012, 1014, 1069, 903, 1014, 903, 848, 1015, 1070, 1069, 1015, 1069, 1014, 1016, 1071, 1070, 1016, 1070, 1015, 1017, 1072, 1071,
            1017, 1071, 1016, 1018, 1073, 1072, 1018, 1072, 1017, 1019, 1074, 1073, 1019, 1073, 1018, 1020, 1075, 1074, 1020, 1074, 1019, 1021, 1076, 1075,
            1021, 1075, 1020, 1022, 1077, 1076, 1034, 1089, 1088, 1034, 1088, 1033, 1035, 1090, 1089, 1035, 1089, 1034, 1047, 1101, 1046, 1048, 1103, 1102,
            1048, 1102, 1047, 1049, 1104, 1103, 1049, 1103, 1048, 1050, 1105, 1104, 1050, 1104, 1049, 1051, 1106, 1105, 1051, 1105, 1050, 1052, 1107, 1106,
            1052, 1106, 1051, 1053, 1108, 1107, 1053, 1107, 1052, 1054, 1109, 1108, 1054, 1108, 1053, 1055, 1110, 1109, 1055, 1109, 1054, 1056, 1111, 1110,
            1056, 1110, 1055, 1047, 1102, 1101, 1057, 1111, 1056, 1046, 1100, 1045, 1045, 1099, 1044, 1036, 1091, 1090, 1036, 1090, 1035, 1037, 1092, 1091,
            1037, 1091, 1036, 1038, 1093, 1092, 1038, 1092, 1037, 1039, 1094, 1093, 1039, 1093, 1038, 1040, 1095, 1094, 1040, 1094, 1039, 1041, 1096, 1095,
            1041, 1095, 1040, 1042, 1097, 1096, 1042, 1096, 1041, 1043, 1098, 1097, 1043, 1097, 1042, 1044, 1099, 1098, 1044, 1098, 1043, 1045, 1100, 1099,
            1046, 1101, 1100, 921, 976, 975, 872, 926, 871, 920, 975, 974, 797, 852, 851, 797, 851, 796, 798, 853, 852, 798, 852, 797,
            799, 854, 853, 799, 853, 798, 800, 855, 854, 800, 854, 799, 796, 850, 795, 801, 856, 855, 802, 857, 856, 802, 856, 801,
            803, 858, 857, 803, 857, 802, 804, 859, 858, 804, 858, 803, 805, 860, 859, 805, 859, 804, 801, 855, 800, 796, 851, 850,
            795, 849, 794, 795, 850, 849, 785, 839, 784, 786, 841, 840, 786, 840, 785, 787, 842, 841, 787, 841, 786, 788, 843, 842,
            788, 842, 787, 789, 844, 843, 789, 843, 788, 790, 845, 844, 790, 844, 789, 791, 846, 845, 791, 845, 790, 792, 847, 846,
            792, 846, 791, 793, 848, 847, 793, 847, 792, 794, 849, 683, 794, 683, 628, 806, 861, 860, 806, 860, 805, 807, 862, 861,
            807, 861, 806, 819, 873, 818, 820, 875, 874, 820, 874, 819, 821, 876, 875, 821, 875, 820, 822, 877, 876, 822, 876, 821,
            823, 878, 877, 823, 877, 822, 824, 879, 878, 824, 878, 823, 825, 880, 879, 825, 879, 824, 826, 881, 880, 826, 880, 825,
            827, 882, 881, 827, 881, 826, 828, 883, 882, 828, 882, 827, 819, 874, 873, 785, 840, 839, 818, 872, 817, 817, 871, 816,
            808, 863, 862, 808, 862, 807, 809, 864, 863, 809, 863, 808, 810, 865, 864, 810, 864, 809, 811, 866, 865, 811, 865, 810,
            812, 867, 866, 812, 866, 811, 813, 868, 867, 813, 867, 812, 814, 869, 868, 814, 868, 813, 815, 870, 869, 815, 869, 814,
            816, 871, 870, 816, 870, 815, 817, 872, 871, 818, 873, 872, 829, 884, 883, 784, 838, 783, 783, 837, 782, 751, 805, 750,
            752, 807, 806, 752, 806, 751, 753, 808, 807, 753, 807, 752, 754, 809, 808, 754, 808, 753, 755, 810, 809, 751, 806, 805,
            755, 809, 754, 756, 810, 755, 757, 812, 811, 757, 811, 756, 758, 813, 812, 758, 812, 757, 759, 814, 813, 759, 813, 758,
            760, 815, 814, 756, 811, 810, 750, 804, 749, 750, 805, 804, 749, 803, 748, 740, 795, 794, 740, 794, 739, 741, 796, 795,
            741, 795, 740, 742, 797, 796, 742, 796, 741, 743, 798, 797, 743, 797, 742, 744, 799, 798, 744, 798, 743, 745, 800, 799,
            745, 799, 744, 746, 801, 800, 746, 800, 745, 747, 802, 801, 747, 801, 746, 748, 803, 802, 748, 802, 747, 749, 804, 803,
            760, 814, 759, 761, 816, 815, 761, 815, 760, 762, 817, 816, 774, 829, 828, 774, 828, 773, 775, 830, 829, 775, 829, 774,
            776, 831, 830, 776, 830, 775, 777, 832, 831, 777, 831, 776, 778, 833, 832, 778, 832, 777, 779, 834, 833, 779, 833, 778,
            780, 835, 834, 780, 834, 779, 781, 836, 835, 781, 835, 780, 782, 837, 836, 782, 836, 781, 783, 838, 837, 773, 827, 772,
            784, 839, 838, 773, 828, 827, 772, 827, 826, 762, 816, 761, 763, 818, 817, 763, 817, 762, 764, 819, 818, 764, 818, 763,
            765, 820, 819, 765, 819, 764, 766, 821, 820, 766, 820, 765, 767, 822, 821, 767, 821, 766, 768, 823, 822, 768, 822, 767,
            769, 824, 823, 769, 823, 768, 770, 825, 824, 770, 824, 769, 771, 826, 825, 771, 825, 770, 772, 826, 771, 920, 974, 919,
            829, 883, 828, 830, 884, 829, 888, 943, 942, 888, 942, 887, 889, 944, 943, 889, 943, 888, 890, 945, 944, 890, 944, 889,
            891, 946, 945, 891, 945, 890, 887, 941, 886, 892, 947, 946, 893, 948, 947, 893, 947, 892, 894, 949, 948, 894, 948, 893,
            895, 950, 949, 895, 949, 894, 896, 951, 950, 896, 950, 895, 892, 946, 891, 887, 942, 941, 886, 940, 885, 886, 941, 940,
            876, 930, 875, 877, 932, 931, 877, 931, 876, 878, 933, 932, 878, 932, 877, 879, 934, 933, 879, 933, 878, 880, 935, 934,
            880, 934, 879, 881, 936, 935, 881, 935, 880, 882, 937, 936, 882, 936, 881, 883, 938, 937, 883, 937, 882, 884, 939, 938,
            884, 938, 883, 885, 940, 939, 885, 939, 884, 897, 952, 951, 897, 951, 896, 898, 953, 952, 898, 952, 897, 910, 964, 909,
            911, 966, 965, 911, 965, 910, 912, 967, 966, 912, 966, 911, 913, 968, 967, 913, 967, 912, 914, 969, 968, 914, 968, 913,
            915, 970, 969, 915, 969, 914, 916, 971, 970, 916, 970, 915, 917, 972, 971, 917, 971, 916, 918, 973, 972, 918, 972, 917,
            919, 974, 973, 919, 973, 918, 910, 965, 964, 876, 931, 930, 909, 963, 908, 908, 962, 907, 899, 954, 953, 899, 953, 898,
            900, 955, 954, 900, 954, 899, 901, 956, 955, 901, 955, 900, 902, 957, 956, 902, 956, 901, 903, 958, 957, 903, 957, 902,
            904, 959, 793, 904, 793, 738, 905, 960, 959, 905, 959, 904, 906, 961, 960, 906, 960, 905, 907, 962, 961, 907, 961, 906,
            908, 963, 962, 909, 964, 963, 830, 885, 884, 875, 929, 874, 874, 928, 873, 842, 896, 841, 843, 898, 897, 843, 897, 842,
            844, 899, 898, 844, 898, 843, 845, 900, 899, 845, 899, 844, 846, 901, 900, 842, 897, 896, 846, 900, 845, 847, 901, 846,
            848, 903, 902, 848, 902, 847, 849, 904, 738, 849, 738, 683, 850, 905, 904, 850, 904, 849, 851, 906, 905, 847, 902, 901,
            841, 895, 840, 841, 896, 895, 840, 894, 839, 831, 886, 885, 831, 885, 830, 832, 887, 886, 832, 886, 831, 833, 888, 887,
            833, 887, 832, 834, 889, 888, 834, 888, 833, 835, 890, 889, 835, 889, 834, 836, 891, 890, 836, 890, 835, 837, 892, 891,
            837, 891, 836, 838, 893, 892, 838, 892, 837, 839, 894, 893, 839, 893, 838, 840, 895, 894, 851, 905, 850, 852, 907, 906,
            852, 906, 851, 853, 908, 907, 865, 920, 919, 865, 919, 864, 866, 921, 920, 866, 920, 865, 867, 922, 921, 867, 921, 866,
            868, 923, 922, 868, 922, 867, 869, 924, 923, 869, 923, 868, 870, 925, 924, 870, 924, 869, 871, 926, 925, 871, 925, 870,
            872, 927, 926, 1102, 1156, 1101, 873, 928, 927, 873, 927, 872, 874, 929, 928, 864, 918, 863, 875, 930, 929, 864, 919, 918,
            863, 918, 917, 853, 907, 852, 854, 909, 908, 854, 908, 853, 855, 910, 909, 855, 909, 854, 856, 911, 910, 856, 910, 855,
            857, 912, 911, 857, 911, 856, 858, 913, 912, 858, 912, 857, 859, 914, 913, 859, 913, 858, 860, 915, 914, 860, 914, 859,
            861, 916, 915, 861, 915, 860, 862, 917, 916, 862, 916, 861, 863, 917, 862, 1103, 1158, 1157, 1151, 1205, 1150, 1104, 1159, 1158,
            1344, 1389, 1343, 1345, 1391, 1390, 1345, 1390, 1344, 1346, 1392, 1391, 1346, 1391, 1345, 1347, 1393, 1392, 1347, 1392, 1346, 1348, 1394, 1393,
            1344, 1390, 1389, 1348, 1393, 1347, 1349, 1394, 1348, 1350, 1396, 1395, 1350, 1395, 1349, 1351, 1397, 1396, 1351, 1396, 1350, 1352, 1398, 1397,
            1352, 1397, 1351, 1353, 1399, 1398, 1349, 1395, 1394, 1343, 1388, 1342, 1343, 1389, 1388, 1342, 1387, 1341, 1331, 1380, 1379, 1331, 1379, 1330,
            1332, 1381, 1380, 1332, 1380, 1331, 1333, 1382, 1381, 1333, 1381, 1332, 1334, 1383, 1382, 1334, 1382, 1333, 17, 16, 1383, 17, 1383, 1334,
            1338, 1384, 1233, 1338, 1233, 1178, 1339, 1385, 1384, 1339, 1384, 1338, 1340, 1386, 1385, 1340, 1385, 1339, 1341, 1387, 1386, 1341, 1386, 1340,
            1342, 1388, 1387, 1353, 1398, 1352, 1354, 1400, 1399, 1354, 1399, 1353, 1355, 1401, 1400, 1386, 1410, 1409, 1386, 1409, 1385, 1387, 1411, 1410,
            1387, 1410, 1386, 1388, 1412, 1411, 1388, 1411, 1387, 1389, 1413, 1412, 1389, 1412, 1388, 1390, 1414, 1413, 1390, 1413, 1389, 1391, 1415, 1414,
            1391, 1414, 1390, 1392, 1416, 1415, 1392, 1415, 1391, 1393, 1417, 1416, 1393, 1416, 1392, 1394, 1418, 1417, 1394, 1417, 1393, 1395, 1419, 1418,
            1385, 1408, 1384, 1330, 1378, 1329, 1385, 1409, 1408, 1384, 1408, 12, 1355, 1400, 1354, 1356, 1402, 1401, 1356, 1401, 1355, 1357, 1403, 1402,
            1357, 1402, 1356, 1358, 23, 1403, 1358, 1403, 1357, 1359, 21, 23, 1359, 23, 1358, 1360, 1404, 21, 1360, 21, 1359, 1361, 1405, 1404,
            1361, 1404, 1360, 1362, 1406, 1405, 1362, 1405, 1361, 1363, 1407, 1406, 1363, 1406, 1362, 20, 19, 1407, 20, 1407, 1363, 1384, 12, 1233,
            1395, 1418, 1394, 1330, 1379, 1378, 1329, 1378, 1377, 1297, 1348, 1347, 1297, 1347, 1296, 1298, 1349, 1348, 1298, 1348, 1297, 1299, 1350, 1349,
            1299, 1349, 1298, 1300, 1351, 1350, 1300, 1350, 1299, 1296, 1346, 1295, 1301, 1352, 1351, 1302, 1353, 1352, 1302, 1352, 1301, 1303, 1354, 1353,
            1303, 1353, 1302, 1304, 1355, 1354, 1304, 1354, 1303, 1305, 1356, 1355, 1305, 1355, 1304, 1301, 1351, 1300, 1296, 1347, 1346, 1295, 1345, 1294,
            1295, 1346, 1345, 1286, 1336, 1285, 14, 13, 1337, 14, 1337, 1286, 1287, 1338, 1178, 1287, 1178, 1123, 1288, 1339, 1338, 1288, 1338, 1287,
            1289, 1340, 1339, 1289, 1339, 1288, 1290, 1341, 1340, 1290, 1340, 1289, 1291, 1342, 1341, 1291, 1341, 1290, 1292, 1343, 1342, 1292, 1342, 1291,
            1293, 1344, 1343, 1293, 1343, 1292, 1294, 1345, 1344, 1294, 1344, 1293, 1306, 1357, 1356, 1306, 1356, 1305, 1307, 1358, 1357, 1307, 1357, 1306,
            1319, 1367, 1318, 1320, 1369, 1368, 1320, 1368, 1319, 1321, 1370, 1369, 1321, 1369, 1320, 1322, 1371, 1370, 1322, 1370, 1321, 1323, 1372, 1371,
            1323, 1371, 1322, 1324, 1373, 1372, 1324, 1372, 1323, 1325, 1374, 1373, 1325, 1373, 1324, 1326, 1375, 1374, 1326, 1374, 1325, 1327, 1376, 1375,
            1327, 1375, 1326, 1328, 1377, 1376, 1328, 1376, 1327, 1319, 1368, 1367, 1329, 1377, 1328, 1318, 1366, 1317, 1317, 1365, 1316, 1308, 1359, 1358,
            1308, 1358, 1307, 1309, 1360, 1359, 1309, 1359, 1308, 1310, 1361, 1360, 1310, 1360, 1309, 1311, 1362, 1361, 1311, 1361, 1310, 1312, 1363, 1362,
            1312, 1362, 1311, 1313, 20, 1363, 1313, 1363, 1312, 1314, 18, 20, 1314, 20, 1313, 1315, 1364, 18, 1315, 18, 1314, 1316, 1365, 1364,
            1316, 1364, 1315, 1317, 1366, 1365, 1318, 1367, 1366, 1286, 1337, 1336, 1396, 1420, 1419, 1397, 1421, 1420, 15, 1477, 1482, 1382, 1383, 1471,
            1382, 1471, 1457, 1416, 1417, 1464, 1416, 1464, 1479, 1372, 1373, 1475, 1372, 1475, 1473, 1421, 1422, 1453, 15, 1335, 1477, 1421, 1453, 1481,
            1411, 1461, 1476, 55, 59, 57, 59, 55, 61, 61, 55, 53, 61, 53, 63, 63, 53, 51, 63, 51, 65, 65, 51, 49,
            1411, 1412, 1461, 1365, 1480, 1446, 1365, 1366, 1480, 1378, 1440, 1455, 1335, 1336, 1451, 1335, 1451, 1477, 1407, 19, 1444, 1407, 1444, 1430,
            1419, 1420, 1478, 1419, 1478, 1462, 1415, 1416, 1479, 1415, 1479, 1441, 1366, 1367, 1466, 1366, 1466, 1480, 1420, 1421, 1481, 1420, 1481, 1478,
            16, 15, 1482, 16, 1482, 1470, 22, 21, 1468, 22, 1468, 1428, 1368, 1369, 1449, 1368, 1449, 1465, 1378, 1379, 1440, 65, 49, 67,
            67, 49, 47, 67, 47, 69, 69, 47, 45, 119, 80, 6, 119, 6, 121, 121, 6, 8, 121, 8, 123, 123, 8, 153,
            123, 153, 125, 125, 153, 151, 125, 151, 127, 127, 151, 149, 127, 149, 129, 129, 149, 147, 129, 147, 131, 131, 147, 145,
            131, 145, 133, 133, 145, 143, 133, 143, 135, 135, 143, 141, 135, 141, 137, 137, 141, 139, 117, 80, 119, 1380, 1458, 1439,
            117, 82, 80, 115, 84, 82, 69, 45, 71, 71, 45, 43, 71, 43, 2, 2, 43, 41, 2, 41, 0, 0, 41, 39,
            0, 39, 24, 24, 39, 37, 24, 37, 26, 26, 37, 35, 26, 35, 28, 28, 35, 33, 28, 33, 30, 30, 33, 3,
            30, 3, 11, 11, 3, 5, 11, 5, 9, 9, 5, 84, 9, 84, 115, 115, 82, 117, 1396, 1419, 1395, 1380, 1381, 1458,
            1426, 1427, 1429, 1423, 1424, 1433, 1423, 1433, 1436, 12, 1408, 1437, 12, 1437, 1438, 1379, 1380, 1439, 1379, 1439, 1440, 1414, 1415, 1441,
            1414, 1441, 1442, 1376, 1434, 1435, 19, 18, 1443, 1405, 1406, 1431, 1405, 1431, 1445, 1364, 1365, 1446, 1364, 1446, 1447, 1369, 1370, 1448,
            1369, 1448, 1449, 1336, 1337, 1450, 1336, 1450, 1451, 19, 1443, 1444, 1376, 1377, 1434, 1424, 1432, 1433, 1424, 1425, 1432, 1397, 1420, 1396,
            1398, 1422, 1421, 1398, 1421, 1397, 1399, 1423, 1422, 1399, 1422, 1398, 1400, 1424, 1423, 1400, 1423, 1399, 1401, 1425, 1424, 1401, 1424, 1400,
            1402, 1426, 1425, 1402, 1425, 1401, 1403, 1427, 1426, 1403, 1426, 1402, 23, 22, 1427, 23, 1427, 1403, 1427, 22, 1428, 1427, 1428, 1429,
            1406, 1407, 1430, 1406, 1430, 1431, 1375, 1376, 1435, 1375, 1435, 1452, 1422, 1423, 1436, 1422, 1436, 1453, 21, 1467, 1468, 1409, 1410, 1469,
            1409, 1469, 1459, 1383, 16, 1470, 1383, 1470, 1471, 1425, 1426, 1472, 1425, 1472, 1432, 1404, 1405, 1445, 1404, 1445, 1467, 1371, 1372, 1473,
            1371, 1473, 1454, 1373, 1374, 1474, 1373, 1474, 1475, 1374, 1375, 1452, 1374, 1452, 1474, 1410, 1411, 1476, 1410, 1476, 1469, 1413, 1414, 1442,
            1413, 1442, 1460, 21, 1404, 1467, 1426, 1429, 1472, 1367, 1465, 1466, 1417, 1463, 1464, 1370, 1371, 1454, 1370, 1454, 1448, 1377, 1378, 1455,
            1377, 1455, 1434, 1337, 13, 1456, 1337, 1456, 1450, 1381, 1382, 1457, 1381, 1457, 1458, 13, 12, 1438, 13, 1438, 1456, 1408, 1409, 1459,
            1408, 1459, 1437, 1412, 1413, 1460, 1412, 1460, 1461, 18, 1364, 1447, 18, 1447, 1443, 1418, 1419, 1462, 1418, 1462, 1463, 1417, 1418, 1463,
            1367, 1368, 1465, 1103, 1157, 1102, 1285, 1335, 1284, 1284, 15, 1283, 1161, 1215, 1160, 1162, 1217, 1216, 1162, 1216, 1161, 1163, 1218, 1217,
            1163, 1217, 1162, 1164, 1219, 1218, 1164, 1218, 1163, 1165, 1220, 1219, 1161, 1216, 1215, 1165, 1219, 1164, 1166, 1220, 1165, 1167, 1222, 1221,
            1167, 1221, 1166, 1168, 1223, 1222, 1168, 1222, 1167, 1169, 1224, 1223, 1169, 1223, 1168, 1170, 1225, 1224, 1166, 1221, 1220, 1160, 1214, 1159,
            1160, 1215, 1214, 1159, 1213, 1158, 1150, 1205, 1204, 1150, 1204, 1149, 1151, 1206, 1205, 739, 628, 573, 1152, 1207, 1206, 1152, 1206, 1151,
            1153, 1208, 1207, 1153, 1207, 1152, 1154, 1209, 1208, 1154, 1208, 1153, 1155, 1210, 1209, 1155, 1209, 1154, 1156, 1211, 1210, 1156, 1210, 1155,
            1157, 1212, 1211, 1157, 1211, 1156, 1158, 1213, 1212, 1158, 1212, 1157, 1159, 1214, 1213, 1170, 1224, 1169, 1171, 1226, 1225, 1171, 1225, 1170,
            1172, 1227, 1226, 1184, 1239, 1238, 1184, 1238, 1183, 1185, 1240, 1239, 1185, 1239, 1184, 1186, 1241, 1240, 1186, 1240, 1185, 1187, 1242, 1241,
            1187, 1241, 1186, 1188, 1243, 1242, 1188, 1242, 1187, 1189, 1244, 1243, 1189, 1243, 1188, 1190, 1245, 1244, 1190, 1244, 1189, 1191, 1246, 1245,
            1191, 1245, 1190, 1192, 1247, 1246, 1192, 1246, 1191, 1193, 1248, 1247, 1183, 1237, 1182, 1149, 1203, 1148, 1183, 1238, 1237, 1182, 1237, 1236,
            1172, 1226, 1171, 1173, 1228, 1227, 1173, 1227, 1172, 1174, 1229, 1228, 1174, 1228, 1173, 1175, 1230, 1229, 1175, 1229, 1174, 1176, 1231, 1230,
            1176, 1230, 1175, 1177, 1232, 1231, 1177, 1231, 1176, 1178, 1233, 1232, 1178, 1232, 1177, 1179, 1234, 1068, 1179, 1068, 1013, 1180, 1235, 1234,
            1180, 1234, 1179, 1181, 1236, 1235, 1181, 1235, 1180, 1182, 1236, 1181, 1193, 1247, 1192, 1149, 1204, 1203, 1148, 1203, 1202, 1116, 1171, 1170,
            1116, 1170, 1115, 1117, 1172, 1171, 1117, 1171, 1116, 1118, 1173, 1172, 1118, 1172, 1117, 1119, 1174, 1173, 1119, 1173, 1118, 1115, 1169, 1114,
            1120, 1175, 1174, 1121, 1176, 1175, 1121, 1175, 1120, 1122, 1177, 1176, 1122, 1176, 1121, 1123, 1178, 1177, 1123, 1177, 1122, 1124, 1179, 1013,
            1124, 1013, 958, 1120, 1174, 1119, 1115, 1170, 1169, 1114, 1168, 1113, 1114, 1169, 1168, 1104, 1158, 1103, 1105, 1160, 1159, 1105, 1159, 1104,
            1106, 1161, 1160, 1106, 1160, 1105, 1107, 1162, 1161, 1107, 1161, 1106, 1108, 1163, 1162, 1108, 1162, 1107, 1109, 1164, 1163, 1109, 1163, 1108,
            1110, 1165, 1164, 1110, 1164, 1109, 1111, 1166, 1165, 1111, 1165, 1110, 1112, 1167, 1166, 1112, 1166, 1111, 1113, 1168, 1167, 1113, 1167, 1112,
            1125, 1180, 1179, 1125, 1179, 1124, 1126, 1181, 1180, 1126, 1180, 1125, 1138, 1192, 1137, 1139, 1194, 1193, 1139, 1193, 1138, 1140, 1195, 1194,
            1140, 1194, 1139, 1141, 1196, 1195, 1141, 1195, 1140, 1142, 1197, 1196, 1142, 1196, 1141, 1143, 1198, 1197, 1143, 1197, 1142, 1144, 1199, 1198,
            1144, 1198, 1143, 1145, 1200, 1199, 1145, 1199, 1144, 1146, 1201, 1200, 1146, 1200, 1145, 1147, 1202, 1201, 1147, 1201, 1146, 1138, 1193, 1192,
            1148, 1202, 1147, 1137, 1191, 1136, 1136, 1190, 1135, 1127, 1182, 1181, 1127, 1181, 1126, 1128, 1183, 1182, 1128, 1182, 1127, 1129, 1184, 1183,
            1129, 1183, 1128, 1130, 1185, 1184, 1130, 1184, 1129, 1131, 1186, 1185, 1131, 1185, 1130, 1132, 1187, 1186, 1132, 1186, 1131, 1133, 1188, 1187,
            1133, 1187, 1132, 1134, 1189, 1188, 1134, 1188, 1133, 1135, 1190, 1189, 1135, 1189, 1134, 1136, 1191, 1190, 1137, 1192, 1191, 1285, 1336, 1335,
            1194, 1249, 1248, 1195, 1250, 1249, 1252, 1304, 1251, 1253, 1306, 1305, 1253, 1305, 1252, 1254, 1307, 1306, 1254, 1306, 1253, 1255, 1308, 1307,
            1255, 1307, 1254, 1256, 1309, 1308, 1252, 1305, 1304, 1256, 1308, 1255, 1257, 1309, 1256, 1258, 1311, 1310, 1258, 1310, 1257, 1259, 1312, 1311,
            1259, 1311, 1258, 1260, 1313, 1312, 1260, 1312, 1259, 1261, 1314, 1313, 1257, 1310, 1309, 1251, 1303, 1250, 1251, 1304, 1303, 1250, 1302, 1249,
            1241, 1294, 1293, 1241, 1293, 1240, 1242, 1295, 1294, 1242, 1294, 1241, 1243, 1296, 1295, 1243, 1295, 1242, 1244, 1297, 1296, 1244, 1296, 1243,
            1245, 1298, 1297, 1245, 1297, 1244, 1246, 1299, 1298, 1246, 1298, 1245, 1247, 1300, 1299, 1247, 1299, 1246, 1248, 1301, 1300, 1248, 1300, 1247,
            1249, 1302, 1301, 1249, 1301, 1248, 1250, 1303, 1302, 1261, 1313, 1260, 1262, 1315, 1314, 1262, 1314, 1261, 1263, 1316, 1315, 1275, 1328, 1327,
            1275, 1327, 1274, 1276, 1329, 1328, 1276, 1328, 1275, 1277, 1330, 1329, 1277, 1329, 1276, 1278, 1331, 1330, 1278, 1330, 1277, 1279, 1332, 1331,
            1279, 1331, 1278, 1280, 1333, 1332, 1280, 1332, 1279, 1281, 1334, 1333, 1281, 1333, 1280, 1282, 17, 1334, 1282, 1334, 1281, 1283, 15, 17,
            1283, 17, 1282, 1284, 1335, 15, 1274, 1326, 1273, 1240, 1292, 1239, 1274, 1327, 1326, 1273, 1326, 1325, 1263, 1315, 1262, 1264, 1317, 1316,
            1264, 1316, 1263, 1265, 1318, 1317, 1265, 1317, 1264, 1266, 1319, 1318, 1266, 1318, 1265, 1267, 1320, 1319, 1267, 1319, 1266, 1268, 1321, 1320,
            1268, 1320, 1267, 1269, 1322, 1321, 1269, 1321, 1268, 1270, 1323, 1322, 1270, 1322, 1269, 1271, 1324, 1323, 1271, 1323, 1270, 1272, 1325, 1324,
            1272, 1324, 1271, 1273, 1325, 1272, 1194, 1248, 1193, 1240, 1293, 1292, 1239, 1292, 1291, 1207, 1262, 1261, 1207, 1261, 1206, 1208, 1263, 1262,
            1208, 1262, 1207, 1209, 1264, 1263, 1209, 1263, 1208, 1210, 1265, 1264, 1210, 1264, 1209, 1206, 1260, 1205, 1211, 1266, 1265, 1212, 1267, 1266,
            1212, 1266, 1211, 1213, 1268, 1267, 1213, 1267, 1212, 1214, 1269, 1268, 1214, 1268, 1213, 1215, 1270, 1269, 1215, 1269, 1214, 1211, 1265, 1210,
            1206, 1261, 1260, 1205, 1259, 1204, 1205, 1260, 1259, 1195, 1249, 1194, 1196, 1251, 1250, 1196, 1250, 1195, 1197, 1252, 1251, 1197, 1251, 1196,
            1198, 1253, 1252, 1198, 1252, 1197, 1199, 1254, 1253, 1199, 1253, 1198, 1200, 1255, 1254, 1200, 1254, 1199, 1201, 1256, 1255, 1201, 1255, 1200,
            1202, 1257, 1256, 1202, 1256, 1201, 1203, 1258, 1257, 1203, 1257, 1202, 1204, 1259, 1258, 1204, 1258, 1203, 1216, 1271, 1270, 1216, 1270, 1215,
            1217, 1272, 1271, 1217, 1271, 1216, 1229, 1283, 1228, 1230, 1285, 1284, 1230, 1284, 1229, 1231, 1286, 1285, 1231, 1285, 1230, 1232, 14, 1286,
            1232, 1286, 1231, 1233, 12, 14, 1233, 14, 1232, 1234, 1287, 1123, 1234, 1123, 1068, 1235, 1288, 1287, 1235, 1287, 1234, 1236, 1289, 1288,
            1236, 1288, 1235, 1237, 1290, 1289, 1237, 1289, 1236, 1238, 1291, 1290, 1238, 1290, 1237, 1229, 1284, 1283, 1239, 1291, 1238, 1228, 1282, 1227,
            1227, 1281, 1226, 1218, 1273, 1272, 1218, 1272, 1217, 1219, 1274, 1273, 1219, 1273, 1218, 1220, 1275, 1274, 1220, 1274, 1219, 1221, 1276, 1275,
            1221, 1275, 1220, 1222, 1277, 1276, 1222, 1276, 1221, 1223, 1278, 1277, 1223, 1277, 1222, 1224, 1279, 1278, 1224, 1278, 1223, 1225, 1280, 1279,
            1225, 1279, 1224, 1226, 1281, 1280, 1226, 1280, 1225, 1227, 1282, 1281, 1228, 1283, 1282, 739, 794, 628, 1025, 1079, 1024, 738, 793, 792,
            251, 306, 305, 251, 305, 250, 252, 307, 306, 252, 306, 251, 253, 308, 307, 253, 307, 252, 254, 309, 308, 254, 308, 253,
            250, 304, 249, 255, 310, 309, 256, 311, 310, 256, 310, 255, 257, 312, 311, 257, 311, 256, 258, 313, 312, 258, 312, 257,
            259, 314, 313, 259, 313, 258, 255, 309, 254, 250, 305, 304, 249, 303, 248, 249, 304, 303, 239, 293, 238, 240, 295, 294,
            240, 294, 239, 241, 296, 295, 241, 295, 240, 242, 297, 296, 242, 296, 241, 243, 298, 297, 243, 297, 242, 244, 299, 114,
            244, 114, 79, 245, 300, 299, 245, 299, 244, 246, 301, 300, 246, 300, 245, 247, 302, 301, 247, 301, 246, 248, 303, 302,
            248, 302, 247, 260, 315, 314, 260, 314, 259, 261, 316, 315, 261, 315, 260, 273, 327, 272, 274, 329, 328, 274, 328, 273,
            275, 330, 329, 275, 329, 274, 276, 331, 330, 276, 330, 275, 277, 332, 331, 277, 331, 276, 278, 333, 332, 278, 332, 277,
            279, 334, 333, 279, 333, 278, 280, 335, 334, 280, 334, 279, 281, 336, 335, 281, 335, 280, 282, 337, 336, 282, 336, 281,
            273, 328, 327, 239, 294, 293, 272, 326, 271, 271, 325, 270, 262, 317, 316, 262, 316, 261, 263, 318, 317, 263, 317, 262,
            264, 319, 318, 264, 318, 263, 265, 320, 319, 265, 319, 264, 266, 321, 320, 266, 320, 265, 267, 322, 321, 267, 321, 266,
            268, 323, 322, 268, 322, 267, 269, 324, 323, 269, 323, 268, 270, 325, 324, 270, 324, 269, 271, 326, 325, 272, 327, 326,
            283, 338, 337, 238, 292, 237, 237, 291, 236, 205, 259, 204, 206, 261, 260, 206, 260, 205, 207, 262, 261, 207, 261, 206,
            208, 263, 262, 208, 262, 207, 209, 264, 263, 205, 260, 259, 209, 263, 208, 210, 264, 209, 211, 266, 265, 211, 265, 210,
            212, 267, 266, 212, 266, 211, 213, 268, 267, 213, 267, 212, 214, 269, 268, 210, 265, 264, 204, 258, 203, 204, 259, 258,
            203, 257, 202, 194, 249, 248, 194, 248, 193, 195, 250, 249, 195, 249, 194, 196, 251, 250, 196, 250, 195, 197, 252, 251,
            197, 251, 196, 198, 253, 252, 198, 252, 197, 199, 254, 253, 199, 253, 198, 200, 255, 254, 200, 254, 199, 201, 256, 255,
            201, 255, 200, 202, 257, 256, 202, 256, 201, 203, 258, 257, 214, 268, 213, 215, 270, 269, 215, 269, 214, 216, 271, 270,
            228, 283, 282, 228, 282, 227, 229, 284, 283, 229, 283, 228, 230, 285, 284, 230, 284, 229, 231, 286, 285, 231, 285, 230,
            232, 287, 286, 232, 286, 231, 233, 288, 287, 233, 287, 232, 234, 289, 288, 234, 288, 233, 235, 290, 289, 235, 289, 234,
            236, 291, 290, 236, 290, 235, 237, 292, 291, 227, 281, 226, 238, 293, 292, 227, 282, 281, 226, 281, 280, 216, 270, 215,
            217, 272, 271, 217, 271, 216, 218, 273, 272, 218, 272, 217, 219, 274, 273, 219, 273, 218, 220, 275, 274, 220, 274, 219,
            221, 276, 275, 221, 275, 220, 222, 277, 276, 222, 276, 221, 223, 278, 277, 223, 277, 222, 224, 279, 278, 224, 278, 223,
            225, 280, 279, 225, 279, 224, 226, 280, 225, 193, 247, 192, 283, 337, 282, 284, 338, 283, 342, 397, 396, 342, 396, 341,
            343, 398, 397, 343, 397, 342, 344, 399, 398, 344, 398, 343, 345, 400, 399, 345, 399, 344, 341, 395, 340, 346, 401, 400,
            347, 402, 401, 347, 401, 346, 348, 403, 402, 348, 402, 347, 349, 404, 403, 349, 403, 348, 350, 405, 404, 350, 404, 349,
            346, 400, 345, 341, 396, 395, 340, 394, 339, 340, 395, 394, 330, 384, 329, 331, 386, 385, 331, 385, 330, 332, 387, 386,
            332, 386, 331, 333, 388, 387, 333, 387, 332, 334, 389, 388, 334, 388, 333, 335, 390, 389, 335, 389, 334, 336, 391, 390,
            336, 390, 335, 337, 392, 391, 337, 391, 336, 338, 393, 392, 338, 392, 337, 339, 394, 393, 339, 393, 338, 351, 406, 405,
            351, 405, 350, 352, 407, 406, 352, 406, 351, 364, 418, 363, 365, 420, 419, 365, 419, 364, 366, 421, 420, 366, 420, 365,
            367, 422, 421, 367, 421, 366, 368, 423, 422, 368, 422, 367, 369, 424, 423, 369, 423, 368, 370, 425, 424, 370, 424, 369,
            371, 426, 425, 371, 425, 370, 372, 427, 426, 372, 426, 371, 373, 428, 427, 373, 427, 372, 364, 419, 418, 330, 385, 384,
            363, 417, 362, 362, 416, 361, 353, 408, 407, 353, 407, 352, 354, 409, 243, 354, 243, 188, 355, 410, 409, 355, 409, 354,
            356, 411, 410, 356, 410, 355, 357, 412, 411, 357, 411, 356, 358, 413, 412, 358, 412, 357, 359, 414, 413, 359, 413, 358,
            360, 415, 414, 360, 414, 359, 361, 416, 415, 361, 415, 360, 362, 417, 416, 363, 418, 417, 284, 339, 338, 329, 383, 328,
            328, 382, 327, 296, 350, 295, 297, 352, 351, 297, 351, 296, 298, 353, 352, 298, 352, 297, 299, 354, 188, 299, 188, 114,
            300, 355, 354, 296, 351, 350, 300, 354, 299, 301, 355, 300, 302, 357, 356, 302, 356, 301, 303, 358, 357, 303, 357, 302,
            304, 359, 358, 304, 358, 303, 305, 360, 359, 301, 356, 355, 295, 349, 294, 295, 350, 349, 294, 348, 293, 285, 340, 339,
            285, 339, 284, 286, 341, 340, 286, 340, 285, 287, 342, 341, 287, 341, 286, 288, 343, 342, 288, 342, 287, 289, 344, 343,
            289, 343, 288, 290, 345, 344, 290, 344, 289, 291, 346, 345, 291, 345, 290, 292, 347, 346, 292, 346, 291, 293, 348, 347,
            293, 347, 292, 294, 349, 348, 305, 359, 304, 306, 361, 360, 306, 360, 305, 307, 362, 361, 319, 374, 373, 319, 373, 318,
            320, 375, 374, 320, 374, 319, 321, 376, 375, 321, 375, 320, 322, 377, 376, 322, 376, 321, 323, 378, 377, 323, 377, 322,
            324, 379, 378, 324, 378, 323, 325, 380, 379, 325, 379, 324, 326, 381, 380, 326, 380, 325, 327, 382, 381, 327, 381, 326,
            328, 383, 382, 318, 372, 317, 329, 384, 383, 318, 373, 372, 317, 372, 371, 307, 361, 306, 308, 363, 362, 308, 362, 307,
            309, 364, 363, 309, 363, 308, 310, 365, 364, 310, 364, 309, 311, 366, 365, 311, 365, 310, 312, 367, 366, 312, 366, 311,
            313, 368, 367, 313, 367, 312, 314, 369, 368, 314, 368, 313, 315, 370, 369, 315, 369, 314, 316, 371, 370, 316, 370, 315,
            317, 371, 316, 374, 429, 428, 193, 248, 247, 192, 247, 246, 66, 104, 103, 66, 103, 64, 68, 105, 104, 68, 104, 66,
            70, 106, 105, 70, 105, 68, 72, 107, 106, 72, 106, 70, 64, 102, 62, 73, 108, 107, 74, 109, 108, 74, 108, 73,
            75, 110, 109, 75, 109, 74, 76, 111, 110, 76, 110, 75, 77, 112, 111, 77, 111, 76, 73, 107, 72, 64, 103, 102,
            62, 101, 60, 62, 102, 101, 42, 91, 40, 44, 93, 92, 44, 92, 42, 46, 94, 93, 46, 93, 44, 48, 95, 94,
            48, 94, 46, 50, 96, 95, 50, 95, 48, 52, 97, 96, 52, 96, 50, 54, 98, 97, 54, 97, 52, 56, 99, 98,
            56, 98, 54, 58, 100, 99, 58, 99, 56, 60, 101, 100, 60, 100, 58, 78, 113, 112, 78, 112, 77, 79, 114, 113,
            79, 113, 78, 137, 136, 135, 139, 140, 138, 139, 138, 137, 141, 142, 140, 141, 140, 139, 143, 144, 142, 143, 142, 141,
            145, 146, 144, 145, 144, 143, 147, 148, 146, 147, 146, 145, 149, 150, 148, 149, 148, 147, 151, 152, 150, 151, 150, 149,
            153, 154, 152, 153, 152, 151, 8, 155, 154, 8, 154, 153, 137, 138, 136, 42, 92, 91, 135, 134, 133, 133, 132, 131,
            115, 116, 10, 115, 10, 9, 117, 118, 116, 117, 116, 115, 119, 120, 118, 119, 118, 117, 121, 122, 120, 121, 120, 119,
            123, 124, 122, 123, 122, 121, 125, 126, 124, 125, 124, 123, 127, 128, 126, 127, 126, 125, 129, 130, 128, 129, 128, 127,
            131, 132, 130, 131, 130, 129, 133, 134, 132, 135, 136, 134, 7, 156, 155, 40, 90, 38, 38, 89, 36, 37, 36, 35,
            39, 40, 38, 39, 38, 37, 41, 42, 40, 41, 40, 39, 43, 44, 42, 43, 42, 41, 45, 46, 44, 37, 38, 36,
            45, 44, 43, 47, 46, 45, 49, 50, 48, 49, 48, 47, 51, 52, 50, 51, 50, 49, 53, 54, 52, 53, 52, 51,
            55, 56, 54, 47, 48, 46, 35, 34, 33, 35, 36, 34, 33, 4, 3, 0, 1, 2, 3, 4, 5, 6, 7, 8,
            9, 10, 11, 12, 13, 14, 15, 16, 17, 18, 19, 20, 21, 22, 23, 24, 25, 1, 24, 1, 0, 26, 27, 25,
            26, 25, 24, 28, 29, 27, 28, 27, 26, 30, 31, 29, 30, 29, 28, 11, 32, 31, 11, 31, 30, 33, 34, 4,
            55, 54, 53, 57, 58, 56, 57, 56, 55, 59, 60, 58, 31, 78, 77, 31, 77, 29, 32, 79, 78, 32, 78, 31,
            80, 81, 7, 80, 7, 6, 82, 83, 81, 82, 81, 80, 84, 85, 83, 84, 83, 82, 5, 86, 85, 5, 85, 84,
            4, 87, 86, 4, 86, 5, 34, 88, 87, 34, 87, 4, 36, 89, 88, 36, 88, 34, 38, 90, 89, 29, 76, 27,
            40, 91, 90, 29, 77, 76, 27, 76, 75, 59, 58, 57, 61, 62, 60, 61, 60, 59, 63, 64, 62, 63, 62, 61,
            65, 66, 64, 65, 64, 63, 67, 68, 66, 67, 66, 65, 69, 70, 68, 69, 68, 67, 738, 792, 737, 71, 70, 69,
            2, 73, 72, 2, 72, 71, 1, 74, 73, 1, 73, 2, 25, 75, 74, 25, 74, 1, 27, 75, 25, 192, 246, 191,
            7, 155, 8, 81, 156, 7, 160, 215, 214, 160, 214, 159, 161, 216, 215, 161, 215, 160, 162, 217, 216, 162, 216, 161,
            163, 218, 217, 163, 217, 162, 159, 213, 158, 164, 219, 218, 165, 220, 219, 165, 219, 164, 166, 221, 220, 166, 220, 165,
            167, 222, 221, 167, 221, 166, 168, 223, 222, 168, 222, 167, 164, 218, 163, 159, 214, 213, 158, 212, 157, 158, 213, 212,
            142, 202, 140, 144, 204, 203, 144, 203, 142, 146, 205, 204, 146, 204, 144, 148, 206, 205, 148, 205, 146, 150, 207, 206,
            150, 206, 148, 152, 208, 207, 152, 207, 150, 154, 209, 208, 154, 208, 152, 155, 210, 209, 155, 209, 154, 156, 211, 210,
            156, 210, 155, 157, 212, 211, 157, 211, 156, 169, 224, 223, 169, 223, 168, 170, 225, 224, 170, 224, 169, 182, 236, 181,
            183, 238, 237, 183, 237, 182, 184, 239, 238, 184, 238, 183, 185, 240, 239, 185, 239, 184, 186, 241, 240, 186, 240, 185,
            187, 242, 241, 187, 241, 186, 188, 243, 242, 188, 242, 187, 189, 244, 79, 189, 79, 32, 190, 245, 244, 190, 244, 189,
            191, 246, 245, 191, 245, 190, 182, 237, 236, 142, 203, 202, 181, 235, 180, 180, 234, 179, 171, 226, 225, 171, 225, 170,
            172, 227, 226, 172, 226, 171, 173, 228, 227, 173, 227, 172, 174, 229, 228, 174, 228, 173, 175, 230, 229, 175, 229, 174,
            176, 231, 230, 176, 230, 175, 177, 232, 231, 177, 231, 176, 178, 233, 232, 178, 232, 177, 179, 234, 233, 179, 233, 178,
            180, 235, 234, 181, 236, 235, 81, 157, 156, 140, 201, 138, 138, 200, 136, 95, 168, 94, 96, 170, 169, 96, 169, 95,
            97, 171, 170, 97, 170, 96, 98, 172, 171, 98, 171, 97, 99, 173, 172, 95, 169, 168, 99, 172, 98, 100, 173, 99,
            101, 175, 174, 101, 174, 100, 102, 176, 175, 102, 175, 101, 103, 177, 176, 103, 176, 102, 104, 178, 177, 100, 174, 173,
            94, 167, 93, 94, 168, 167, 93, 166, 92, 83, 158, 157, 83, 157, 81, 85, 159, 158, 85, 158, 83, 86, 160, 159,
            86, 159, 85, 87, 161, 160, 87, 160, 86, 88, 162, 161, 88, 161, 87, 89, 163, 162, 89, 162, 88, 90, 164, 163,
            90, 163, 89, 91, 165, 164, 91, 164, 90, 92, 166, 165, 92, 165, 91, 93, 167, 166, 104, 177, 103, 105, 179, 178,
            105, 178, 104, 106, 180, 179, 120, 192, 191, 120, 191, 118, 122, 193, 192, 122, 192, 120, 124, 194, 193, 124, 193, 122,
            126, 195, 194, 126, 194, 124, 128, 196, 195, 128, 195, 126, 130, 197, 196, 130, 196, 128, 132, 198, 197, 132, 197, 130,
            134, 199, 198, 134, 198, 132, 136, 200, 199, 136, 199, 134, 138, 201, 200, 118, 190, 116, 140, 202, 201, 118, 191, 190,
            116, 190, 189, 106, 179, 105, 107, 181, 180, 107, 180, 106, 108, 182, 181, 108, 181, 107, 109, 183, 182, 109, 182, 108,
            110, 184, 183, 110, 183, 109, 111, 185, 184, 111, 184, 110, 112, 186, 185, 112, 185, 111, 113, 187, 186, 113, 186, 112,
            114, 188, 187, 114, 187, 113, 10, 189, 32, 10, 32, 11, 116, 189, 10, 374, 428, 373, 71, 72, 70, 375, 429, 374,
            615, 670, 669, 615, 669, 614, 616, 671, 670, 616, 670, 615, 617, 672, 671, 617, 671, 616, 618, 673, 672, 618, 672, 617,
            614, 668, 613, 619, 674, 673, 620, 675, 674, 620, 674, 619, 621, 676, 675, 621, 675, 620, 622, 677, 676, 622, 676, 621,
            623, 678, 677, 623, 677, 622, 619, 673, 618, 614, 669, 668, 613, 667, 612, 613, 668, 667, 603, 657, 602, 604, 659, 658,
            604, 658, 603, 605, 660, 659, 605, 659, 604, 606, 661, 660, 606, 660, 605, 607, 662, 661, 607, 661, 606, 608, 663, 662,
            608, 662, 607, 609, 664, 663, 609, 663, 608, 610, 665, 664, 610, 664, 609, 611, 666, 665, 611, 665, 610, 612, 667, 666,
            612, 666, 611, 624, 679, 678, 624, 678, 623, 625, 680, 679, 625, 679, 624, 637, 691, 636, 638, 693, 692, 638, 692, 637,
            639, 694, 693, 639, 693, 638, 640, 695, 694, 640, 694, 639, 641, 696, 695, 641, 695, 640, 642, 697, 696, 642, 696, 641,
            643, 698, 697, 643, 697, 642, 644, 699, 698, 644, 698, 643, 645, 700, 699, 645, 699, 644, 646, 701, 700, 646, 700, 645,
            637, 692, 691, 603, 658, 657, 636, 690, 635, 635, 689, 634, 626, 681, 680, 626, 680, 625, 627, 682, 681, 627, 681, 626,
            628, 683, 682, 628, 682, 627, 629, 684, 518, 629, 518, 463, 630, 685, 684, 630, 684, 629, 631, 686, 685, 631, 685, 630,
            632, 687, 686, 632, 686, 631, 633, 688, 687, 633, 687, 632, 634, 689, 688, 634, 688, 633, 635, 690, 689, 636, 691, 690,
            647, 702, 701, 602, 656, 601, 601, 655, 600, 569, 623, 568, 570, 625, 624, 570, 624, 569, 571, 626, 625, 571, 625, 570,
            572, 627, 626, 572, 626, 571, 573, 628, 627, 569, 624, 623, 573, 627, 572, 574, 463, 408, 575, 630, 629, 575, 629, 574,
            576, 631, 630, 576, 630, 575, 577, 632, 631, 577, 631, 576, 578, 633, 632, 574, 629, 463, 568, 622, 567, 568, 623, 622,
            567, 621, 566, 558, 613, 612, 558, 612, 557, 559, 614, 613, 559, 613, 558, 560, 615, 614, 560, 614, 559, 561, 616, 615,
            561, 615, 560, 562, 617, 616, 562, 616, 561, 563, 618, 617, 563, 617, 562, 564, 619, 618, 564, 618, 563, 565, 620, 619,
            565, 619, 564, 566, 621, 620, 566, 620, 565, 567, 622, 621, 578, 632, 577, 579, 634, 633, 579, 633, 578, 580, 635, 634,
            592, 647, 646, 592, 646, 591, 593, 648, 647, 593, 647, 592, 594, 649, 648, 594, 648, 593, 595, 650, 649, 595, 649, 594,
            596, 651, 650, 596, 650, 595, 597, 652, 651, 597, 651, 596, 598, 653, 652, 598, 652, 597, 599, 654, 653, 599, 653, 598,
            600, 655, 654, 600, 654, 599, 601, 656, 655, 591, 645, 590, 602, 657, 656, 591, 646, 645, 590, 645, 644, 580, 634, 579,
            581, 636, 635, 581, 635, 580, 582, 637, 636, 582, 636, 581, 583, 638, 637, 583, 637, 582, 584, 639, 638, 584, 638, 583,
            585, 640, 639, 585, 639, 584, 586, 641, 640, 586, 640, 585, 587, 642, 641, 587, 641, 586, 588, 643, 642, 588, 642, 587,
            589, 644, 643, 589, 643, 588, 590, 644, 589, 557, 611, 556, 647, 701, 646, 648, 702, 647, 706, 760, 705, 707, 762, 761,
            707, 761, 706, 708, 763, 762, 708, 762, 707, 709, 764, 763, 709, 763, 708, 710, 765, 764, 706, 761, 760, 710, 764, 709,
            711, 765, 710, 712, 767, 766, 712, 766, 711, 713, 768, 767, 713, 767, 712, 714, 769, 768, 714, 768, 713, 715, 770, 769,
            711, 766, 765, 705, 759, 704, 705, 760, 759, 704, 758, 703, 695, 750, 749, 695, 749, 694, 696, 751, 750, 696, 750, 695,
            697, 752, 751, 697, 751, 696, 698, 753, 752, 698, 752, 697, 699, 754, 753, 699, 753, 698, 700, 755, 754, 700, 754, 699,
            701, 756, 755, 701, 755, 700, 702, 757, 756, 702, 756, 701, 703, 758, 757, 703, 757, 702, 704, 759, 758, 715, 769, 714,
            716, 771, 770, 716, 770, 715, 717, 772, 771, 729, 784, 783, 729, 783, 728, 730, 785, 784, 730, 784, 729, 731, 786, 785,
            731, 785, 730, 732, 787, 786, 732, 786, 731, 733, 788, 787, 733, 787, 732, 734, 789, 788, 734, 788, 733, 735, 790, 789,
            735, 789, 734, 736, 791, 790, 736, 790, 735, 737, 792, 791, 737, 791, 736, 375, 430, 429, 728, 782, 727, 694, 748, 693,
            728, 783, 782, 727, 782, 781, 717, 771, 716, 718, 773, 772, 718, 772, 717, 719, 774, 773, 719, 773, 718, 720, 775, 774,
            720, 774, 719, 721, 776, 775, 721, 775, 720, 722, 777, 776, 722, 776, 721, 723, 778, 777, 723, 777, 722, 724, 779, 778,
            724, 778, 723, 725, 780, 779, 725, 779, 724, 726, 781, 780, 726, 780, 725, 727, 781, 726, 648, 703, 702, 694, 749, 748,
            693, 748, 747, 660, 714, 659, 661, 716, 715, 661, 715, 660, 662, 717, 716, 662, 716, 661, 663, 718, 717, 663, 717, 662,
            664, 719, 718, 660, 715, 714, 664, 718, 663, 665, 719, 664, 666, 721, 720, 666, 720, 665, 667, 722, 721, 667, 721, 666,
            668, 723, 722, 668, 722, 667, 669, 724, 723, 665, 720, 719, 659, 713, 658, 659, 714, 713, 658, 712, 657, 649, 704, 703,
            649, 703, 648, 650, 705, 704, 650, 704, 649, 651, 706, 705, 651, 705, 650, 652, 707, 706, 652, 706, 651, 653, 708, 707,
            653, 707, 652, 654, 709, 708, 654, 708, 653, 655, 710, 709, 655, 709, 654, 656, 711, 710, 656, 710, 655, 657, 712, 711,
            657, 711, 656, 658, 713, 712, 669, 723, 668, 670, 725, 724, 670, 724, 669, 671, 726, 725, 683, 737, 682, 684, 739, 573,
            684, 573, 518, 685, 740, 739, 685, 739, 684, 686, 741, 740, 686, 740, 685, 687, 742, 741, 687, 741, 686, 688, 743, 742,
            688, 742, 687, 689, 744, 743, 689, 743, 688, 690, 745, 744, 690, 744, 689, 691, 746, 745, 691, 745, 690, 692, 747, 746,
            692, 746, 691, 683, 738, 737, 693, 747, 692, 682, 736, 681, 681, 735, 680, 671, 725, 670, 672, 726, 671, 673, 728, 727,
            673, 727, 672, 674, 729, 728, 674, 728, 673, 675, 730, 729, 675, 729, 674, 676, 731, 730, 676, 730, 675, 677, 732, 731,
            677, 731, 676, 678, 733, 732, 678, 732, 677, 679, 734, 733, 679, 733, 678, 680, 735, 734, 680, 734, 679, 681, 736, 735,
            682, 737, 736, 557, 612, 611, 672, 727, 726, 556, 611, 610, 433, 488, 487, 433, 487, 432, 434, 489, 488, 434, 488, 433,
            435, 490, 489, 435, 489, 434, 436, 491, 490, 436, 490, 435, 432, 486, 431, 437, 492, 491, 438, 493, 492, 438, 492, 437,
            439, 494, 493, 439, 493, 438, 440, 495, 494, 440, 494, 439, 441, 496, 495, 441, 495, 440, 437, 491, 436, 432, 487, 486,
            431, 485, 430, 431, 486, 485, 421, 475, 420, 422, 477, 476, 422, 476, 421, 423, 478, 477, 423, 477, 422, 424, 479, 478,
            424, 478, 423, 425, 480, 479, 425, 479, 424, 426, 481, 480, 426, 480, 425, 427, 482, 481, 427, 481, 426, 428, 483, 482,
            428, 482, 427, 429, 484, 483, 429, 483, 428, 430, 485, 484, 430, 484, 429, 442, 497, 496, 442, 496, 441, 443, 498, 497,
            443, 497, 442, 455, 509, 454, 456, 511, 510, 456, 510, 455, 457, 512, 511, 457, 511, 456, 458, 513, 512, 458, 512, 457,
            459, 514, 513, 459, 513, 458, 460, 515, 514, 460, 514, 459, 461, 516, 515, 461, 515, 460, 462, 517, 516, 462, 516, 461,
            463, 518, 517, 463, 517, 462, 464, 519, 353, 464, 353, 298, 455, 510, 509, 421, 476, 475, 454, 508, 453, 453, 507, 452,
            444, 499, 498, 444, 498, 443, 445, 500, 499, 445, 499, 444, 446, 501, 500, 446, 500, 445, 447, 502, 501, 447, 501, 446,
            448, 503, 502, 448, 502, 447, 449, 504, 503, 449, 503, 448, 450, 505, 504, 450, 504, 449, 451, 506, 505, 451, 505, 450,
            452, 507, 506, 452, 506, 451, 453, 508, 507, 454, 509, 508, 465, 520, 519, 420, 474, 419, 419, 473, 418, 387, 442, 441,
            387, 441, 386, 388, 443, 442, 388, 442, 387, 389, 444, 443, 389, 443, 388, 390, 445, 444, 390, 444, 389, 386, 440, 385,
            391, 446, 445, 392, 447, 446, 392, 446, 391, 393, 448, 447, 393, 447, 392, 394, 449, 448, 394, 448, 393, 395, 450, 449,
            395, 449, 394, 391, 445, 390, 386, 441, 440, 385, 439, 384, 385, 440, 439, 376, 431, 430, 556, 610, 555, 376, 430, 375,
            377, 432, 431, 377, 431, 376, 378, 433, 432, 378, 432, 377, 379, 434, 433, 379, 433, 378, 380, 435, 434, 380, 434, 379,
            381, 436, 435, 381, 435, 380, 382, 437, 436, 382, 436, 381, 383, 438, 437, 383, 437, 382, 384, 439, 438, 384, 438, 383,
            396, 451, 450, 396, 450, 395, 397, 452, 451, 397, 451, 396, 410, 465, 464, 410, 464, 409, 411, 466, 465, 411, 465, 410,
            412, 467, 466, 412, 466, 411, 413, 468, 467, 413, 467, 412, 414, 469, 468, 414, 468, 413, 415, 470, 469, 415, 469, 414,
            416, 471, 470, 416, 470, 415, 417, 472, 471, 417, 471, 416, 418, 473, 472, 418, 472, 417, 419, 474, 473, 409, 464, 298,
            420, 475, 474, 408, 462, 407, 407, 461, 406, 398, 453, 452, 398, 452, 397, 399, 454, 453, 399, 453, 398, 400, 455, 454,
            400, 454, 399, 401, 456, 455, 401, 455, 400, 402, 457, 456, 402, 456, 401, 403, 458, 457, 403, 457, 402, 404, 459, 458,
            404, 458, 403, 405, 460, 459, 405, 459, 404, 406, 461, 460, 406, 460, 405, 407, 462, 461, 408, 463, 462, 465, 519, 464,
            409, 298, 243, 466, 520, 465, 523, 577, 522, 524, 579, 578, 524, 578, 523, 525, 580, 579, 525, 579, 524, 526, 581, 580,
            526, 580, 525, 527, 582, 581, 527, 581, 526, 528, 583, 582, 528, 582, 527, 529, 584, 583, 529, 583, 528, 530, 585, 584,
            530, 584, 529, 531, 586, 585, 531, 585, 530, 532, 587, 586, 532, 586, 531, 523, 578, 577, 533, 588, 587, 522, 576, 521,
            521, 575, 520, 512, 567, 566, 512, 566, 511, 513, 568, 567, 513, 567, 512, 514, 569, 568, 514, 568, 513, 515, 570, 569,
            515, 569, 514, 516, 571, 570, 516, 570, 515, 517, 572, 571, 517, 571, 516, 518, 573, 572, 518, 572, 517, 519, 574, 408,
            519, 408, 353, 520, 575, 574, 520, 574, 519, 521, 576, 575, 522, 577, 576, 511, 565, 510, 533, 587, 532, 534, 588, 533,
            547, 602, 601, 547, 601, 546, 548, 603, 602, 548, 602, 547, 549, 604, 603, 549, 603, 548, 550, 605, 604, 550, 604, 549,
            551, 606, 605, 551, 605, 550, 552, 607, 606, 552, 606, 551, 553, 608, 607, 553, 607, 552, 554, 609, 608, 554, 608, 553,
            466, 521, 520, 555, 610, 609, 555, 609, 554, 546, 600, 545, 534, 589, 588, 546, 601, 600, 545, 600, 599, 535, 590, 589,
            535, 589, 534, 536, 591, 590, 536, 590, 535, 537, 592, 591, 537, 591, 536, 538, 592, 537, 539, 594, 593, 539, 593, 538,
            540, 595, 594, 540, 594, 539, 541, 596, 595, 541, 595, 540, 542, 597, 596, 542, 596, 541, 543, 598, 597, 543, 597, 542,
            544, 599, 598, 544, 598, 543, 545, 599, 544, 511, 566, 565, 538, 593, 592, 510, 565, 564, 478, 532, 477, 479, 534, 533,
            479, 533, 478, 480, 535, 534, 480, 534, 479, 481, 536, 535, 481, 535, 480, 482, 537, 536, 482, 536, 481, 483, 538, 537,
            483, 537, 482, 484, 539, 538, 484, 538, 483, 485, 540, 539, 485, 539, 484, 486, 541, 540, 486, 540, 485, 487, 542, 541,
            487, 541, 486, 478, 533, 532, 488, 543, 542, 477, 531, 476, 476, 531, 530, 467, 521, 466, 467, 522, 521, 468, 523, 522,
            510, 564, 509, 468, 522, 467, 469, 524, 523, 469, 523, 468, 470, 525, 524, 470, 524, 469, 471, 526, 525, 471, 525, 470,
            472, 527, 526, 472, 526, 471, 473, 528, 527, 473, 527, 472, 474, 529, 528, 474, 528, 473, 475, 530, 529, 475, 529, 474,
            477, 532, 531, 488, 542, 487, 476, 530, 475, 489, 543, 488, 500, 555, 554, 500, 554, 499, 501, 556, 555, 501, 555, 500,
            502, 557, 556, 502, 556, 501, 503, 558, 557, 504, 559, 558, 499, 553, 498, 504, 558, 503, 505, 559, 504, 506, 561, 560,
            506, 560, 505, 507, 562, 561, 507, 561, 506, 489, 544, 543, 508, 563, 562, 509, 564, 563, 505, 560, 559, 499, 554, 553,
            503, 557, 502, 498, 553, 552, 490, 545, 544, 490, 544, 489, 498, 552, 497, 491, 546, 545, 491, 545, 490, 492, 547, 546,
            492, 546, 491, 493, 548, 547, 493, 547, 492, 494, 549, 548, 508, 562, 507, 494, 548, 493, 495, 550, 549, 495, 549, 494,
            496, 551, 550, 496, 550, 495, 497, 552, 551, 497, 551, 496, 509, 563, 508
        ]
    }

    def Mesh "collision_1" (
        prepend apiSchemas = ["PhysicsCollisionAPI", "PhysicsMeshCollisionAPI"]
    )
    {
        uniform bool doubleSided = 0
        uniform token subdivisionScheme = "none"
        uniform token visibility = "invisible"
        bool physics:collisionEnabled = 1
        uniform token physics:approximation = "convexHull"
        point3f[] points = [
            (-0.00190288457, 0.00459397724, 0.0495481197),
            (-0.00276256143, 0.0041344706, 0.0495481197),
            (1.54387891e-09, 5.14112841e-09, 0.0499999974),
            (-0.00097008131, -0.00487693027, 0.0495481271),
            (1.2799779e-09, -0.00497247512, 0.0495481271),
            (1.54387891e-09, 5.14112841e-09, 0.0499999974),
            (0.00351607543, 0.00351607986, 0.0495481197),
            (0.00276256329, 0.0041344706, 0.0495481197),
            (1.54387891e-09, 5.14112841e-09, 0.0499999974),
            (-0.00097008131, 0.00487693958, 0.0495481197),
            (1.54387891e-09, 5.14112841e-09, 0.0499999974),
            (-0.00190288457, -0.00459396793, 0.0495481271),
            (1.54387891e-09, 5.14112841e-09, 0.0499999974),
            (0.00413446687, 0.00276256748, 0.0495481197),
            (1.54387891e-09, 5.14112841e-09, 0.0499999974),
            (1.2799779e-09, 0.00497248443, 0.0495481197),
            (1.54387891e-09, 5.14112841e-09, 0.0499999974),
            (-0.00276256143, -0.00413446035, 0.0495481271),
            (1.54387891e-09, 5.14112841e-09, 0.0499999974),
            (0.00459397398, 0.00190289144, 0.0495481197),
            (1.54387891e-09, 5.14112841e-09, 0.0499999974),
            (-0.00351607334, -0.00351606915, 0.0495481271),
            (1.54387891e-09, 5.14112841e-09, 0.0499999974),
            (0.00487693585, 0.000970088062, 0.0495481271),
            (1.54387891e-09, 5.14112841e-09, 0.0499999974),
            (-0.00413446454, -0.00276255677, 0.0495481271),
            (1.54387891e-09, 5.14112841e-09, 0.0499999974),
            (0.00497248117, 5.15521759e-09, 0.0495481271),
            (1.54387891e-09, 5.14112841e-09, 0.0499999974),
            (-0.00459397165, -0.00190288108, 0.0495481271),
            (1.54387891e-09, 5.14112841e-09, 0.0499999974),
            (0.00487693585, -0.000970077468, 0.0495481271),
            (1.54387891e-09, 5.14112841e-09, 0.0499999974),
            (-0.00487693399, -0.000970077468, 0.0495481271),
            (1.54387891e-09, 5.14112841e-09, 0.0499999974),
            (0.00459397398, -0.00190288108, 0.0495481271),
            (1.54387891e-09, 5.14112841e-09, 0.0499999974),
            (-0.00497247931, 5.15521759e-09, 0.0495481271),
            (1.54387891e-09, 5.14112841e-09, 0.0499999974),
            (0.00413446687, -0.00276255677, 0.0495481271),
            (1.54387891e-09, 5.14112841e-09, 0.0499999974),
            (-0.00487693399, 0.000970088062, 0.0495481271),
            (1.54387891e-09, 5.14112841e-09, 0.0499999974),
            (0.00351607543, -0.00351606915, 0.0495481271),
            (1.54387891e-09, 5.14112841e-09, 0.0499999974),
            (-0.00459397165, 0.00190289144, 0.0495481197),
            (1.54387891e-09, 5.14112841e-09, 0.0499999974),
            (0.00276256329, -0.00413446035, 0.0495481271),
            (1.54387891e-09, 5.14112841e-09, 0.0499999974),
            (-0.00413446454, 0.00276256748, 0.0495481197),
            (1.54387891e-09, 5.14112841e-09, 0.0499999974),
            (0.00190288771, -0.00459396793, 0.0495481271),
            (1.54387891e-09, 5.14112841e-09, 0.0499999974),
            (0.000970083987, 0.00487693958, 0.0495481197),
            (1.2799779e-09, 0.00497248443, 0.0495481197),
            (1.54387891e-09, 5.14112841e-09, 0.0499999974),
            (-0.00351607334, 0.00351607986, 0.0495481197),
            (1.54387891e-09, 5.14112841e-09, 0.0499999974),
            (0.000970083987, -0.00487693027, 0.0495481271),
            (1.54387891e-09, 5.14112841e-09, 0.0499999974),
            (0.00190288771, 0.00459397724, 0.0495481197),
            (1.54387891e-09, 5.14112841e-09, 0.0499999974),
            (1.54387891e-09, 5.14112841e-09, 0.0499999974),
            (1.54387891e-09, 5.14112841e-09, 0.0499999974),
            (1.54387891e-09, 5.14112841e-09, 0.0499999974),
            (0.00555871334, -0.0279455371, 0.0100551847),
            (0.0109038083, -0.0263241194, 0.0100551847),
            (0.0112458048, -0.0271497741, 0.0139207322),
            (0.00573306205, -0.028822042, 0.0139207322),
            (-0.011245803, -0.0271497741, 0.0139207322),
            (-0.00573305925, -0.028822042, 0.0139207322),
            (-0.00585270813, -0.0294235554, 0.0173315186),
            (-0.0114805028, -0.0277163871, 0.0173315186),
            (0.0109038083, 0.0263241157, 0.0100551773),
            (0.00555871334, 0.0279455334, 0.0100551698),
            (0.00573306205, 0.0288220402, 0.0139207247),
            (0.0112458048, 0.0271497723, 0.0139207247),
            (-0.0158298742, 0.0236910768, 0.0100551773),
            (-0.0201476067, 0.0201476049, 0.0100551773),
            (-0.0207795352, 0.0207795333, 0.0139207247),
            (-0.0163263753, 0.0244341455, 0.0139207247),
            (8.44398051e-10, -0.0284930207, 0.0100551847),
            (9.16788589e-10, -0.0293867011, 0.0139207322),
            (0.0158298742, 0.0236910768, 0.0100551773),
            (0.0163263753, 0.0244341455, 0.0139207247),
            (-0.0109038064, 0.0263241157, 0.0100551773),
            (-0.011245803, 0.0271497723, 0.0139207247),
            (-0.00555871148, -0.0279455371, 0.0100551847),
            (0.0201476067, 0.0201476049, 0.0100551773),
            (0.0207795352, 0.0207795333, 0.0139207247),
            (-0.00555871148, 0.0279455334, 0.0100551698),
            (-0.00573305925, 0.0288220402, 0.0139207247),
            (-0.0109038064, -0.0263241194, 0.0100551847),
            (0.0236910786, 0.0158298723, 0.0100551773),
            (0.0244341455, 0.0163263734, 0.0139207247),
            (8.44398051e-10, 0.0284930188, 0.0100551698),
            (9.16788589e-10, 0.0293866992, 0.0139207247),
            (-0.0158298742, -0.0236910805, 0.0100551847),
            (-0.0163263753, -0.0244341474, 0.0139207322),
            (0.0263241176, 0.0109038055, 0.0100551773),
            (0.0271497723, 0.011245803, 0.0139207247),
            (-0.0201476067, -0.0201476086, 0.0100551847),
            (-0.0207795352, -0.020779537, 0.0139207322),
            (0.0279455353, 0.00555871148, 0.0100551773),
            (0.028822042, 0.00573306065, 0.0139207247),
            (-0.0236910786, -0.0158298742, 0.0100551773),
            (-0.0244341455, -0.0163263772, 0.0139207322),
            (0.0284930207, -1.55825652e-09, 0.0100551773),
            (0.0293867011, -8.92340257e-10, 0.0139207322),
            (-0.0263241176, -0.0109038092, 0.0100551773),
            (-0.0271497723, -0.0112458048, 0.0139207322),
            (0.0279455353, -0.00555871427, 0.0100551773),
            (0.028822042, -0.00573306158, 0.0139207322),
            (-0.0279455353, -0.00555871427, 0.0100551773),
            (-0.028822042, -0.00573306158, 0.0139207322),
            (0.0263241176, -0.0109038092, 0.0100551773),
            (0.0271497723, -0.0112458048, 0.0139207322),
            (-0.0284930207, -1.55825652e-09, 0.0100551773),
            (-0.0293867011, -8.92340257e-10, 0.0139207322),
            (0.0236910786, -0.0158298742, 0.0100551773),
            (0.0244341455, -0.0163263772, 0.0139207322),
            (-0.0279455353, 0.00555871148, 0.0100551773),
            (-0.028822042, 0.00573306065, 0.0139207247),
            (0.0201476067, -0.0201476086, 0.0100551847),
            (0.0207795352, -0.020779537, 0.0139207322),
            (-0.0263241176, 0.0109038055, 0.0100551773),
            (-0.0271497723, 0.011245803, 0.0139207247),
            (0.0158298742, -0.0236910805, 0.0100551847),
            (0.0163263753, -0.0244341474, 0.0139207322),
            (-0.0236910786, 0.0158298723, 0.0100551773),
            (-0.0244341455, 0.0163263734, 0.0139207247),
            (8.44398051e-10, 0.0284930188, 0.0100551698),
            (9.16788589e-10, 0.0293866992, 0.0139207247),
            (-0.0249440875, -0.0166671071, 0.0173315186),
            (-0.0212132037, -0.0212132037, 0.0173315186),
            (-0.0212132037, -0.0212132018, 0.0224476907),
            (-0.0249440875, -0.0166671053, 0.0224476907),
            (0.0212132037, 0.0212132018, 0.0173315111),
            (0.0249440875, 0.0166671053, 0.0173315111),
            (-0.00585270813, 0.0294235554, 0.0173315111),
            (9.88719773e-10, 0.0299999993, 0.0173315111),
            (-0.0166671071, -0.0249440875, 0.0173315186),
            (0.0277163871, 0.0114805037, 0.0173315111),
            (0.0294235554, 0.00585270952, 0.0173315111),
            (0.0299999993, -3.2771047e-10, 0.0173315111),
            (-0.0277163871, -0.0114805046, 0.0173315111),
            (0.0294235554, -0.00585270952, 0.0173315111),
            (-0.0294235554, -0.00585270952, 0.0173315111),
            (0.0277163871, -0.0114805046, 0.0173315111),
            (-0.0299999993, -3.2771047e-10, 0.0173315111),
            (0.0249440875, -0.0166671071, 0.0173315186),
            (-0.0294235554, 0.00585270952, 0.0173315111),
            (0.0212132037, -0.0212132037, 0.0173315186),
            (-0.0277163871, 0.0114805037, 0.0173315111),
            (0.0166671071, -0.0249440875, 0.0173315186),
            (-0.0249440875, 0.0166671053, 0.0173315111),
            (0.0114805046, -0.0277163871, 0.0173315186),
            (9.88719773e-10, 0.0299999993, 0.0173315111),
            (0.00585271092, 0.0294235554, 0.0173315111),
            (-0.0212132037, 0.0212132018, 0.0173315111),
            (0.00585271092, -0.0294235554, 0.0173315186),
            (0.0114805046, 0.0277163871, 0.0173315111),
            (-0.0166671071, 0.0249440856, 0.0173315111),
            (9.88719773e-10, -0.0299999993, 0.0173315186),
            (0.0166671071, 0.0249440856, 0.0173315111),
            (-0.0114805028, 0.0277163871, 0.0173315111),
            (-0.0299999993, 5.12945075e-10, 0.0224476907),
            (-0.0294235554, -0.00585270906, 0.0224476907),
            (-0.0286456421, -0.00569797074, 0.0267680067),
            (-0.029206844, 1.22335597e-09, 0.0267680067),
            (0.0294235554, 0.00585271046, 0.0224476833),
            (0.0299999993, 5.12945075e-10, 0.0224476907),
            (-0.0277163871, -0.0114805037, 0.0224476907),
            (0.0294235554, -0.00585270906, 0.0224476907),
            (0.0277163871, -0.0114805037, 0.0224476907),
            (0.0249440875, -0.0166671053, 0.0224476907),
            (-0.0294235554, 0.00585271046, 0.0224476833),
            (0.0212132037, -0.0212132018, 0.0224476907),
            (-0.0277163871, 0.0114805046, 0.0224476833),
            (0.0166671071, -0.0249440856, 0.0224476907),
            (-0.0249440875, 0.0166671071, 0.0224476833),
            (0.0114805046, -0.0277163871, 0.0224476907),
            (7.71899489e-10, 0.0299999993, 0.0224476833),
            (0.00585271046, 0.0294235554, 0.0224476833),
            (-0.0212132037, 0.0212132037, 0.0224476833),
            (0.00585271046, -0.0294235554, 0.0224476907),
            (0.0114805046, 0.0277163871, 0.0224476833),
            (-0.0166671071, 0.0249440875, 0.0224476833),
            (7.71899489e-10, -0.0299999993, 0.0224476907),
            (0.0166671071, 0.0249440875, 0.0224476833),
            (-0.0114805028, 0.0277163871, 0.0224476833),
            (-0.00585270859, -0.0294235554, 0.0224476907),
            (0.0212132037, 0.0212132037, 0.0224476833),
            (-0.00585270859, 0.0294235554, 0.0224476833),
            (-0.0114805028, -0.0277163871, 0.0224476907),
            (0.0249440875, 0.0166671071, 0.0224476833),
            (7.71899489e-10, 0.0299999993, 0.0224476833),
            (-0.0166671071, -0.0249440856, 0.0224476907),
            (0.0277163871, 0.0114805046, 0.0224476833),
            (-0.0242846012, 0.0162264537, 0.0267680067),
            (-0.0269836057, 0.0111769782, 0.0267680067),
            (-0.0260054339, 0.0107718073, 0.0305198658),
            (-0.0234042723, 0.0156382378, 0.0305198658),
            (0.0269836076, -0.0111769754, 0.0267680067),
            (0.0242846012, -0.0162264518, 0.0267680142),
            (-0.0286456421, 0.005697974, 0.0267680067),
            (0.0206523575, -0.0206523556, 0.0267680142),
            (0.0162264537, -0.0242846012, 0.0267680142),
            (0.0111769773, -0.0269836057, 0.0267680142),
            (9.56133506e-10, 0.0292068459, 0.0267680067),
            (0.00569797354, 0.0286456421, 0.0267680067),
            (-0.0206523575, 0.0206523575, 0.0267680067),
            (0.00569797354, -0.0286456402, 0.0267680142),
            (0.0111769773, 0.0269836076, 0.0267680067),
            (-0.0162264537, 0.0242846031, 0.0267680067),
            (9.56133506e-10, -0.0292068422, 0.0267680142),
            (0.0162264537, 0.0242846031, 0.0267680067),
            (-0.0111769754, 0.0269836076, 0.0267680067),
            (-0.00569797121, -0.0286456402, 0.0267680142),
            (0.0206523575, 0.0206523575, 0.0267680067),
            (-0.00569797121, 0.0286456421, 0.0267680067),
            (-0.0111769754, -0.0269836057, 0.0267680142),
            (0.0242846012, 0.0162264537, 0.0267680067),
            (9.56133506e-10, 0.0292068459, 0.0267680067),
            (-0.0162264537, -0.0242846012, 0.0267680142),
            (0.0269836076, 0.0111769782, 0.0267680067),
            (-0.0206523575, -0.0206523556, 0.0267680142),
            (0.0286456421, 0.005697974, 0.0267680067),
            (-0.0242846012, -0.0162264518, 0.0267680142),
            (0.029206844, 1.22335597e-09, 0.0267680067),
            (-0.0269836057, -0.0111769754, 0.0267680067),
            (0.0286456421, -0.00569797074, 0.0267680067),
            (0.015638236, 0.0234042741, 0.0305198658),
            (0.0107718073, 0.0260054376, 0.0305198658),
            (0.0100578303, 0.0242817439, 0.034612805),
            (0.0146017009, 0.0218529906, 0.034612805),
            (0.015638236, -0.0234042704, 0.0305198733),
            (0.0107718073, -0.0260054339, 0.0305198733),
            (1.50087653e-09, 0.0281480812, 0.0305198658),
            (0.00549141923, 0.027607223, 0.0305198658),
            (-0.0199036971, 0.0199036989, 0.0305198658),
            (0.00549141923, -0.0276072193, 0.0305198733),
            (-0.015638236, 0.0234042741, 0.0305198658),
            (1.50087653e-09, -0.0281480774, 0.0305198733),
            (-0.0107718036, 0.0260054376, 0.0305198658),
            (-0.00549141644, -0.0276072193, 0.0305198733),
            (0.0199036971, 0.0199036989, 0.0305198658),
            (-0.00549141644, 0.027607223, 0.0305198658),
            (-0.0107718036, -0.0260054339, 0.0305198733),
            (0.0234042723, 0.0156382378, 0.0305198658),
            (1.50087653e-09, 0.0281480812, 0.0305198658),
            (-0.015638236, -0.0234042704, 0.0305198733),
            (0.0260054376, 0.0107718073, 0.0305198658),
            (-0.0199036971, -0.0199036952, 0.0305198733),
            (0.027607223, 0.00549142016, 0.0305198658),
            (-0.0234042723, -0.0156382341, 0.0305198733),
            (0.0281480793, 1.83238291e-09, 0.0305198658),
            (-0.0260054339, -0.0107718036, 0.0305198733),
            (0.027607223, -0.00549141597, 0.0305198658),
            (-0.027607223, -0.00549141597, 0.0305198658),
            (0.0260054376, -0.0107718036, 0.0305198733),
            (-0.0281480793, 1.83238291e-09, 0.0305198658),
            (0.0234042723, -0.0156382341, 0.0305198733),
            (-0.027607223, 0.00549142016, 0.0305198658),
            (0.0199036971, -0.0199036952, 0.0305198733),
            (0.0242817421, 0.0100578303, 0.034612805),
            (0.0218529887, 0.0146017028, 0.034612805),
            (0.0203602966, 0.0136043187, 0.0376393501),
            (0.0226231515, 0.0093708206, 0.0376393501),
            (-0.0146017009, 0.0218529906, 0.034612805),
            (-0.0100578256, 0.0242817439, 0.034612805),
            (1.33505795e-09, -0.0262823626, 0.0346128125),
            (-0.00512743369, -0.0257773548, 0.0346128125),
            (0.0185844395, 0.0185844414, 0.034612805),
            (-0.00512743369, 0.0257773586, 0.034612805),
            (-0.0100578256, -0.0242817383, 0.0346128125),
            (1.33505795e-09, 0.0262823664, 0.034612805),
            (-0.0146017009, -0.021852985, 0.0346128125),
            (-0.0185844395, -0.0185844358, 0.0346128125),
            (0.0257773567, 0.00512743788, 0.034612805),
            (-0.0218529887, -0.0146016981, 0.0346128125),
            (0.0262823645, 2.51041721e-09, 0.034612805),
            (-0.0242817402, -0.0100578256, 0.034612805),
            (0.0257773567, -0.00512743229, 0.034612805),
            (-0.0257773567, -0.00512743229, 0.034612805),
            (0.0242817421, -0.0100578256, 0.034612805),
            (-0.0262823645, 2.51041721e-09, 0.034612805),
            (0.0218529887, -0.0146016981, 0.0346128125),
            (-0.0257773567, 0.00512743788, 0.034612805),
            (0.0185844395, -0.0185844358, 0.0346128125),
            (-0.0242817402, 0.0100578303, 0.034612805),
            (0.0146017009, -0.021852985, 0.0346128125),
            (-0.0218529887, 0.0146017028, 0.034612805),
            (0.0100578303, -0.0242817383, 0.0346128125),
            (1.33505795e-09, 0.0262823664, 0.034612805),
            (0.00512743602, 0.0257773586, 0.034612805),
            (-0.0185844395, 0.0185844414, 0.034612805),
            (0.00512743602, -0.0257773548, 0.0346128125),
            (0.0240166076, -0.00477719679, 0.0376393501),
            (0.0244871192, 2.99764791e-09, 0.0376393501),
            (0.021572046, 3.50279672e-09, 0.0407316912),
            (0.021157546, -0.00420849398, 0.0407316912),
            (-0.0136043169, -0.0203602929, 0.0376393501),
            (-0.0173150077, -0.017315004, 0.0376393501),
            (0.0240166076, 0.00477720331, 0.0376393501),
            (-0.0203602966, -0.0136043131, 0.0376393501),
            (-0.0226231478, -0.00937081408, 0.0376393501),
            (-0.0240166076, -0.00477719679, 0.0376393501),
            (0.0226231515, -0.00937081408, 0.0376393501),
            (-0.0244871192, 2.99764791e-09, 0.0376393501),
            (0.0203602966, -0.0136043131, 0.0376393501),
            (-0.0240166076, 0.00477720331, 0.0376393501),
            (0.0173150077, -0.017315004, 0.0376393501),
            (-0.0226231478, 0.0093708206, 0.0376393501),
            (0.013604315, -0.0203602929, 0.0376393501),
            (-0.0203602966, 0.0136043187, 0.0376393501),
            (0.00937081873, -0.022623146, 0.0376393501),
            (1.16382859e-09, 0.0244871229, 0.0376393426),
            (0.00477720099, 0.0240166094, 0.0376393426),
            (-0.0173150077, 0.0173150115, 0.0376393501),
            (0.00477720099, -0.0240166038, 0.0376393501),
            (0.00937081873, 0.0226231534, 0.0376393426),
            (-0.0136043169, 0.0203602985, 0.0376393501),
            (1.16382859e-09, -0.0244871173, 0.0376393501),
            (0.013604315, 0.0203602985, 0.0376393501),
            (-0.00937081501, 0.0226231534, 0.0376393426),
            (-0.00477719866, -0.0240166038, 0.0376393501),
            (0.0173150077, 0.0173150115, 0.0376393501),
            (-0.00477719866, 0.0240166094, 0.0376393426),
            (-0.00937081501, -0.022623146, 0.0376393501),
            (1.16382859e-09, 0.0244871229, 0.0376393426),
            (0.0152537404, -0.0152537366, 0.0407316912),
            (0.0179365017, -0.0119847851, 0.0407316912),
            (0.0162777118, -0.0108764162, 0.0426397327),
            (0.0138430567, -0.0138430521, 0.0426397327),
            (-0.0199299715, -0.00825526379, 0.0407316912),
            (-0.021157546, -0.00420849398, 0.0407316912),
            (0.0199299753, -0.00825526379, 0.0407316912),
            (-0.021572046, 3.50279672e-09, 0.0407316912),
            (-0.021157546, 0.00420850143, 0.0407316912),
            (-0.0199299715, 0.00825527124, 0.0407316837),
            (0.0119847879, -0.0179364979, 0.0407316912),
            (-0.0179365017, 0.0119847916, 0.0407316837),
            (0.00825526845, -0.0199299697, 0.0407316912),
            (9.14609166e-10, 0.0215720497, 0.0407316837),
            (0.00420849817, 0.0211575497, 0.0407316837),
            (-0.0152537404, 0.0152537432, 0.0407316837),
            (0.00420849817, -0.0211575422, 0.0407316912),
            (0.00825526845, 0.0199299771, 0.0407316837),
            (-0.0119847897, 0.0179365035, 0.0407316837),
            (9.14609166e-10, -0.0215720423, 0.0407316912),
            (0.0119847879, 0.0179365035, 0.0407316837),
            (-0.00825526472, 0.0199299771, 0.0407316837),
            (-0.00420849631, -0.0211575422, 0.0407316912),
            (0.0152537404, 0.0152537432, 0.0407316837),
            (-0.00420849631, 0.0211575497, 0.0407316837),
            (-0.00825526472, -0.0199299697, 0.0407316912),
            (0.0179365017, 0.0119847916, 0.0407316837),
            (9.14609166e-10, 0.0215720497, 0.0407316837),
            (-0.0119847897, -0.0179364979, 0.0407316912),
            (0.0199299753, 0.00825527124, 0.0407316837),
            (-0.0152537404, -0.0152537366, 0.0407316912),
            (0.021157546, 0.00420850143, 0.0407316912),
            (-0.0179365017, -0.0119847851, 0.0407316912),
            (0.00381929101, -0.019200867, 0.0426397327),
            (0.00749181118, -0.0180868227, 0.0426397327),
            (0.00661405176, -0.015967723, 0.0444161672),
            (0.0033718131, -0.0169512425, 0.0444161672),
            (-0.0192008708, 0.00381929451, 0.0426397327),
            (-0.0180868246, 0.00749181397, 0.0426397327),
            (0.0108764209, -0.0162777081, 0.0426397327),
            (-0.0162777118, 0.0108764246, 0.0426397327),
            (5.72926484e-10, 0.0195770413, 0.0426397327),
            (0.00381929101, 0.0192008745, 0.0426397327),
            (-0.0138430549, 0.0138430595, 0.0426397327),
            (0.00749181118, 0.0180868302, 0.0426397327),
            (-0.0108764218, 0.0162777156, 0.0426397327),
            (5.72926484e-10, -0.0195770338, 0.0426397327),
            (0.0108764209, 0.0162777156, 0.0426397327),
            (-0.00749180792, 0.0180868302, 0.0426397327),
            (-0.00381928962, -0.019200867, 0.0426397327),
            (0.0138430567, 0.0138430595, 0.0426397327),
            (-0.00381928962, 0.0192008745, 0.0426397327),
            (-0.00749180792, -0.0180868227, 0.0426397327),
            (0.0162777118, 0.0108764246, 0.0426397327),
            (5.72926484e-10, 0.0195770413, 0.0426397327),
            (-0.0108764218, -0.0162777081, 0.0426397327),
            (0.0180868264, 0.00749181397, 0.0426397327),
            (-0.0138430549, -0.0138430521, 0.0426397327),
            (0.0192008708, 0.00381929451, 0.0426397327),
            (-0.0162777118, -0.0108764162, 0.0426397327),
            (0.0195770375, 3.78828258e-09, 0.0426397327),
            (-0.0180868246, -0.00749180652, 0.0426397327),
            (0.0192008708, -0.00381928659, 0.0426397327),
            (-0.0192008708, -0.00381928659, 0.0426397327),
            (0.0180868264, -0.00749180652, 0.0426397327),
            (-0.0195770375, 3.78828258e-09, 0.0426397327),
            (-0.00661404803, -0.015967723, 0.0444161672),
            (-0.00337181194, -0.0169512425, 0.0444161672),
            (-0.00290765264, -0.0146177569, 0.0457978476),
            (-0.00570356753, -0.0137696275, 0.0457978476),
            (0.0033718131, 0.0169512499, 0.0444161672),
            (0.00661405176, 0.0159677304, 0.0444161672),
            (-0.0122211678, 0.0122211725, 0.0444161672),
            (-0.0096021127, 0.0143705765, 0.0444161672),
            (4.44358106e-10, -0.0172833372, 0.0444161672),
            (0.00960211083, 0.0143705765, 0.0444161672),
            (-0.00661404803, 0.0159677304, 0.0444161672),
            (0.0122211687, 0.0122211725, 0.0444161672),
            (-0.00337181194, 0.0169512499, 0.0444161672),
            (0.0143705728, 0.00960211456, 0.0444161672),
            (4.44358106e-10, 0.0172833446, 0.0444161672),
            (-0.0096021127, -0.0143705681, 0.0444161672),
            (0.0159677267, 0.00661405502, 0.0444161672),
            (-0.0122211678, -0.0122211641, 0.0444161672),
            (0.0169512462, 0.00337181729, 0.0444161672),
            (-0.0143705728, -0.00960210711, 0.0444161672),
            (0.0172833409, 4.16212753e-09, 0.0444161672),
            (-0.0159677267, -0.00661404617, 0.0444161672),
            (0.0169512462, -0.00337180845, 0.0444161672),
            (-0.0169512462, -0.00337180845, 0.0444161672),
            (0.0159677267, -0.00661404617, 0.0444161672),
            (-0.0172833409, 4.16212753e-09, 0.0444161672),
            (0.0143705728, -0.00960210711, 0.0444161672),
            (-0.0169512462, 0.00337181729, 0.0444161672),
            (0.0122211687, -0.0122211641, 0.0444161672),
            (-0.0159677267, 0.00661405502, 0.0444161672),
            (0.00960211083, -0.0143705681, 0.0444161672),
            (-0.0143705728, 0.00960211456, 0.0444161672),
            (4.44358106e-10, 0.0172833446, 0.0444161672),
            (-0.0123923384, -0.00828029402, 0.0457978476),
            (-0.0105388192, -0.0105388155, 0.0457978476),
            (-0.00846831873, -0.00846831501, 0.047245324),
            (-0.00995768793, -0.00665351143, 0.047245324),
            (0.0105388202, 0.0105388239, 0.0457978476),
            (0.0123923402, 0.0082803024, 0.0457978476),
            (-0.00290765264, 0.0146177653, 0.0457978476),
            (5.76081793e-10, 0.0149041452, 0.0457978476),
            (-0.00828029867, -0.0123923346, 0.0457978476),
            (0.0137696322, 0.00570357451, 0.0457978476),
            (0.0146177616, 0.00290765846, 0.0457978476),
            (0.0149041414, 4.35549063e-09, 0.0457978476),
            (-0.0137696313, -0.0057035652, 0.0457978476),
            (0.0146177616, -0.00290764915, 0.0457978476),
            (-0.0146177616, -0.00290764915, 0.0457978476),
            (0.0137696322, -0.0057035652, 0.0457978476),
            (-0.0149041414, 4.35549063e-09, 0.0457978476),
            (0.0123923402, -0.00828029402, 0.0457978476),
            (-0.0146177616, 0.00290765846, 0.0457978476),
            (0.0105388202, -0.0105388155, 0.0457978476),
            (-0.0137696313, 0.00570357451, 0.0457978476),
            (0.00828029774, -0.0123923346, 0.0457978476),
            (-0.0123923384, 0.0082803024, 0.0457978476),
            (0.00570357079, -0.0137696275, 0.0457978476),
            (5.76081793e-10, 0.0149041452, 0.0457978476),
            (0.00290765427, 0.0146177653, 0.0457978476),
            (-0.0105388192, 0.0105388239, 0.0457978476),
            (0.00290765427, -0.0146177569, 0.0457978476),
            (0.00570357079, 0.0137696359, 0.0457978476),
            (-0.00828029867, 0.012392344, 0.0457978476),
            (5.76081793e-10, -0.0149041368, 0.0457978476),
            (0.00828029774, 0.012392344, 0.0457978476),
            (-0.00570356753, 0.0137696359, 0.0457978476),
            (-0.011976012, 4.61818628e-09, 0.047245324),
            (-0.0117458953, -0.00233639893, 0.047245324),
            (-0.00802142546, -0.00159555604, 0.0488243852),
            (-0.00817857496, 4.90988183e-09, 0.0488243852),
            (0.0117458953, 0.00233640894, 0.047245324),
            (0.011976012, 4.61818628e-09, 0.047245324),
            (-0.0110643925, -0.0045830179, 0.047245324),
            (0.0117458953, -0.00233639893, 0.047245324),
            (0.0110643925, -0.0045830179, 0.047245324),
            (0.00995768886, -0.00665351143, 0.047245324),
            (-0.0117458953, 0.00233640894, 0.047245324),
            (0.00846831873, -0.00846831501, 0.047245324),
            (-0.0110643925, 0.00458302768, 0.047245324),
            (0.00665351655, -0.0099576842, 0.047245324),
            (-0.00995768793, 0.00665352121, 0.047245324),
            (0.00458302349, -0.0110643879, 0.047245324),
            (6.34182928e-10, 0.0119760158, 0.047245324),
            (0.00233640452, 0.0117458999, 0.047245324),
            (-0.00846831873, 0.00846832339, 0.047245324),
            (0.00233640452, -0.0117458906, 0.047245324),
            (0.00458302349, 0.0110643962, 0.047245324),
            (-0.00665351609, 0.00995769259, 0.047245324),
            (6.34182928e-10, -0.0119760074, 0.047245324),
            (0.00665351655, 0.00995769259, 0.047245324),
            (-0.00458302069, 0.0110643962, 0.047245324),
            (-0.00233640289, -0.0117458906, 0.047245324),
            (0.00846831873, 0.00846832339, 0.047245324),
            (-0.00233640289, 0.0117458999, 0.047245324),
            (-0.00458302069, -0.0110643879, 0.047245324),
            (0.00995768886, 0.00665352121, 0.047245324),
            (6.34182928e-10, 0.0119760158, 0.047245324),
            (-0.00665351609, -0.0099576842, 0.047245324),
            (0.0110643925, 0.00458302768, 0.047245324),
            (-0.00680023571, 0.00454377895, 0.0488243852),
            (-0.00755601795, 0.00312981149, 0.0488243852),
            (0.00755602075, -0.00312980148, 0.0488243852),
            (0.00680023804, -0.00454376871, 0.0488243852),
            (-0.00802142546, 0.00159556617, 0.0488243852),
            (0.00578312762, -0.00578312157, 0.0488243852),
            (0.00454377523, -0.00680023152, 0.0488243852),
            (0.00312980823, -0.00755601423, 0.0488243852),
            (1.53596336e-09, 0.00817858055, 0.0488243852),
            (0.00159556267, 0.00802143104, 0.0488243852),
            (-0.00578312576, 0.00578313181, 0.0488243852),
            (0.00159556267, -0.00802142173, 0.0488243852),
            (0.00312980823, 0.00755602354, 0.0488243852),
            (-0.0045437729, 0.00680024177, 0.0488243852),
            (1.53596336e-09, -0.00817857124, 0.0488243852),
            (0.00454377523, 0.00680024177, 0.0488243852),
            (-0.00312980427, 0.00755602354, 0.0488243852),
            (-0.00159555918, -0.00802142173, 0.0488243852),
            (0.00578312762, 0.00578313181, 0.0488243852),
            (-0.00159555918, 0.00802143104, 0.0488243852),
            (-0.00312980427, -0.00755601423, 0.0488243852),
            (0.00680023804, 0.00454377895, 0.0488243852),
            (1.53596336e-09, 0.00817858055, 0.0488243852),
            (-0.0045437729, -0.00680023152, 0.0488243852),
            (0.00755602075, 0.00312981149, 0.0488243852),
            (-0.00578312576, -0.00578312157, 0.0488243852),
            (0.00802142732, 0.00159556617, 0.0488243852),
            (-0.00680023571, -0.00454376871, 0.0488243852),
            (0.00817857776, 4.90988183e-09, 0.0488243852),
            (-0.00755601795, -0.00312980148, 0.0488243852),
            (0.00802142732, -0.00159555604, 0.0488243852)
        ]
        int[] faceVertexCounts = [
            3, 3, 3, 3, 3, 3, 3, 3, 3, 3, 3, 3, 3, 3, 3, 3, 3, 3, 3, 3, 3, 3, 3, 3,
            3, 3, 3, 3, 3, 3, 3, 3, 3, 3, 3, 3, 3, 3, 3, 3, 3, 3, 3, 3, 3, 3, 3, 3,
            3, 3, 3, 3, 3, 3, 3, 3, 3, 3, 3, 3, 3, 3, 3, 3, 3, 3, 3, 3, 3, 3, 3, 3,
            3, 3, 3, 3, 3, 3, 3, 3, 3, 3, 3, 3, 3, 3, 3, 3, 3, 3, 3, 3, 3, 3, 3, 3,
            3, 3, 3, 3, 3, 3, 3, 3, 3, 3, 3, 3, 3, 3, 3, 3, 3, 3, 3, 3, 3, 3, 3, 3,
            3, 3, 3, 3, 3, 3, 3, 3, 3, 3, 3, 3, 3, 3, 3, 3, 3, 3, 3, 3, 3, 3, 3, 3,
            3, 3, 3, 3, 3, 3, 3, 3, 3, 3, 3, 3, 3, 3, 3, 3, 3, 3, 3, 3, 3, 3, 3, 3,
            3, 3, 3, 3, 3, 3, 3, 3, 3, 3, 3, 3, 3, 3, 3, 3, 3, 3, 3, 3, 3, 3, 3, 3,
            3, 3, 3, 3, 3, 3, 3, 3, 3, 3, 3, 3, 3, 3, 3, 3, 3, 3, 3, 3, 3, 3, 3, 3,
            3, 3, 3, 3, 3, 3, 3, 3, 3, 3, 3, 3, 3, 3, 3, 3, 3, 3, 3, 3, 3, 3, 3, 3,
            3, 3, 3, 3, 3, 3, 3, 3, 3, 3, 3, 3, 3, 3, 3, 3, 3, 3, 3, 3, 3, 3, 3, 3,
            3, 3, 3, 3, 3, 3, 3, 3, 3, 3, 3, 3, 3, 3, 3, 3, 3, 3, 3, 3, 3, 3, 3, 3,
            3, 3, 3, 3, 3, 3, 3, 3, 3, 3, 3, 3, 3, 3, 3, 3, 3, 3, 3, 3, 3, 3, 3, 3,
            3, 3, 3, 3, 3, 3, 3, 3, 3, 3, 3, 3, 3, 3, 3, 3, 3, 3, 3, 3, 3, 3, 3, 3,
            3, 3, 3, 3, 3, 3, 3, 3, 3, 3, 3, 3, 3, 3, 3, 3, 3, 3, 3, 3, 3, 3, 3, 3,
            3, 3, 3, 3, 3, 3, 3, 3, 3, 3, 3, 3, 3, 3, 3, 3, 3, 3, 3, 3, 3, 3, 3, 3,
            3, 3, 3, 3, 3, 3, 3, 3, 3, 3, 3, 3, 3, 3, 3, 3, 3, 3, 3, 3, 3, 3, 3, 3,
            3, 3, 3, 3, 3, 3, 3, 3, 3, 3, 3, 3, 3, 3, 3, 3, 3, 3, 3, 3, 3, 3, 3, 3,
            3, 3, 3, 3, 3, 3, 3, 3, 3, 3, 3, 3, 3, 3, 3, 3, 3, 3, 3, 3, 3, 3, 3, 3,
            3, 3, 3, 3, 3, 3, 3, 3, 3, 3, 3, 3, 3, 3, 3, 3, 3, 3, 3, 3, 3, 3, 3, 3,
            3, 3, 3, 3, 3, 3, 3, 3, 3, 3, 3, 3, 3, 3, 3, 3, 3, 3, 3, 3, 3, 3, 3, 3,
            3, 3, 3, 3, 3, 3, 3, 3, 3, 3, 3, 3, 3, 3, 3, 3, 3, 3, 3, 3, 3, 3, 3, 3,
            3, 3, 3, 3, 3, 3, 3, 3, 3, 3, 3, 3, 3, 3, 3, 3, 3, 3, 3, 3, 3, 3, 3, 3,
            3, 3, 3, 3, 3, 3, 3, 3, 3, 3, 3, 3, 3, 3, 3, 3, 3, 3, 3, 3, 3, 3, 3, 3,
            3, 3, 3, 3, 3, 3, 3, 3, 3, 3, 3, 3, 3, 3, 3, 3, 3, 3, 3, 3, 3, 3, 3, 3,
            3, 3, 3, 3, 3, 3, 3, 3, 3, 3, 3, 3, 3, 3, 3, 3, 3, 3, 3, 3, 3, 3, 3, 3,
            3, 3, 3, 3, 3, 3, 3, 3, 3, 3, 3, 3, 3, 3, 3, 3, 3, 3, 3, 3, 3, 3, 3, 3,
            3, 3, 3, 3, 3, 3, 3, 3, 3, 3, 3, 3, 3, 3, 3, 3, 3, 3, 3, 3, 3, 3, 3, 3,
            3, 3, 3, 3, 3, 3, 3, 3, 3, 3, 3, 3, 3, 3, 3, 3, 3, 3, 3, 3, 3, 3, 3, 3,
            3, 3, 3, 3, 3, 3, 3, 3, 3, 3, 3, 3, 3, 3, 3, 3, 3, 3, 3, 3, 3, 3, 3, 3,
            3, 3, 3, 3, 3, 3, 3, 3, 3, 3, 3, 3, 3, 3, 3, 3, 3, 3, 3, 3, 3, 3, 3, 3,
            3, 3, 3, 3, 3, 3, 3, 3, 3, 3, 3, 3, 3, 3, 3, 3, 3, 3, 3, 3, 3, 3, 3, 3,
            3, 3, 3, 3, 3, 3, 3, 3, 3, 3, 3, 3, 3, 3, 3, 3, 3, 3, 3, 3, 3, 3, 3, 3,
            3, 3, 3, 3, 3, 3, 3, 3, 3, 3, 3, 3, 3, 3, 3, 3, 3, 3, 3, 3, 3, 3, 3, 3,
            3, 3, 3, 3, 3, 3, 3, 3, 3, 3, 3, 3, 3, 3, 3, 3, 3, 3, 3, 3, 3, 3, 3, 3,
            3, 3, 3, 3, 3, 3, 3, 3, 3, 3, 3, 3, 3, 3, 3, 3, 3, 3, 3, 3, 3, 3, 3, 3,
            3, 3, 3, 3, 3, 3, 3, 3, 3, 3, 3, 3, 3, 3, 3, 3, 3, 3, 3, 3, 3, 3, 3, 3,
            3, 3, 3, 3, 3, 3, 3, 3, 3, 3, 3, 3, 3, 3, 3, 3, 3, 3, 3, 3, 3, 3, 3, 3,
            3, 3, 3, 3, 3, 3, 3, 3, 3, 3, 3, 3, 3, 3, 3, 3
        ]
        int[] faceVertexIndices = [
            379, 376, 404, 386, 397, 412, 378, 402, 406, 378, 375, 402, 376, 374, 403, 377, 364, 367, 376, 403, 404, 375, 401, 402,
            375, 373, 401, 377, 367, 405, 379, 404, 407, 381, 378, 406, 380, 405, 398, 397, 399, 400, 381, 406, 408, 385, 409, 411,
            382, 379, 407, 382, 407, 409, 383, 380, 398, 385, 382, 409, 384, 381, 408, 384, 408, 410, 386, 383, 397, 380, 377, 405,
            383, 398, 397, 363, 388, 390, 339, 396, 368, 359, 356, 383, 359, 383, 386, 360, 357, 384, 358, 382, 385, 387, 384, 410,
            360, 384, 387, 361, 359, 386, 361, 386, 388, 362, 360, 387, 362, 387, 389, 363, 361, 388, 300, 362, 389, 397, 398, 399,
            300, 389, 391, 335, 390, 392, 301, 300, 391, 301, 391, 393, 336, 335, 392, 336, 392, 394, 337, 301, 393, 337, 393, 395,
            338, 336, 394, 338, 394, 396, 332, 337, 395, 332, 395, 333, 339, 338, 396, 335, 363, 390, 387, 410, 413, 411, 409, 436,
            388, 412, 414, 365, 427, 366, 373, 372, 429, 373, 429, 401, 374, 371, 428, 374, 428, 403, 430, 431, 432, 430, 432, 433,
            410, 408, 434, 410, 434, 435, 411, 436, 437, 412, 397, 400, 412, 400, 438, 413, 410, 435, 413, 435, 439, 414, 412, 438,
            414, 438, 431, 415, 413, 439, 415, 439, 440, 416, 414, 431, 416, 431, 430, 417, 415, 440, 418, 430, 442, 358, 355, 382,
            418, 416, 430, 417, 440, 441, 365, 370, 427, 388, 386, 412, 371, 426, 428, 370, 425, 427, 389, 387, 413, 389, 413, 415,
            390, 388, 414, 390, 414, 416, 391, 389, 415, 391, 415, 417, 392, 390, 416, 392, 416, 418, 393, 391, 417, 393, 417, 419,
            394, 392, 418, 394, 418, 420, 395, 393, 419, 395, 419, 421, 396, 394, 420, 396, 420, 422, 333, 395, 421, 333, 421, 423,
            368, 396, 422, 368, 422, 424, 334, 333, 423, 334, 423, 425, 369, 368, 424, 369, 424, 426, 370, 334, 425, 371, 369, 426,
            357, 381, 384, 311, 309, 338, 356, 380, 383, 312, 332, 331, 313, 311, 339, 313, 339, 340, 314, 312, 331, 314, 331, 341,
            315, 313, 340, 315, 340, 342, 316, 314, 341, 316, 341, 343, 318, 317, 344, 318, 344, 345, 319, 315, 342, 319, 342, 346,
            320, 316, 343, 320, 343, 347, 321, 318, 345, 321, 345, 348, 322, 319, 346, 322, 346, 349, 323, 320, 347, 323, 347, 350,
            324, 321, 348, 324, 348, 351, 325, 322, 349, 325, 349, 352, 312, 310, 332, 326, 323, 350, 311, 338, 339, 310, 308, 337,
            270, 269, 322, 270, 322, 325, 419, 417, 441, 272, 271, 323, 272, 323, 326, 273, 235, 324, 273, 324, 327, 274, 270, 325,
            274, 325, 328, 275, 272, 326, 275, 326, 329, 266, 273, 327, 266, 327, 267, 276, 274, 328, 276, 328, 330, 277, 275, 329,
            277, 329, 302, 331, 332, 333, 331, 333, 334, 307, 306, 335, 307, 335, 336, 308, 298, 301, 308, 301, 337, 309, 307, 336,
            309, 336, 338, 310, 337, 332, 326, 350, 353, 327, 324, 351, 327, 351, 354, 343, 341, 370, 343, 370, 365, 345, 344, 372,
            345, 372, 373, 346, 342, 371, 346, 371, 374, 347, 343, 365, 347, 365, 364, 348, 345, 373, 348, 373, 375, 349, 346, 374,
            349, 374, 376, 350, 347, 364, 350, 364, 377, 351, 348, 375, 351, 375, 378, 352, 349, 376, 352, 376, 379, 353, 350, 377,
            353, 377, 380, 354, 351, 378, 354, 378, 381, 355, 352, 379, 355, 379, 382, 356, 353, 380, 342, 369, 371, 342, 340, 369,
            341, 334, 370, 341, 331, 334, 328, 325, 352, 328, 352, 355, 329, 326, 353, 329, 353, 356, 267, 327, 354, 267, 354, 357,
            330, 328, 355, 330, 355, 358, 302, 329, 356, 302, 356, 359, 268, 267, 357, 268, 357, 360, 357, 354, 381, 303, 302, 359,
            304, 268, 360, 304, 360, 362, 305, 303, 361, 305, 361, 363, 299, 304, 362, 299, 362, 300, 306, 305, 363, 306, 363, 335,
            364, 365, 366, 364, 366, 367, 340, 339, 368, 340, 368, 369, 303, 359, 361, 419, 441, 443, 509, 506, 56, 420, 442, 444,
            493, 490, 515, 493, 515, 518, 494, 491, 516, 494, 516, 519, 495, 492, 517, 495, 517, 520, 432, 494, 519, 432, 519, 521,
            467, 495, 520, 467, 520, 522, 433, 432, 521, 433, 521, 523, 468, 467, 522, 468, 522, 524, 469, 433, 523, 469, 523, 525,
            470, 468, 524, 470, 524, 526, 464, 469, 525, 464, 525, 465, 471, 470, 526, 471, 526, 498, 503, 502, 47, 503, 47, 51,
            505, 504, 54, 492, 514, 517, 505, 54, 53, 492, 489, 514, 491, 488, 513, 477, 497, 496, 478, 476, 502, 478, 502, 503,
            480, 479, 504, 480, 504, 505, 481, 477, 496, 481, 496, 506, 482, 478, 503, 482, 503, 507, 483, 480, 505, 483, 505, 508,
            484, 481, 506, 484, 506, 509, 485, 482, 507, 485, 507, 510, 486, 483, 508, 486, 508, 511, 487, 484, 509, 487, 509, 512,
            488, 485, 510, 488, 510, 513, 489, 486, 511, 489, 511, 514, 490, 487, 512, 490, 512, 515, 491, 513, 516, 506, 496, 49,
            506, 49, 56, 507, 503, 51, 523, 521, 21, 523, 21, 25, 524, 522, 23, 524, 23, 27, 525, 523, 25, 525, 25, 29,
            526, 524, 27, 526, 27, 31, 465, 525, 29, 465, 29, 33, 498, 526, 31, 498, 31, 35, 466, 465, 33, 466, 33, 37,
            499, 498, 35, 499, 35, 39, 500, 466, 37, 500, 37, 41, 501, 499, 39, 501, 39, 43, 497, 500, 41, 497, 41, 45,
            502, 501, 43, 235, 321, 324, 502, 43, 47, 522, 19, 23, 522, 520, 19, 521, 17, 21, 521, 519, 17, 507, 51, 58,
            508, 505, 53, 508, 53, 60, 509, 56, 1, 510, 507, 58, 510, 58, 4, 511, 508, 60, 511, 60, 7, 512, 509, 1,
            512, 1, 0, 513, 510, 4, 513, 4, 3, 477, 475, 497, 514, 511, 7, 515, 512, 0, 515, 0, 9, 516, 513, 3,
            516, 3, 11, 517, 514, 6, 517, 6, 13, 518, 515, 9, 518, 9, 15, 519, 516, 11, 519, 11, 17, 520, 517, 13,
            520, 13, 19, 514, 7, 6, 420, 418, 442, 476, 501, 502, 475, 500, 497, 405, 457, 460, 406, 402, 458, 406, 458, 461,
            407, 404, 459, 407, 459, 462, 398, 405, 460, 398, 460, 399, 408, 406, 461, 408, 461, 434, 409, 407, 462, 409, 462, 436,
            463, 464, 465, 463, 465, 466, 441, 440, 467, 441, 467, 468, 442, 430, 433, 442, 433, 469, 443, 441, 468, 443, 468, 470,
            444, 442, 469, 444, 469, 464, 445, 443, 470, 445, 470, 471, 446, 444, 464, 446, 464, 463, 405, 367, 457, 447, 445, 471,
            404, 456, 459, 402, 455, 458, 421, 419, 443, 421, 443, 445, 422, 420, 444, 422, 444, 446, 423, 421, 445, 423, 445, 447,
            424, 422, 446, 424, 446, 448, 425, 423, 447, 425, 447, 449, 426, 424, 448, 426, 448, 450, 427, 425, 449, 427, 449, 451,
            428, 426, 450, 428, 450, 452, 366, 427, 451, 366, 451, 453, 401, 429, 454, 401, 454, 455, 403, 428, 452, 403, 452, 456,
            367, 366, 453, 367, 453, 457, 402, 401, 455, 404, 403, 456, 447, 471, 472, 448, 446, 463, 448, 463, 473, 436, 462, 487,
            436, 487, 490, 400, 399, 488, 400, 488, 491, 435, 434, 489, 435, 489, 492, 437, 436, 490, 437, 490, 493, 438, 400, 491,
            438, 491, 494, 439, 435, 492, 439, 492, 495, 431, 438, 494, 431, 494, 432, 440, 439, 495, 440, 495, 467, 496, 497, 45,
            496, 45, 49, 472, 471, 498, 472, 498, 499, 473, 463, 466, 473, 466, 500, 474, 472, 499, 474, 499, 501, 475, 473, 500,
            434, 486, 489, 434, 461, 486, 399, 485, 488, 399, 460, 485, 449, 447, 472, 449, 472, 474, 450, 448, 473, 450, 473, 475,
            451, 449, 474, 451, 474, 476, 452, 450, 475, 452, 475, 477, 453, 451, 476, 453, 476, 478, 455, 454, 479, 455, 479, 480,
            476, 474, 501, 456, 452, 477, 457, 453, 478, 457, 478, 482, 458, 455, 480, 458, 480, 483, 459, 456, 481, 459, 481, 484,
            460, 457, 482, 460, 482, 485, 461, 458, 483, 461, 483, 486, 462, 459, 484, 462, 484, 487, 456, 477, 481, 235, 234, 321,
            216, 233, 232, 271, 297, 320, 68, 156, 160, 76, 75, 158, 76, 158, 161, 80, 79, 159, 80, 159, 162, 82, 68, 160,
            82, 160, 163, 84, 76, 161, 84, 161, 164, 86, 80, 162, 86, 162, 165, 70, 82, 163, 70, 163, 71, 89, 84, 164,
            89, 164, 137, 91, 86, 165, 91, 165, 139, 166, 167, 168, 166, 168, 169, 144, 143, 170, 144, 170, 171, 145, 133, 136,
            145, 136, 172, 146, 144, 171, 146, 171, 173, 68, 67, 156, 147, 145, 172, 79, 155, 159, 75, 157, 158, 110, 106, 133,
            110, 133, 145, 112, 108, 144, 112, 144, 146, 114, 110, 145, 114, 145, 147, 116, 112, 146, 116, 146, 148, 118, 114, 147,
            118, 147, 149, 120, 116, 148, 120, 148, 150, 122, 118, 149, 122, 149, 151, 124, 120, 150, 124, 150, 152, 126, 122, 151,
            126, 151, 153, 128, 124, 152, 128, 152, 154, 130, 126, 153, 130, 153, 155, 67, 128, 154, 67, 154, 156, 75, 132, 157,
            79, 130, 155, 108, 143, 144, 147, 172, 167, 148, 173, 174, 164, 186, 189, 165, 162, 187, 165, 187, 190, 71, 163, 188,
            71, 188, 191, 137, 164, 189, 137, 189, 192, 139, 165, 190, 139, 190, 193, 72, 71, 191, 72, 191, 194, 138, 137, 192,
            138, 192, 195, 140, 139, 193, 140, 193, 196, 141, 72, 194, 141, 194, 197, 142, 138, 195, 142, 195, 198, 134, 141, 197,
            134, 197, 135, 143, 142, 198, 143, 198, 170, 199, 200, 201, 199, 201, 202, 164, 161, 186, 148, 146, 173, 163, 185, 188,
            162, 184, 187, 149, 147, 167, 149, 167, 166, 150, 148, 174, 150, 174, 175, 151, 149, 166, 151, 166, 176, 152, 150, 175,
            152, 175, 177, 153, 151, 176, 153, 176, 178, 154, 152, 177, 154, 177, 179, 155, 153, 178, 155, 178, 180, 156, 154, 179,
            156, 179, 181, 158, 157, 182, 158, 182, 183, 159, 155, 180, 159, 180, 184, 160, 156, 181, 160, 181, 185, 161, 158, 183,
            161, 183, 186, 162, 159, 184, 163, 160, 185, 175, 174, 203, 108, 104, 143, 106, 102, 134, 1, 56, 62, 4, 58, 63,
            7, 60, 64, 65, 66, 67, 65, 67, 68, 69, 70, 71, 69, 71, 72, 73, 74, 75, 73, 75, 76, 77, 78, 79,
            77, 79, 80, 81, 65, 68, 81, 68, 82, 83, 73, 76, 83, 76, 84, 85, 77, 80, 85, 80, 86, 87, 81, 82,
            87, 82, 70, 88, 83, 84, 88, 84, 89, 90, 85, 86, 90, 86, 91, 92, 87, 70, 92, 70, 69, 60, 53, 61,
            93, 88, 89, 58, 51, 59, 53, 54, 55, 0, 1, 2, 3, 4, 5, 6, 7, 8, 9, 0, 10, 11, 3, 12,
            13, 6, 14, 15, 9, 16, 17, 11, 18, 19, 13, 20, 21, 17, 22, 23, 19, 24, 25, 21, 26, 27, 23, 28,
            29, 25, 30, 31, 27, 32, 33, 29, 34, 35, 31, 36, 37, 33, 38, 39, 35, 40, 41, 37, 42, 43, 39, 44,
            45, 41, 46, 47, 43, 48, 271, 320, 323, 51, 47, 52, 56, 49, 57, 106, 134, 133, 93, 89, 94, 95, 91, 96,
            125, 122, 126, 127, 123, 124, 127, 124, 128, 129, 125, 126, 129, 126, 130, 66, 127, 128, 66, 128, 67, 74, 131, 132,
            74, 132, 75, 78, 129, 130, 78, 130, 79, 133, 134, 135, 133, 135, 136, 94, 89, 137, 94, 137, 138, 96, 91, 139,
            96, 139, 140, 98, 69, 72, 98, 72, 141, 100, 94, 138, 100, 138, 142, 102, 98, 141, 102, 141, 134, 104, 100, 142,
            104, 142, 143, 125, 121, 122, 95, 90, 91, 123, 120, 124, 121, 118, 122, 97, 92, 69, 97, 69, 98, 99, 93, 94,
            99, 94, 100, 101, 97, 98, 101, 98, 102, 103, 99, 100, 103, 100, 104, 105, 101, 102, 105, 102, 106, 107, 103, 104,
            107, 104, 108, 109, 105, 106, 109, 106, 110, 111, 107, 108, 111, 108, 112, 113, 109, 110, 113, 110, 114, 115, 111, 112,
            115, 112, 116, 117, 113, 114, 117, 114, 118, 119, 115, 116, 119, 116, 120, 121, 117, 118, 123, 119, 120, 175, 203, 204,
            49, 45, 50, 176, 169, 205, 255, 278, 280, 256, 254, 279, 256, 279, 281, 257, 255, 280, 257, 280, 282, 258, 256, 281,
            258, 281, 283, 259, 257, 282, 259, 282, 284, 260, 258, 283, 260, 283, 285, 261, 259, 284, 261, 284, 286, 262, 260, 285,
            262, 285, 287, 263, 261, 286, 263, 286, 288, 264, 262, 287, 264, 287, 289, 201, 263, 288, 201, 288, 290, 236, 264, 289,
            236, 289, 291, 202, 201, 290, 202, 290, 292, 255, 253, 278, 237, 236, 291, 254, 265, 279, 253, 277, 278, 200, 205, 263,
            200, 263, 201, 207, 206, 264, 207, 264, 236, 265, 266, 267, 265, 267, 268, 244, 242, 269, 244, 269, 270, 245, 243, 271,
            245, 271, 272, 246, 232, 235, 246, 235, 273, 247, 244, 270, 247, 270, 274, 248, 245, 272, 248, 272, 275, 249, 246, 273,
            249, 273, 266, 250, 247, 274, 250, 274, 276, 251, 248, 275, 251, 275, 277, 252, 249, 266, 252, 266, 265, 253, 251, 277,
            254, 252, 265, 206, 262, 264, 237, 291, 293, 239, 294, 295, 287, 285, 308, 287, 308, 310, 288, 286, 309, 288, 309, 311,
            289, 287, 310, 289, 310, 312, 290, 288, 311, 290, 311, 313, 291, 289, 312, 291, 312, 314, 292, 290, 313, 292, 313, 315,
            293, 291, 314, 293, 314, 316, 295, 294, 317, 295, 317, 318, 296, 292, 315, 296, 315, 319, 297, 293, 316, 297, 316, 320,
            234, 295, 318, 234, 318, 321, 269, 296, 319, 269, 319, 322, 176, 166, 169, 286, 307, 309, 239, 238, 294, 286, 284, 307,
            285, 283, 298, 240, 202, 292, 240, 292, 296, 241, 237, 293, 241, 293, 297, 233, 239, 295, 233, 295, 234, 242, 240, 296,
            242, 296, 269, 243, 241, 297, 243, 297, 271, 298, 299, 300, 298, 300, 301, 278, 277, 302, 278, 302, 303, 279, 265, 268,
            279, 268, 304, 280, 278, 303, 280, 303, 305, 281, 279, 304, 282, 280, 305, 282, 305, 306, 283, 281, 299, 283, 299, 298,
            284, 282, 306, 284, 306, 307, 285, 298, 308, 206, 204, 262, 281, 304, 299, 205, 169, 261, 192, 216, 219, 193, 190, 217,
            193, 217, 220, 194, 191, 218, 194, 218, 221, 195, 192, 219, 195, 219, 222, 196, 193, 220, 196, 220, 223, 197, 194, 221,
            197, 221, 224, 198, 195, 222, 198, 222, 225, 135, 197, 224, 135, 224, 226, 170, 198, 225, 170, 225, 227, 136, 135, 226,
            136, 226, 228, 171, 170, 227, 171, 227, 229, 172, 136, 228, 172, 228, 230, 173, 171, 229, 173, 229, 231, 192, 189, 216,
            167, 172, 230, 191, 215, 218, 190, 214, 217, 177, 175, 204, 205, 261, 263, 177, 204, 206, 178, 176, 205, 178, 205, 200,
            179, 177, 206, 179, 206, 207, 180, 178, 200, 180, 200, 199, 181, 179, 207, 181, 207, 208, 183, 182, 209, 183, 209, 210,
            184, 180, 199, 184, 199, 211, 185, 181, 208, 185, 208, 212, 186, 183, 210, 186, 210, 213, 187, 211, 214, 188, 185, 212,
            188, 212, 215, 189, 186, 213, 189, 213, 216, 190, 187, 214, 191, 188, 215, 167, 230, 168, 187, 184, 211, 174, 231, 203,
            223, 220, 247, 223, 247, 250, 224, 221, 248, 224, 248, 251, 225, 222, 249, 225, 249, 252, 226, 224, 251, 226, 251, 253,
            227, 225, 252, 227, 252, 254, 228, 226, 253, 228, 253, 255, 222, 246, 249, 229, 227, 254, 230, 255, 257, 231, 229, 256,
            231, 256, 258, 168, 230, 257, 168, 257, 259, 203, 231, 258, 203, 258, 260, 169, 168, 259, 169, 259, 261, 204, 260, 262,
            174, 173, 231, 204, 203, 260, 229, 254, 256, 222, 219, 246, 230, 228, 255, 221, 218, 245, 232, 233, 234, 232, 234, 235,
            208, 207, 236, 221, 245, 248, 208, 236, 237, 210, 209, 238, 210, 238, 239, 211, 199, 202, 212, 208, 237, 212, 237, 241,
            213, 210, 239, 213, 239, 233, 214, 211, 240, 211, 202, 240, 215, 212, 241, 219, 232, 246, 214, 240, 242, 220, 217, 244,
            218, 243, 245, 220, 244, 247, 219, 216, 232, 218, 215, 243, 217, 242, 244, 217, 214, 242, 216, 213, 233, 215, 241, 243
        ]
    }

    def Mesh "collision_2" (
        prepend apiSchemas = ["PhysicsCollisionAPI", "PhysicsMeshCollisionAPI"]
    )
    {
        uniform bool doubleSided = 0
        uniform token subdivisionScheme = "none"
        uniform token visibility = "invisible"
        bool physics:collisionEnabled = 1
        uniform token physics:approximation = "convexHull"
        point3f[] points = [
            (-0.0138576999, -8.1543563e-09, -0.0297372822),
            (-0.0135914274, -0.00270351116, -0.0297372822),
            (-0.0160088949, -0.00318437489, -0.0283729691),
            (-0.0163225271, -7.92518051e-09, -0.028372971),
            (0.00906831026, 0.0135716759, -0.0283729728),
            (0.00624636095, 0.0150800394, -0.0283729728),
            (0.00664701266, 0.0160473008, -0.0199597102),
            (0.00964996684, 0.0144421868, -0.0199597102),
            (0.00530311232, 0.0128028365, -0.0297372859),
            (0.00270350324, 0.013591419, -0.0297372859),
            (0.00318436697, 0.0160088856, -0.0283729728),
            (0.0115222558, -0.00769893359, -0.0297372822),
            (0.0128028449, -0.00530312071, -0.0297372822),
            (0.0150800478, -0.00624636887, -0.0283729691),
            (0.0135716842, -0.00906831771, -0.0283729691),
            (-0.00979887322, -0.0097988816, -0.0297372822),
            (-0.00769892568, -0.0115222642, -0.0297372803),
            (-0.00906831026, -0.0135716917, -0.0283729691),
            (-0.0115417689, -0.0115417773, -0.0283729691),
            (-0.00769892568, 0.0115222475, -0.029737284),
            (-0.00979887322, 0.00979886483, -0.029737284),
            (-0.0115417689, 0.0115417615, -0.0283729728),
            (-0.00906831026, 0.0135716759, -0.0283729728),
            (0.0135914274, 0.00270349486, -0.029737284),
            (0.0128028449, 0.00530310441, -0.029737284),
            (0.0150800478, 0.00624635303, -0.028372971),
            (0.0160088949, 0.00318435906, -0.028372971),
            (0, -0.0138577074, -0.0297372803),
            (0.00270350324, -0.0135914357, -0.0297372803),
            (0.00318436697, -0.0160089023, -0.0283729673),
            (2.38119836e-11, -0.0163225345, -0.0283729673),
            (-0.0135914274, 0.00270349486, -0.029737284),
            (-0.0160088949, 0.00318435906, -0.028372971),
            (0.00769892568, 0.0115222475, -0.029737284),
            (0.00979887322, -0.0097988816, -0.0297372822),
            (0.0115417689, -0.0115417773, -0.0283729691),
            (-0.0115222558, -0.00769893359, -0.0297372822),
            (-0.0135716842, -0.00906831771, -0.0283729691),
            (-0.00530311232, 0.0128028365, -0.0297372859),
            (-0.00624636095, 0.0150800394, -0.0283729728),
            (0.0138576999, -8.1543563e-09, -0.0297372822),
            (0.0163225271, -7.92518051e-09, -0.028372971),
            (-0.00270350324, -0.0135914357, -0.0297372803),
            (-0.00318436697, -0.0160089023, -0.0283729673),
            (-0.0128028449, 0.00530310441, -0.029737284),
            (-0.0150800478, 0.00624635303, -0.028372971),
            (0.00979887322, 0.00979886483, -0.029737284),
            (0.0115417689, 0.0115417615, -0.0283729728),
            (0.00769892568, -0.0115222642, -0.0297372803),
            (0.00906831026, -0.0135716917, -0.0283729691),
            (-0.0128028449, -0.00530312071, -0.0297372822),
            (-0.0150800478, -0.00624636887, -0.0283729691),
            (-0.00270350324, 0.013591419, -0.0297372859),
            (-0.00318436697, 0.0160088856, -0.0283729728),
            (0.0135914274, -0.00270351116, -0.0297372822),
            (0.0160088949, -0.00318437489, -0.0283729691),
            (-0.00530311232, -0.0128028532, -0.0297372803),
            (-0.00624636095, -0.0150800552, -0.0283729673),
            (-0.0115222558, 0.0076989173, -0.029737284),
            (-0.0135716842, 0.00906830188, -0.0283729728),
            (0.0115222558, 0.0076989173, -0.029737284),
            (0.0135716842, 0.00906830188, -0.0283729728),
            (0.00530311232, -0.0128028532, -0.0297372803),
            (0.00624636095, -0.0150800552, -0.0283729673),
            (0, 0.0138576915, -0.0297372859),
            (2.38119836e-11, 0.0163225178, -0.0283729728),
            (0, 0.0138576915, -0.0297372859),
            (2.38119836e-11, 0.0163225178, -0.0283729728),
            (0.0160473064, 0.00664700614, -0.0199597102),
            (0.0144421933, 0.00964996032, -0.0199597102),
            (0.0168180019, 0.0112374267, -0.00870412552),
            (0.0186871644, 0.00774047291, -0.00870412552),
            (-0.00964996684, 0.0144421868, -0.0199597102),
            (-0.00664701266, 0.0160473008, -0.0199597102),
            (-2.15453072e-11, -0.0173694864, -0.0199597065),
            (-0.00338861719, -0.0170357358, -0.0199597065),
            (0.0122820772, 0.0122820707, -0.0199597102),
            (-0.00338861719, 0.0170357227, -0.0199597102),
            (-0.00664701266, -0.0160473138, -0.0199597065),
            (-2.15453072e-11, 0.0173694734, -0.0199597102),
            (-0.00964996684, -0.0144421998, -0.0199597065),
            (-0.0122820772, -0.0122820837, -0.0199597065),
            (0.0170357302, 0.00338861113, -0.0199597065),
            (-0.0144421933, -0.00964997336, -0.0199597065),
            (0.0173694808, -6.5424488e-09, -0.0199597065),
            (-0.0160473064, -0.00664701918, -0.0199597065),
            (0.0170357302, -0.00338862417, -0.0199597065),
            (-0.0170357302, -0.00338862417, -0.0199597065),
            (0.0160473064, -0.00664701918, -0.0199597065),
            (-0.0173694808, -6.5424488e-09, -0.0199597065),
            (0.0144421933, -0.00964997336, -0.0199597065),
            (-0.0170357302, 0.00338861113, -0.0199597065),
            (0.0122820772, -0.0122820837, -0.0199597065),
            (-0.0160473064, 0.00664700614, -0.0199597102),
            (0.00964996684, -0.0144421998, -0.0199597065),
            (-0.0144421933, 0.00964996032, -0.0199597102),
            (0.00664701266, -0.0160473138, -0.0199597065),
            (-2.15453072e-11, 0.0173694734, -0.0199597102),
            (0.00338861765, 0.0170357227, -0.0199597102),
            (-0.0122820772, 0.0122820707, -0.0199597102),
            (0.00338861765, -0.0170357358, -0.0199597065),
            (0.0198381878, -0.00394606544, -0.00870412552),
            (0.0202268399, -4.67362993e-09, -0.00870412552),
            (0.0260411836, -2.40610154e-09, 0.00505269355),
            (0.0255408082, -0.00508038513, 0.005052701),
            (-0.0112374313, -0.0168180075, -0.0087041218),
            (-0.0143025368, -0.0143025406, -0.0087041218),
            (0.0198381878, 0.00394605659, -0.00870412552),
            (-0.0168180019, -0.011237436, -0.0087041218),
            (-0.0186871644, -0.00774048222, -0.0087041218),
            (-0.0198381878, -0.00394606544, -0.00870412552),
            (0.0186871644, -0.00774048222, -0.0087041218),
            (-0.0202268399, -4.67362993e-09, -0.00870412552),
            (0.0168180019, -0.011237436, -0.0087041218),
            (-0.0198381878, 0.00394605659, -0.00870412552),
            (0.0143025368, -0.0143025406, -0.0087041218),
            (-0.0186871644, 0.00774047291, -0.00870412552),
            (0.0112374313, -0.0168180075, -0.0087041218),
            (-0.0168180019, 0.0112374267, -0.00870412552),
            (0.0077404785, -0.0186871681, -0.0087041218),
            (3.11708853e-10, 0.0202268362, -0.00870412925),
            (0.00394606125, 0.0198381823, -0.00870412925),
            (-0.0143025368, 0.0143025313, -0.00870412552),
            (0.00394606125, -0.0198381916, -0.0087041218),
            (0.0077404785, 0.0186871588, -0.00870412925),
            (-0.0112374313, 0.0168179981, -0.00870412925),
            (3.11708853e-10, -0.0202268455, -0.0087041218),
            (0.0112374313, 0.0168179981, -0.00870412925),
            (-0.00774047663, 0.0186871588, -0.00870412925),
            (-0.00394606031, -0.0198381916, -0.0087041218),
            (0.0143025368, 0.0143025313, -0.00870412552),
            (-0.00394606031, 0.0198381823, -0.00870412925),
            (-0.00774047663, -0.0186871681, -0.0087041218),
            (3.11708853e-10, 0.0202268362, -0.00870412925),
            (0.0184138957, -0.0184138976, 0.005052701),
            (0.0216524508, -0.0144677088, 0.005052701),
            (0.0236910786, -0.0158298742, 0.0100551773),
            (0.0201476067, -0.0201476086, 0.0100551847),
            (-0.0240589157, -0.00996553246, 0.005052701),
            (-0.0255408082, -0.00508038513, 0.005052701),
            (0.0240589157, -0.00996553246, 0.005052701),
            (-0.0260411836, -2.40610154e-09, 0.00505269355),
            (-0.0255408082, 0.00508038048, 0.00505269355),
            (-0.0240589157, 0.0099655278, 0.00505269355),
            (0.0144677069, -0.0216524526, 0.005052701),
            (-0.0216524508, 0.0144677041, 0.00505269355),
            (0.00996553153, -0.0240589175, 0.005052701),
            (6.66308786e-10, 0.0260411799, 0.00505269355),
            (0.00508038374, 0.0255408064, 0.00505269355),
            (-0.0184138957, 0.0184138939, 0.00505269355),
            (0.00508038374, -0.0255408101, 0.005052701),
            (0.00996553153, 0.0240589119, 0.00505269355),
            (-0.0144677069, 0.0216524489, 0.00505269355),
            (6.66308786e-10, -0.0260411855, 0.005052701),
            (0.0144677069, 0.0216524489, 0.00505269355),
            (-0.00996552873, 0.0240589119, 0.00505269355),
            (-0.00508038141, -0.0255408101, 0.005052701),
            (0.0184138957, 0.0184138939, 0.00505269355),
            (-0.00508038141, 0.0255408064, 0.00505269355),
            (-0.00996552873, -0.0240589175, 0.005052701),
            (0.0216524508, 0.0144677041, 0.00505269355),
            (6.66308786e-10, 0.0260411799, 0.00505269355),
            (-0.0144677069, -0.0216524526, 0.005052701),
            (0.0240589157, 0.0099655278, 0.00505269355),
            (-0.0184138957, -0.0184138976, 0.005052701),
            (0.0255408082, 0.00508038048, 0.00505269355),
            (-0.0216524508, -0.0144677088, 0.005052701),
            (-0.0279455353, 0.00555871148, 0.0100551773),
            (-0.0263241176, 0.0109038055, 0.0100551773),
            (0.0158298742, -0.0236910805, 0.0100551847),
            (-0.0236910786, 0.0158298723, 0.0100551773),
            (0.0109038083, -0.0263241194, 0.0100551847),
            (8.44398051e-10, 0.0284930188, 0.0100551698),
            (0.00555871334, 0.0279455334, 0.0100551698),
            (-0.0201476067, 0.0201476049, 0.0100551773),
            (0.00555871334, -0.0279455371, 0.0100551847),
            (0.0109038083, 0.0263241157, 0.0100551773),
            (-0.0158298742, 0.0236910768, 0.0100551773),
            (8.44398051e-10, -0.0284930207, 0.0100551847),
            (0.0158298742, 0.0236910768, 0.0100551773),
            (-0.0109038064, 0.0263241157, 0.0100551773),
            (-0.00555871148, -0.0279455371, 0.0100551847),
            (0.0201476067, 0.0201476049, 0.0100551773),
            (-0.00555871148, 0.0279455334, 0.0100551698),
            (-0.0109038064, -0.0263241194, 0.0100551847),
            (0.0236910786, 0.0158298723, 0.0100551773),
            (8.44398051e-10, 0.0284930188, 0.0100551698),
            (-0.0158298742, -0.0236910805, 0.0100551847),
            (0.0263241176, 0.0109038055, 0.0100551773),
            (-0.0201476067, -0.0201476086, 0.0100551847),
            (0.0279455353, 0.00555871148, 0.0100551773),
            (-0.0236910786, -0.0158298742, 0.0100551773),
            (0.0284930207, -1.55825652e-09, 0.0100551773),
            (-0.0263241176, -0.0109038092, 0.0100551773),
            (0.0279455353, -0.00555871427, 0.0100551773),
            (-0.0279455353, -0.00555871427, 0.0100551773),
            (0.0263241176, -0.0109038092, 0.0100551773),
            (-0.0284930207, -1.55825652e-09, 0.0100551773)
        ]
        int[] faceVertexCounts = [
            3, 3, 3, 3, 3, 3, 3, 3, 3, 3, 3, 3, 3, 3, 3, 3, 3, 3, 3, 3, 3, 3, 3, 3,
            3, 3, 3, 3, 3, 3, 3, 3, 3, 3, 3, 3, 3, 3, 3, 3, 3, 3, 3, 3, 3, 3, 3, 3,
            3, 3, 3, 3, 3, 3, 3, 3, 3, 3, 3, 3, 3, 3, 3, 3, 3, 3, 3, 3, 3, 3, 3, 3,
            3, 3, 3, 3, 3, 3, 3, 3, 3, 3, 3, 3, 3, 3, 3, 3, 3, 3, 3, 3, 3, 3, 3, 3,
            3, 3, 3, 3, 3, 3, 3, 3, 3, 3, 3, 3, 3, 3, 3, 3, 3, 3, 3, 3, 3, 3, 3, 3,
            3, 3, 3, 3, 3, 3, 3, 3, 3, 3, 3, 3, 3, 3, 3, 3, 3, 3, 3, 3, 3, 3, 3, 3,
            3, 3, 3, 3, 3, 3, 3, 3, 3, 3, 3, 3, 3, 3, 3, 3, 3, 3, 3, 3, 3, 3, 3, 3,
            3, 3, 3, 3, 3, 3, 3, 3, 3, 3, 3, 3, 3, 3, 3, 3, 3, 3, 3, 3, 3, 3, 3, 3,
            3, 3, 3, 3, 3, 3, 3, 3, 3, 3, 3, 3, 3, 3, 3, 3, 3, 3, 3, 3, 3, 3, 3, 3,
            3, 3, 3, 3, 3, 3, 3, 3, 3, 3, 3, 3, 3, 3, 3, 3, 3, 3, 3, 3, 3, 3, 3, 3,
            3, 3, 3, 3, 3, 3, 3, 3, 3, 3, 3, 3, 3, 3, 3, 3, 3, 3, 3, 3, 3, 3, 3, 3,
            3, 3, 3, 3, 3, 3, 3, 3, 3, 3, 3, 3, 3, 3, 3, 3, 3, 3, 3, 3, 3, 3, 3, 3,
            3, 3, 3, 3, 3, 3, 3, 3, 3, 3, 3, 3, 3, 3, 3, 3, 3, 3, 3, 3, 3, 3, 3, 3,
            3, 3, 3, 3, 3, 3, 3, 3
        ]
        int[] faceVertexIndices = [
            121, 120, 147, 119, 117, 144, 118, 143, 145, 121, 147, 148, 119, 144, 146, 118, 116, 143, 116, 142, 143, 117, 115, 134,
            116, 114, 142, 115, 135, 134, 115, 113, 135, 113, 140, 135, 114, 112, 141, 122, 118, 145, 114, 141, 142, 117, 134, 144,
            122, 145, 149, 128, 125, 152, 123, 146, 150, 131, 155, 158, 131, 128, 155, 113, 111, 140, 130, 154, 157, 130, 127, 154,
            129, 153, 156, 129, 126, 153, 123, 119, 146, 128, 152, 155, 127, 124, 151, 126, 150, 153, 126, 123, 150, 125, 149, 152,
            125, 122, 149, 124, 148, 151, 124, 121, 148, 127, 151, 154, 112, 139, 141, 74, 100, 123, 111, 104, 140, 7, 124, 127,
            7, 6, 124, 74, 123, 126, 72, 122, 125, 72, 99, 122, 6, 121, 124, 6, 98, 121, 73, 72, 125, 100, 119, 123,
            99, 118, 122, 99, 95, 118, 98, 120, 121, 98, 97, 120, 96, 117, 119, 132, 129, 156, 96, 94, 117, 100, 96, 119,
            73, 125, 128, 75, 74, 126, 75, 126, 129, 111, 101, 104, 110, 138, 139, 110, 109, 138, 134, 136, 137, 134, 135, 136,
            80, 132, 105, 80, 78, 132, 79, 131, 133, 79, 77, 131, 69, 130, 70, 69, 76, 130, 78, 129, 132, 78, 75, 129,
            77, 128, 131, 77, 73, 128, 76, 127, 130, 76, 7, 127, 112, 110, 139, 132, 156, 159, 163, 160, 185, 70, 157, 160,
            164, 187, 189, 164, 162, 187, 163, 185, 188, 162, 184, 187, 162, 159, 184, 161, 183, 186, 161, 158, 183, 165, 163, 188,
            160, 182, 185, 159, 181, 184, 159, 156, 181, 158, 180, 183, 158, 155, 180, 157, 179, 182, 157, 154, 179, 156, 178, 181,
            160, 157, 182, 165, 188, 190, 166, 164, 189, 166, 189, 191, 95, 116, 118, 142, 197, 167, 142, 141, 197, 135, 196, 136,
            135, 140, 196, 141, 195, 197, 141, 139, 195, 140, 194, 196, 140, 104, 194, 139, 193, 195, 139, 138, 193, 104, 192, 194,
            104, 103, 192, 138, 191, 193, 138, 166, 191, 103, 190, 192, 103, 165, 190, 156, 153, 178, 70, 130, 157, 155, 177, 180,
            154, 176, 179, 109, 166, 138, 109, 108, 166, 102, 165, 103, 102, 107, 165, 108, 164, 166, 108, 106, 164, 107, 163, 165,
            143, 142, 167, 107, 71, 163, 106, 105, 162, 71, 160, 163, 71, 70, 160, 105, 159, 162, 105, 132, 159, 133, 158, 161,
            133, 131, 158, 106, 162, 164, 143, 167, 168, 144, 134, 137, 144, 137, 169, 154, 151, 176, 153, 175, 178, 153, 150, 175,
            152, 174, 177, 152, 149, 174, 151, 173, 176, 151, 148, 173, 150, 171, 175, 150, 146, 171, 149, 170, 174, 149, 145, 170,
            148, 172, 173, 148, 147, 172, 146, 169, 171, 146, 144, 169, 145, 168, 170, 145, 143, 168, 155, 152, 177, 95, 93, 116,
            37, 81, 83, 94, 92, 115, 66, 53, 67, 66, 52, 53, 9, 65, 10, 9, 64, 65, 1, 51, 2, 1, 50, 51,
            62, 49, 63, 12, 54, 55, 62, 48, 49, 60, 46, 47, 58, 45, 59, 58, 44, 45, 56, 43, 57, 56, 42, 43,
            54, 41, 55, 54, 40, 41, 60, 47, 61, 52, 39, 53, 12, 55, 13, 16, 57, 17, 53, 73, 77, 53, 39, 73,
            47, 7, 76, 47, 4, 7, 43, 74, 75, 43, 30, 74, 39, 72, 73, 16, 56, 57, 39, 22, 72, 68, 69, 70,
            28, 63, 29, 28, 62, 63, 24, 61, 25, 24, 60, 61, 20, 59, 21, 20, 58, 59, 68, 70, 71, 57, 43, 75,
            52, 38, 39, 50, 36, 37, 27, 29, 30, 27, 28, 29, 23, 25, 26, 23, 24, 25, 19, 21, 22, 19, 20, 21,
            15, 17, 18, 31, 0, 3, 15, 16, 17, 11, 12, 13, 8, 10, 5, 8, 9, 10, 4, 6, 7, 4, 5, 6,
            0, 2, 3, 0, 1, 2, 11, 13, 14, 50, 37, 51, 31, 3, 32, 33, 5, 4, 48, 35, 49, 48, 34, 35,
            46, 4, 47, 46, 33, 4, 94, 115, 117, 44, 31, 32, 42, 30, 43, 33, 8, 5, 42, 27, 30, 40, 23, 26,
            38, 22, 39, 38, 19, 22, 36, 18, 37, 36, 15, 18, 34, 14, 35, 34, 11, 14, 40, 26, 41, 57, 75, 78,
            44, 32, 45, 61, 76, 69, 84, 82, 107, 83, 106, 108, 83, 81, 106, 82, 68, 71, 81, 105, 106, 81, 80, 105,
            101, 103, 104, 84, 107, 102, 101, 102, 103, 30, 29, 100, 22, 99, 72, 22, 21, 99, 5, 98, 6, 5, 10, 98,
            29, 96, 100, 29, 63, 96, 30, 100, 74, 21, 95, 99, 85, 83, 108, 86, 84, 102, 61, 47, 76, 93, 114, 116,
            93, 91, 114, 92, 113, 115, 92, 90, 113, 91, 112, 114, 91, 89, 112, 85, 108, 109, 90, 111, 113, 89, 110, 112,
            89, 87, 110, 88, 101, 111, 88, 86, 101, 87, 109, 110, 87, 85, 109, 86, 102, 101, 90, 88, 111, 21, 59, 95,
            82, 71, 107, 10, 65, 97, 55, 84, 86, 55, 41, 84, 51, 83, 85, 51, 37, 83, 41, 82, 84, 41, 26, 82,
            37, 18, 81, 26, 68, 82, 26, 25, 68, 18, 80, 81, 18, 17, 80, 25, 69, 68, 25, 61, 69, 10, 97, 98,
            17, 57, 78, 67, 77, 79, 67, 53, 77, 2, 51, 85, 2, 85, 87, 17, 78, 80, 13, 86, 88, 63, 94, 96,
            13, 55, 86, 59, 93, 95, 59, 45, 93, 49, 92, 94, 49, 35, 92, 45, 91, 93, 45, 32, 91, 63, 49, 94,
            35, 14, 90, 32, 89, 91, 32, 3, 89, 14, 88, 90, 14, 13, 88, 3, 2, 87, 35, 90, 92, 3, 87, 89
        ]
    }

    def Mesh "collision_3" (
        prepend apiSchemas = ["PhysicsCollisionAPI", "PhysicsMeshCollisionAPI"]
    )
    {
        uniform bool doubleSided = 0
        uniform token subdivisionScheme = "none"
        uniform token visibility = "invisible"
        bool physics:collisionEnabled = 1
        uniform token physics:approximation = "convexHull"
        point3f[] points = [
            (0.00586913247, 0.00459515024, -0.0547933477),
            (0.00634677522, 0.00389661896, -0.0547933477),
            (0.0037654771, 0.00234003831, -0.0589999997),
            (0.00348209636, 0.00275446987, -0.0589999997),
            (0.00704869395, 0.00235963217, -0.0547933477),
            (0.00726381876, 0.00154121325, -0.0547933472),
            (0.00430954946, 0.00094259996, -0.0589999994),
            (0.00418191776, 0.00142815965, -0.0589999995),
            (0.000423110032, -0.00732997479, -0.0547933458),
            (-0.000423110061, -0.00732997479, -0.0547933458),
            (-0.000251026882, -0.00432058517, -0.0589999986),
            (0.000251026853, -0.00432058517, -0.0589999986),
            (0.00288505037, -0.00675747544, -0.0547933458),
            (0.00208804267, -0.00704184733, -0.0547933458),
            (0.00123881432, -0.00414964231, -0.0589999986),
            (0.00171167089, -0.00398092717, -0.0589999986),
            (0.00501142675, -0.00539093651, -0.0547933463),
            (0.00435633259, -0.00592660438, -0.0547933463),
            (0.00258456753, -0.00348797999, -0.0589999987),
            (0.00297322846, -0.00317017338, -0.0589999988),
            (0.00400692411, 0.00630426919, -0.0547933482),
            (0.00469153048, 0.00580687355, -0.0547933482),
            (0.00278343726, 0.00347337266, -0.0589999998),
            (0.00237726723, 0.00376847247, -0.0589999999),
            (0.00249060825, 0.00704979151, -0.0547933482),
            (0.00327008148, 0.00672038319, -0.0547933482),
            (0.00194010604, 0.00401534885, -0.0589999999),
            (0.00147765246, 0.00421078317, -0.059),
            (-0.00704869395, 0.00235963217, -0.0547933477),
            (-0.00674167881, 0.00314819417, -0.0547933477),
            (-0.00399976922, 0.00189600547, -0.0589999996),
            (-0.00418191776, 0.00142815965, -0.0589999995),
            (0.00655491743, -0.00338930171, -0.0547933468),
            (0.00611793157, -0.00411396148, -0.0547933463),
            (0.00362970633, -0.00241255714, -0.0589999989),
            (0.00388896558, -0.00198262418, -0.058999999),
            (0.00364444661, -0.00638410542, -0.0547933463),
            (0.00216221297, -0.00375941047, -0.0589999987),
            (0.00690645026, -0.00261955266, -0.0547933468),
            (0.00409752643, -0.00152593991, -0.058999999),
            (-0.00400692411, 0.00630426919, -0.0547933482),
            (-0.00327008148, 0.00672038319, -0.0547933482),
            (-0.00194010604, 0.00401534885, -0.0589999999),
            (-0.00237726723, 0.00376847247, -0.0589999999),
            (-0.00469153048, 0.00580687355, -0.0547933482),
            (-0.00278343726, 0.00347337266, -0.0589999998),
            (-0.0016786661, 0.00728819938, -0.0547933482),
            (-0.000844840019, 0.0074324985, -0.0547933482),
            (-0.000501234957, 0.00443783961, -0.059),
            (-0.000995935523, 0.00435222825, -0.059),
            (-0.00586913247, 0.00459515024, -0.0547933477),
            (-0.00531497598, 0.00523468107, -0.0547933482),
            (-0.00315332087, 0.00313389674, -0.0589999998),
            (-0.00348209636, 0.00275446987, -0.0589999997),
            (0.00126381416, -0.00723351259, -0.0547933458),
            (0.000749808096, -0.00426335493, -0.0589999986),
            (-1.04859194e-11, 0.00748080807, -0.0547933482),
            (-5.2284223e-12, 0.00446650106, -0.059),
            (0.00733599719, -0.00098538422, -0.0547933468),
            (0.00716794655, -0.00181474979, -0.0547933468),
            (0.0042526694, -0.00104845862, -0.0589999991),
            (0.00435237214, -0.000556404411, -0.0589999992),
            (0.00084483996, 0.0074324985, -0.0547933482),
            (0.0016786661, 0.00728819938, -0.0547933482),
            (0.000995935523, 0.00435222825, -0.059),
            (0.000501234899, 0.00443783961, -0.059),
            (-0.00560118863, -0.00478408486, -0.0547933463),
            (-0.00611793157, -0.00411396148, -0.0547933463),
            (-0.00362970633, -0.00241255714, -0.0589999989),
            (-0.00332312821, -0.00281013479, -0.0589999988),
            (0.00674167881, 0.00314819417, -0.0547933477),
            (0.00399976922, 0.00189600547, -0.0589999996),
            (-0.00634677522, 0.00389661896, -0.0547933477),
            (-0.0037654771, 0.00234003831, -0.0589999997),
            (-0.0074084131, -0.000142268371, -0.0547933472),
            (-0.00738424761, 0.000703606638, -0.0547933472),
            (-0.00438099867, 0.000445656653, -0.0589999994),
            (-0.00439533591, -5.61923989e-05, -0.0589999993),
            (-0.00690645026, -0.00261955266, -0.0547933468),
            (-0.00716794655, -0.00181474979, -0.0547933468),
            (-0.0042526694, -0.00104845862, -0.0589999991),
            (-0.00409752643, -0.00152593991, -0.058999999),
            (-0.00364444661, -0.00638410542, -0.0547933463),
            (-0.00435633259, -0.00592660438, -0.0547933463),
            (-0.00258456753, -0.00348797999, -0.0589999987),
            (-0.00216221297, -0.00375941047, -0.0589999987),
            (-0.00726381876, 0.00154121325, -0.0547933472),
            (-0.00430954946, 0.00094259996, -0.0589999994),
            (-0.00655491743, -0.00338930171, -0.0547933468),
            (-0.00388896558, -0.00198262418, -0.058999999),
            (0.00738424761, 0.000703606638, -0.0547933472),
            (0.0074084131, -0.000142268371, -0.0547933472),
            (0.00439533591, -5.61923989e-05, -0.0589999993),
            (0.00438099867, 0.000445656653, -0.0589999994),
            (-0.00126381416, -0.00723351259, -0.0547933458),
            (-0.000749808096, -0.00426335493, -0.0589999986),
            (-0.00208804267, -0.00704184733, -0.0547933458),
            (-0.00288505037, -0.00675747544, -0.0547933458),
            (-0.00171167089, -0.00398092717, -0.0589999986),
            (-0.00123881432, -0.00414964231, -0.0589999986),
            (-0.00249060825, 0.00704979151, -0.0547933482),
            (-0.00147765246, 0.00421078317, -0.059),
            (-0.00733599719, -0.00098538422, -0.0547933468),
            (-0.00435237214, -0.000556404411, -0.0589999992),
            (0.00560118863, -0.00478408486, -0.0547933463),
            (0.00332312821, -0.00281013479, -0.0589999988),
            (-0.00501142675, -0.00539093651, -0.0547933463),
            (-0.00297322846, -0.00317017338, -0.0589999988),
            (0.00531497598, 0.00523468107, -0.0547933482),
            (0.00315332087, 0.00313389674, -0.0589999998)
        ]
        int[] faceVertexCounts = [
            3, 3, 3, 3, 3, 3, 3, 3, 3, 3, 3, 3, 3, 3, 3, 3, 3, 3, 3, 3, 3, 3, 3, 3,
            3, 3, 3, 3, 3, 3, 3, 3, 3, 3, 3, 3, 3, 3, 3, 3, 3, 3, 3, 3, 3, 3, 3, 3,
            3, 3, 3, 3, 3, 3, 3, 3, 3, 3, 3, 3, 3, 3, 3, 3, 3, 3, 3, 3, 3, 3, 3, 3,
            3, 3, 3, 3, 3, 3, 3, 3, 3, 3, 3, 3, 3, 3, 3, 3, 3, 3, 3, 3, 3, 3, 3, 3,
            3, 3, 3, 3, 3, 3, 3, 3, 3, 3, 3, 3, 3, 3, 3, 3, 3, 3, 3, 3, 3, 3, 3, 3,
            3, 3, 3, 3, 3, 3, 3, 3, 3, 3, 3, 3, 3, 3, 3, 3, 3, 3, 3, 3, 3, 3, 3, 3,
            3, 3, 3, 3, 3, 3, 3, 3, 3, 3, 3, 3, 3, 3, 3, 3, 3, 3, 3
        ]
        int[] faceVertexIndices = [
            0, 1, 2, 33, 104, 105, 33, 105, 34, 83, 106, 107, 83, 107, 84, 76, 103, 77, 103, 76, 87, 103, 87, 80,
            108, 3, 109, 80, 87, 31, 81, 31, 30, 81, 30, 89, 89, 30, 73, 89, 73, 68, 68, 73, 53, 68, 53, 69,
            69, 53, 52, 80, 31, 81, 108, 0, 3, 21, 109, 22, 21, 108, 109, 67, 88, 89, 67, 89, 68, 79, 102, 103,
            79, 103, 80, 94, 99, 95, 104, 16, 19, 104, 19, 105, 106, 66, 69, 106, 69, 107, 75, 86, 87, 75, 87, 76,
            91, 58, 61, 91, 61, 92, 25, 20, 23, 25, 23, 26, 97, 82, 85, 97, 85, 98, 69, 52, 107, 13, 55, 14,
            107, 52, 45, 84, 45, 43, 18, 23, 22, 18, 22, 19, 19, 22, 109, 19, 109, 105, 105, 109, 3, 105, 3, 34,
            34, 3, 2, 37, 23, 18, 34, 2, 35, 35, 71, 39, 39, 71, 7, 39, 7, 60, 60, 7, 6, 60, 6, 61,
            61, 6, 93, 61, 93, 92, 35, 2, 71, 37, 26, 23, 15, 26, 37, 15, 27, 26, 84, 43, 85, 85, 43, 42,
            85, 42, 98, 98, 42, 101, 98, 101, 99, 99, 101, 49, 99, 49, 95, 95, 49, 48, 95, 48, 10, 10, 48, 57,
            10, 57, 11, 11, 57, 65, 11, 65, 55, 55, 65, 64, 55, 64, 14, 14, 64, 27, 14, 27, 15, 107, 45, 84,
            13, 54, 55, 94, 96, 99, 100, 46, 49, 40, 41, 42, 40, 42, 43, 44, 40, 43, 44, 43, 45, 46, 47, 48,
            46, 48, 49, 50, 51, 52, 50, 52, 53, 54, 8, 11, 54, 11, 55, 47, 56, 57, 47, 57, 48, 100, 49, 101,
            58, 60, 61, 62, 63, 64, 62, 64, 65, 59, 38, 39, 38, 35, 39, 59, 39, 60, 38, 32, 35, 36, 12, 15,
            0, 2, 3, 4, 5, 6, 4, 6, 7, 8, 9, 10, 8, 10, 11, 12, 13, 14, 12, 14, 15, 16, 17, 18,
            16, 18, 19, 20, 21, 22, 20, 22, 23, 24, 25, 26, 24, 26, 27, 28, 29, 30, 28, 30, 31, 32, 33, 34,
            32, 34, 35, 36, 15, 37, 66, 67, 68, 58, 59, 60, 70, 4, 7, 88, 78, 81, 88, 81, 89, 90, 91, 92,
            90, 92, 93, 66, 68, 69, 5, 93, 6, 9, 94, 95, 56, 65, 57, 9, 95, 10, 96, 98, 99, 41, 100, 101,
            41, 101, 42, 29, 72, 73, 29, 73, 30, 102, 74, 77, 102, 77, 103, 96, 97, 98, 56, 62, 65, 5, 90, 93,
            86, 28, 31, 70, 7, 71, 72, 50, 53, 86, 31, 87, 63, 24, 27, 63, 27, 64, 17, 36, 37, 17, 37, 18,
            1, 70, 71, 72, 53, 73, 51, 44, 45, 51, 45, 52, 74, 75, 76, 74, 76, 77, 78, 79, 80, 78, 80, 81,
            82, 83, 84, 82, 84, 85, 1, 71, 2
        ]
    }

    def Mesh "collision_4" (
        prepend apiSchemas = ["PhysicsCollisionAPI", "PhysicsMeshCollisionAPI"]
    )
    {
        uniform bool doubleSided = 0
        uniform token subdivisionScheme = "none"
        uniform token visibility = "invisible"
        bool physics:collisionEnabled = 1
        uniform token physics:approximation = "convexHull"
        point3f[] points = [
            (0, 0.0138576915, -0.0315935664),
            (0, 0.0138576915, -0.0297372859),
            (0.00270350324, 0.013591419, -0.0297372859),
            (0.00270350324, 0.013591419, -0.0315935664),
            (0.00530311232, 0.0128028365, -0.0297372859),
            (0.00530311232, 0.0128028365, -0.0315935664),
            (0.00769892568, 0.0115222475, -0.029737284),
            (0.00769892568, 0.0115222475, -0.0315935664),
            (0.00979887322, 0.00979886483, -0.029737284),
            (0.00979887322, 0.00979886483, -0.0315935645),
            (0.0115222558, 0.0076989173, -0.029737284),
            (0.0115222558, 0.0076989173, -0.0315935645),
            (0.0128028449, 0.00530310441, -0.029737284),
            (0.0128028449, 0.00530310394, -0.0315935645),
            (0.0135914274, 0.00270349486, -0.029737284),
            (0.0135914274, 0.00270349463, -0.0315935645),
            (0.0138576999, -8.1543563e-09, -0.0297372822),
            (0.0138576999, -8.45936832e-09, -0.0315935645),
            (0.0135914274, -0.00270351116, -0.0297372822),
            (0.0135914274, -0.00270351162, -0.0315935627),
            (0.0128028449, -0.00530312071, -0.0297372822),
            (0.0128028449, -0.00530312071, -0.0315935627),
            (0.0115222558, -0.00769893359, -0.0297372822),
            (0.0115222558, -0.00769893406, -0.0315935627),
            (0.00979887322, -0.0097988816, -0.0297372822),
            (0.00979887322, -0.0097988816, -0.0315935627),
            (0.00769892568, -0.0115222642, -0.0297372803),
            (0.00769892568, -0.0115222642, -0.0315935627),
            (0.00530311232, -0.0128028532, -0.0297372803),
            (0.00530311232, -0.0128028532, -0.0315935608),
            (0.00270350324, -0.0135914357, -0.0297372803),
            (0.00270350324, -0.0135914357, -0.0315935608),
            (0, -0.0138577074, -0.0297372803),
            (0, -0.0138577083, -0.0315935608),
            (-0.00270350324, -0.0135914357, -0.0297372803),
            (-0.00270350324, -0.0135914357, -0.0315935608),
            (-0.00530311232, -0.0128028532, -0.0297372803),
            (-0.00530311232, -0.0128028532, -0.0315935608),
            (-0.00769892568, -0.0115222642, -0.0297372803),
            (-0.00769892568, -0.0115222642, -0.0315935627),
            (-0.00979887322, -0.0097988816, -0.0297372822),
            (-0.00979887322, -0.0097988816, -0.0315935627),
            (-0.0115222558, -0.00769893359, -0.0297372822),
            (-0.0115222558, -0.00769893406, -0.0315935627),
            (-0.0128028449, -0.00530312071, -0.0297372822),
            (-0.0128028449, -0.00530312071, -0.0315935627),
            (-0.0135914274, -0.00270351116, -0.0297372822),
            (-0.0135914274, -0.00270351162, -0.0315935627),
            (-0.0138576999, -8.1543563e-09, -0.0297372822),
            (-0.0138576999, -8.45936832e-09, -0.0315935645),
            (-0.0135914274, 0.00270349486, -0.029737284),
            (-0.0135914274, 0.00270349463, -0.0315935645),
            (-0.0128028449, 0.00530310441, -0.029737284),
            (-0.0128028449, 0.00530310394, -0.0315935645),
            (-0.0115222558, 0.0076989173, -0.029737284),
            (-0.0115222558, 0.0076989173, -0.0315935645),
            (-0.00979887322, 0.00979886483, -0.029737284),
            (-0.00979887322, 0.00979886483, -0.0315935645),
            (-0.00769892568, 0.0115222475, -0.029737284),
            (-0.00769892568, 0.0115222475, -0.0315935664),
            (-0.00530311232, 0.0128028365, -0.0297372859),
            (-0.00530311232, 0.0128028365, -0.0315935664),
            (-0.00270350324, 0.013591419, -0.0297372859),
            (-0.00270350324, 0.013591419, -0.0315935664),
            (0, 0.0138576915, -0.0297372859),
            (0, 0.0138576915, -0.0315935664)
        ]
        int[] faceVertexCounts = [
            3, 3, 3, 3, 3, 3, 3, 3, 3, 3, 3, 3, 3, 3, 3, 3, 3, 3, 3, 3, 3, 3, 3, 3,
            3, 3, 3, 3, 3, 3, 3, 3, 3, 3, 3, 3, 3, 3, 3, 3, 3, 3, 3, 3, 3, 3, 3, 3,
            3, 3, 3, 3, 3, 3, 3, 3, 3, 3, 3, 3, 3, 3, 3, 3
        ]
        int[] faceVertexIndices = [
            47, 46, 48, 45, 46, 47, 45, 44, 46, 43, 44, 45, 43, 42, 44, 39, 40, 41, 41, 40, 42, 39, 38, 40,
            37, 38, 39, 37, 36, 38, 35, 36, 37, 47, 48, 49, 35, 34, 36, 41, 42, 43, 49, 48, 50, 57, 56, 58,
            51, 50, 52, 51, 52, 53, 53, 52, 54, 53, 54, 55, 55, 54, 56, 55, 56, 57, 57, 58, 59, 59, 58, 60,
            59, 60, 61, 61, 60, 62, 61, 62, 63, 63, 62, 64, 63, 64, 65, 33, 34, 35, 49, 50, 51, 33, 32, 34,
            7, 8, 9, 31, 30, 32, 31, 32, 33, 0, 1, 2, 0, 2, 3, 3, 2, 4, 3, 4, 5, 5, 4, 6,
            5, 6, 7, 7, 6, 8, 9, 10, 11, 11, 10, 12, 11, 12, 13, 13, 12, 14, 13, 14, 15, 15, 14, 16,
            9, 8, 10, 17, 16, 18, 15, 16, 17, 29, 28, 30, 27, 28, 29, 27, 26, 28, 25, 26, 27, 25, 24, 26,
            23, 24, 25, 29, 30, 31, 21, 22, 23, 21, 20, 22, 19, 20, 21, 19, 18, 20, 17, 18, 19, 23, 22, 24
        ]
    }
}
